/*******************************************************************************
 * Image: img_cat_bg
 * Size: 320x208, RGB565 (LVGL v9 lv_image_dsc_t)
 * Source: D:/MyApps/volvo-dashboard/assets/fon.jpg
 ******************************************************************************/

#ifdef LV_LVGL_H_INCLUDE_SIMPLE
#include "lvgl.h"
#else
#include "lvgl/lvgl.h"
#endif

static const uint8_t img_cat_bg_map[] = {
    0xcc,0xbc,0xcc,0xbc,0xcc,0xbc,0xcc,0xbc,0xcc,0xbc,0xcc,0xbc,0xcc,0xbc,0xcc,0xbc,
    0xcc,0xbc,0xcc,0xbc,0xcc,0xbc,0xcc,0xbc,0xcc,0xbc,0xed,0xbc,0xed,0xbc,0xed,0xbc,
    0xed,0xbc,0xed,0xbc,0xec,0xbc,0xcc,0xbc,0xcc,0xbc,0xcc,0xbc,0xcc,0xbc,0xcc,0xbc,
    0xac,0xbc,0xac,0xb4,0xac,0xb4,0xac,0xb4,0x8b,0xb4,0x8b,0xb4,0x8b,0xbc,0xac,0xbc,
    0xac,0xbc,0xac,0xbc,0xac,0xbc,0xac,0xbc,0xac,0xbc,0xac,0xbc,0xac,0xbc,0xac,0xbc,
    0xac,0xbc,0xac,0xbc,0xcc,0xbc,0xcc,0xbc,0xcc,0xbc,0xcc,0xbc,0xcc,0xbc,0xcc,0xbc,
    0xcc,0xbc,0xcc,0xbc,0xcc,0xbc,0xcc,0xbc,0xcc,0xbc,0xcc,0xbc,0xcc,0xbc,0xac,0xbc,
    0xab,0xbc,0xcc,0xbc,0xcc,0xbc,0xcc,0xbc,0xcc,0xbc,0xcc,0xbc,0xcc,0xbc,0xcc,0xbc,
    0xcc,0xbc,0xac,0xbc,0xac,0xbc,0xac,0xbc,0xcc,0xbc,0xcb,0xbc,0xcb,0xbc,0xab,0xbc,
    0xab,0xbc,0xab,0xbc,0xab,0xbc,0xab,0xbc,0xcb,0xbc,0xab,0xbc,0xac,0xbc,0xab,0xc4,
    0xca,0xbc,0xaa,0xb4,0xab,0xb4,0xcc,0xbc,0xac,0xbc,0xcd,0xbc,0xcc,0xbc,0xac,0xb4,
    0xcc,0xbc,0xcb,0xbc,0xaa,0xb4,0xcb,0xb4,0xcc,0xb4,0xcc,0xb4,0xcc,0xbc,0xcc,0xbc,
    0xac,0xbc,0x8c,0xbc,0x8c,0xbc,0x8b,0xbc,0x8b,0xbc,0xab,0xb4,0xab,0xb4,0x8a,0xac,
    0x6a,0xac,0x4b,0xac,0x4a,0xac,0x6a,0xac,0x4a,0xac,0x2a,0xac,0x2a,0xac,0x2a,0xac,
    0x0a,0xa4,0x2a,0xa4,0x4b,0xac,0x2a,0xac,0x09,0xac,0x2a,0xb4,0x4b,0xb4,0x6c,0xb4,
    0x6c,0xac,0x4b,0xa4,0x4a,0xac,0x4a,0xac,0x4b,0xb4,0x4b,0xb4,0x4b,0xb4,0x2a,0xb4,
    0x2a,0xac,0x4a,0xac,0x4b,0xac,0x6b,0xac,0x6b,0xac,0x6b,0xac,0x6b,0xb4,0x4a,0xac,
    0x4a,0xb4,0x6a,0xb4,0x6a,0xb4,0x6a,0xac,0x6b,0xac,0x4b,0xac,0x2a,0xa4,0x09,0xa4,
    0x29,0xac,0x2a,0xa4,0x2a,0xa4,0x4b,0xa4,0x0a,0xa4,0xe9,0x9b,0x09,0xa4,0x29,0xac,
    0x29,0xa4,0x2a,0xac,0x2a,0xac,0x2a,0xac,0x2b,0xb4,0x2a,0xac,0x2a,0xac,0x4a,0xac,
    0x4a,0xac,0x4a,0xac,0x2a,0xa4,0x2a,0xa4,0x2a,0xa4,0x0a,0xa4,0x09,0xa4,0x09,0x9c,
    0xe9,0x9b,0x0a,0xa4,0x0a,0xa4,0x0a,0xa4,0x0a,0xa4,0x0a,0xa4,0x0a,0xa4,0x0a,0xa4,
    0x0a,0xa4,0x0a,0xa4,0x0a,0xa4,0xea,0xa3,0xe9,0xa3,0xe9,0xa3,0x0a,0xa4,0xea,0xab,
    0xc9,0xa3,0xea,0xa3,0x0a,0xa4,0xea,0xa3,0xea,0xa3,0xe9,0xa3,0xe9,0xa3,0x09,0xa4,
    0x0a,0xa4,0x2b,0xa4,0x0b,0xa4,0xea,0x9b,0x0a,0xa4,0x09,0xa4,0xe9,0x9b,0xea,0xa3,
    0xea,0xa3,0xea,0xa3,0xea,0xa3,0x0a,0xa4,0xea,0x9b,0xea,0x9b,0x09,0xa4,0x09,0xa4,
    0x09,0xa4,0x09,0xa4,0x09,0xa4,0x08,0xa4,0x29,0xa4,0x29,0xa4,0x29,0xa4,0x29,0xa4,
    0x29,0xa4,0x09,0xa4,0xe8,0x9b,0x09,0xa4,0x2a,0xac,0x09,0xa4,0x09,0xa4,0xe9,0xa3,
    0xc9,0xa3,0xea,0xa3,0xeb,0xab,0xea,0xab,0xea,0xab,0x0a,0xa4,0x0a,0xa4,0x0a,0xa4,
    0x0a,0xa4,0x0a,0xa4,0x0a,0xa4,0x0a,0xa4,0xea,0xa3,0xea,0xa3,0xea,0xa3,0x0a,0xa4,
    0x0a,0xa4,0xea,0xa3,0x0a,0xa4,0x0a,0xa4,0x0a,0xa4,0x0a,0xa4,0x0a,0xa4,0x0a,0xa4,
    0xea,0xa3,0x0a,0xa4,0x2a,0xa4,0x2a,0xac,0x2a,0xa4,0x0a,0xa4,0x0a,0xa4,0x0a,0xa4,
    0x2a,0xa4,0x2a,0xa4,0x2a,0xa4,0x0a,0xa4,0xea,0xa3,0xea,0xa3,0x0a,0xa4,0x0b,0xa4,
    0x2b,0xac,0x2b,0xac,0x2b,0xac,0x4b,0xa4,0x4b,0xa4,0x4b,0xa4,0x2b,0xa4,0x2b,0xac,
    0x2a,0xac,0x4b,0xac,0x4b,0xac,0x4b,0xac,0x4b,0xac,0x4b,0xac,0x4b,0xac,0x2a,0xa4,
    0x2b,0xac,0x4b,0xac,0x2a,0xa4,0xea,0xa3,0x0a,0xa4,0x4b,0xac,0x4b,0xac,0x2b,0xac,
    0x2a,0xa4,0x0a,0xa4,0x2a,0xac,0x2b,0xac,0x2b,0xac,0x2b,0xac,0x4b,0xac,0x4b,0xac,
    0x6b,0xac,0x8c,0xb4,0x8d,0xb4,0x8c,0xb4,0x6c,0xac,0x6c,0xac,0x8c,0xb4,0xcd,0xbc,
    0xce,0xbc,0xac,0xb4,0xcc,0xbc,0xcc,0xbc,0xcc,0xbc,0xcc,0xbc,0xcc,0xbc,0xcc,0xbc,
    0xcc,0xbc,0xcc,0xbc,0xcc,0xbc,0xcc,0xbc,0xcc,0xbc,0xcc,0xbc,0xcc,0xbc,0xcc,0xbc,
    0xcc,0xbc,0xcc,0xbc,0xcc,0xbc,0xcc,0xbc,0xcc,0xbc,0xcc,0xbc,0xcc,0xbc,0xcc,0xbc,
    0xcc,0xbc,0xcc,0xbc,0xcc,0xbc,0xcc,0xbc,0xcc,0xbc,0xed,0xbc,0xed,0xbc,0xed,0xbc,
    0xed,0xbc,0xed,0xbc,0xec,0xbc,0xcc,0xbc,0xcc,0xbc,0xcc,0xbc,0xcc,0xbc,0xcc,0xbc,
    0xac,0xbc,0xac,0xb4,0xac,0xb4,0xac,0xb4,0x8b,0xb4,0x8b,0xb4,0xab,0xbc,0xac,0xbc,
    0xac,0xbc,0xac,0xbc,0xac,0xbc,0xac,0xbc,0xac,0xbc,0xac,0xbc,0xac,0xbc,0xac,0xbc,
    0xac,0xbc,0xac,0xbc,0xcc,0xbc,0xcc,0xbc,0xcc,0xbc,0xcc,0xbc,0xcc,0xbc,0xcc,0xbc,
    0xcc,0xbc,0xcc,0xbc,0xcc,0xbc,0xcc,0xbc,0xcc,0xbc,0xcc,0xbc,0xcc,0xbc,0xac,0xbc,
    0xac,0xbc,0xcc,0xbc,0xcc,0xbc,0xcc,0xbc,0xcc,0xbc,0xcc,0xbc,0xcc,0xbc,0xcc,0xbc,
    0xcc,0xbc,0xcc,0xbc,0xcc,0xbc,0xcc,0xbc,0xcc,0xbc,0xcb,0xbc,0xcb,0xbc,0xab,0xbc,
    0xab,0xbc,0xab,0xbc,0xab,0xbc,0xab,0xbc,0xcb,0xbc,0xab,0xbc,0xac,0xbc,0xab,0xbc,
    0x8a,0xbc,0xaa,0xbc,0xcc,0xb4,0xcd,0xbc,0xcc,0xbc,0xcd,0xbc,0x8c,0xb4,0x8c,0xb4,
    0xed,0xc4,0xcc,0xbc,0xab,0xbc,0xcc,0xbc,0xcd,0xb4,0xcd,0xbc,0xcd,0xbc,0xcc,0xbc,
    0xac,0xbc,0x8c,0xbc,0x8c,0xbc,0x8b,0xbc,0x8b,0xbc,0x8b,0xb4,0x8b,0xb4,0x8b,0xb4,
    0x6b,0xac,0x4a,0xac,0x4a,0xac,0x4a,0xac,0x4a,0xac,0x2a,0xac,0x2a,0xac,0x0a,0xac,
    0x09,0xa4,0x4a,0xac,0x2a,0xa4,0x2a,0xac,0x4a,0xac,0x2a,0xac,0x4a,0xb4,0x6b,0xb4,
    0x6b,0xa4,0x6b,0xa4,0xab,0xac,0x8b,0xac,0x6a,0xac,0x4a,0xac,0x4a,0xb4,0x2a,0xac,
    0x4a,0xac,0x8b,0xb4,0x6b,0xac,0x6b,0xac,0x6b,0xb4,0x8b,0xb4,0x6b,0xb4,0x6b,0xb4,
    0x6b,0xb4,0x6b,0xb4,0x6b,0xb4,0x4b,0xac,0x4b,0xac,0x6c,0xac,0x2b,0xac,0x0a,0xa4,
    0x0a,0xac,0x0a,0xa4,0x0a,0xa4,0x0a,0xa4,0x0a,0xa4,0xe9,0xa3,0xe9,0xa3,0x2a,0xac,
    0x2a,0xa4,0x2a,0xa4,0x0a,0xac,0x0a,0xac,0x2a,0xb4,0x4a,0xb4,0x2a,0xac,0x4a,0xac,
    0x4a,0xac,0x4a,0xac,0x2b,0xac,0x2b,0xa4,0x2b,0xac,0x2b,0xac,0x2a,0xa4,0x2a,0xa4,
    0x0a,0xa4,0x0a,0xa4,0x0a,0xa4,0xea,0x9b,0x0a,0xa4,0x0a,0xa4,0x0a,0xa4,0x0a,0xa4,
    0x0b,0xa4,0xea,0x9b,0x0a,0xa4,0x0a,0xa4,0x0a,0xa4,0xe9,0xa3,0xe9,0xa3,0xea,0xab,
    0xea,0xa3,0xea,0xa3,0xea,0xa3,0x0a,0xa4,0x2a,0xac,0xe9,0xab,0xe9,0xa3,0xe9,0xa3,
    0xea,0xa3,0x0a,0xa4,0x0b,0xa4,0x0b,0xa4,0x0a,0xa4,0x2a,0xa4,0x0a,0xa4,0xea,0xa3,
    0x2b,0xac,0x0b,0xa4,0xea,0xa3,0xea,0xa3,0x0b,0xa4,0xea,0xa3,0xea,0xa3,0xea,0xa3,
    0x0a,0xa4,0x0a,0xa4,0xe9,0xa3,0x09,0xa4,0x29,0xa4,0x2a,0xa4,0x2a,0xa4,0x2a,0xa4,
    0x2a,0xa4,0x0a,0xa4,0x09,0xa4,0x0a,0xa4,0x0a,0xa4,0x0a,0xa4,0x29,0xa4,0x0a,0xa4,
    0x0a,0xa4,0xea,0xa3,0xea,0xa3,0x09,0xa4,0x09,0xa4,0x0a,0xa4,0x0a,0xa4,0x0a,0xa4,
    0x0a,0xa4,0x0a,0xa4,0x0a,0xa4,0x0a,0xa4,0xea,0xa3,0xea,0xa3,0xea,0xa3,0x0a,0xa4,
    0x0a,0xa4,0xea,0xa3,0x0a,0xa4,0x0a,0xa4,0x0a,0xa4,0x0a,0xa4,0x0a,0xa4,0x0a,0xa4,
    0xe9,0x9b,0xe9,0x9b,0xe9,0xa3,0x0a,0xa4,0x0a,0xa4,0x0a,0xa4,0x0a,0xa4,0x0a,0xa4,
    0x0a,0xa4,0x0a,0xa4,0x0a,0xa4,0xea,0xa3,0xea,0xa3,0xea,0xa3,0x0a,0xa4,0x0b,0xa4,
    0x0b,0xa4,0x0b,0xa4,0x0b,0xa4,0x2b,0xa4,0x0a,0xa4,0x0a,0xa4,0x0a,0xa4,0x2a,0xa4,
    0x2a,0xa4,0x2a,0xa4,0x2a,0xac,0x2b,0xac,0x2b,0xac,0x2b,0xac,0x2a,0xa4,0x0a,0xa4,
    0x2a,0xa4,0x2a,0xa4,0x2b,0xac,0x4b,0xac,0x6b,0xac,0x6c,0xb4,0x6b,0xac,0x4b,0xac,
    0x2b,0xac,0x2b,0xac,0x0a,0xac,0x0a,0xac,0x0a,0xac,0x0a,0xac,0x0a,0xa4,0x2a,0xa4,
    0x4b,0xac,0x4b,0xac,0x4b,0xac,0x4b,0xac,0x4b,0xac,0x2b,0xac,0x2b,0xac,0x2b,0xac,
    0x0b,0xa4,0x2a,0xac,0xcc,0xbc,0xcc,0xbc,0xcc,0xbc,0xcc,0xbc,0xcc,0xbc,0xcc,0xbc,
    0xcc,0xbc,0xcc,0xbc,0xcc,0xbc,0xcc,0xbc,0xcc,0xbc,0xcc,0xbc,0xcc,0xbc,0xcc,0xbc,
    0xcc,0xbc,0xcc,0xbc,0xcc,0xbc,0xcc,0xbc,0xcc,0xbc,0xcc,0xbc,0xcc,0xbc,0xcc,0xbc,
    0xcc,0xbc,0xcc,0xbc,0xcc,0xbc,0xcc,0xbc,0xcc,0xbc,0xed,0xbc,0xed,0xbc,0xed,0xbc,
    0xed,0xbc,0xed,0xbc,0xec,0xbc,0xcc,0xbc,0xcc,0xbc,0xcc,0xbc,0xcc,0xbc,0xcc,0xbc,
    0xac,0xbc,0xac,0xb4,0xac,0xb4,0xac,0xb4,0x8b,0xb4,0x8b,0xb4,0xac,0xbc,0xac,0xbc,
    0xac,0xbc,0xcc,0xbc,0xcc,0xbc,0xcc,0xbc,0xcc,0xbc,0xcc,0xbc,0xac,0xbc,0xac,0xbc,
    0xac,0xbc,0xac,0xbc,0xcc,0xbc,0xcc,0xbc,0xcc,0xbc,0xcc,0xbc,0xcc,0xbc,0xcc,0xbc,
    0xcc,0xbc,0xcc,0xbc,0xcc,0xbc,0xcc,0xbc,0xcc,0xbc,0xcc,0xbc,0xcc,0xbc,0xcc,0xbc,
    0xcc,0xbc,0xcc,0xbc,0xcc,0xbc,0xcc,0xbc,0xcc,0xbc,0xcc,0xbc,0xcc,0xbc,0xcc,0xbc,
    0xcc,0xbc,0xcc,0xbc,0xcc,0xbc,0xcc,0xbc,0xcc,0xbc,0xcb,0xbc,0xcb,0xbc,0xab,0xbc,
    0xab,0xbc,0xab,0xbc,0xab,0xbc,0xab,0xbc,0xcb,0xb4,0xac,0xb4,0xac,0xbc,0xac,0xbc,
    0xab,0xbc,0xcb,0xb4,0xcd,0xb4,0xad,0xb4,0x8d,0xb4,0x8d,0xac,0x8d,0xb4,0xae,0xb4,
    0x8d,0xb4,0xad,0xb4,0xad,0xb4,0x8d,0xac,0x8e,0xac,0x8e,0xac,0x8d,0xac,0xad,0xb4,
    0x8c,0xb4,0x8b,0xb4,0xac,0xbc,0xcc,0xbc,0x6b,0xb4,0x6c,0xac,0x8d,0xac,0x6c,0xa4,
    0x4c,0xa4,0x4b,0xa4,0x4a,0xa4,0x2a,0xa4,0x2a,0xa4,0x2a,0xac,0x2a,0xb4,0x09,0xac,
    0x09,0xac,0x29,0xac,0x2a,0xac,0x2a,0xa4,0x2a,0xac,0x6b,0xb4,0x4b,0xac,0x4b,0xa4,
    0x2b,0x9c,0x6b,0x9c,0x6c,0xa4,0x6c,0xa4,0x8b,0xac,0x8a,0xac,0x6a,0xac,0x6a,0xac,
    0x6b,0xa4,0x4b,0xa4,0x2c,0xa4,0x2c,0xa4,0x4c,0xa4,0x4b,0xac,0x2b,0xa4,0x6b,0xac,
    0x6b,0xac,0x4b,0xac,0x4c,0xac,0x4c,0xac,0x2c,0xa4,0x4c,0xa4,0xeb,0x9b,0x0b,0xa4,
    0x0b,0xa4,0xea,0xa3,0xea,0xa3,0x2b,0xac,0x0a,0xa4,0xca,0x9b,0xca,0x9b,0xca,0x9b,
    0xeb,0x9b,0xeb,0x9b,0x0b,0xa4,0x4b,0xac,0x2a,0xac,0x2a,0xa4,0x2b,0xa4,0x0c,0xa4,
    0x0b,0x9c,0x0b,0x9c,0x0b,0x9c,0xeb,0x9b,0x0c,0x9c,0x0c,0x9c,0x0b,0x9c,0xea,0x9b,
    0x0b,0x9c,0x2c,0xa4,0xeb,0x9b,0xeb,0x9b,0xeb,0x9b,0xeb,0x9b,0xeb,0x9b,0xeb,0x9b,
    0xeb,0x9b,0xeb,0x9b,0xeb,0x9b,0xeb,0x9b,0xeb,0xa3,0x0b,0xa4,0xea,0xa3,0xeb,0xa3,
    0xca,0x9b,0xca,0x9b,0xcb,0x9b,0xeb,0x9b,0xeb,0x9b,0xea,0xa3,0xc9,0x9b,0x2b,0xa4,
    0xea,0x9b,0xca,0x9b,0xcb,0x9b,0xeb,0x9b,0xea,0x9b,0x0b,0x9c,0xea,0x9b,0xcb,0x9b,
    0xeb,0x9b,0xeb,0x9b,0xeb,0x9b,0xca,0x9b,0x0b,0xa4,0x0b,0xa4,0xcb,0x9b,0xcb,0x9b,
    0xcb,0x9b,0xca,0x9b,0xea,0x9b,0x2b,0xa4,0xea,0x9b,0xea,0x9b,0x0b,0x9c,0xeb,0x9b,
    0xeb,0x9b,0xea,0x9b,0x0b,0xa4,0xeb,0x9b,0xca,0x9b,0xea,0x93,0xea,0x93,0xea,0x93,
    0xea,0x9b,0x0a,0x9c,0x0a,0xa4,0x09,0xa4,0x09,0xa4,0x09,0xa4,0x0a,0xa4,0x0a,0xa4,
    0x0a,0xa4,0x0a,0xa4,0x0a,0xa4,0x0a,0xa4,0xea,0xa3,0xea,0xa3,0xea,0xa3,0x0a,0xa4,
    0x0a,0xa4,0xea,0xa3,0x0a,0xa4,0x0a,0xa4,0x0a,0xa4,0x0a,0xa4,0x0a,0xa4,0x0a,0xa4,
    0xea,0xa3,0xe9,0xa3,0xe9,0x9b,0xe9,0x9b,0x0a,0xa4,0x0a,0xa4,0xea,0xa3,0xea,0xa3,
    0xea,0xa3,0xea,0xa3,0xea,0xa3,0xea,0xa3,0x0a,0xa4,0x0a,0xa4,0x0a,0xa4,0x0a,0xa4,
    0x0a,0xa4,0x0a,0xa4,0x0a,0xa4,0x0a,0xa4,0x0a,0x9c,0xea,0x9b,0xea,0x9b,0x0a,0xa4,
    0x0a,0xa4,0x0a,0xa4,0x0a,0xa4,0x0a,0xa4,0x0a,0xa4,0x0a,0xa4,0x0a,0xa4,0x0a,0xa4,
    0x0a,0xa4,0x0a,0xa4,0x0a,0xa4,0x2a,0xa4,0x2a,0xa4,0x2a,0xa4,0x2b,0xac,0x4b,0xac,
    0x2b,0xac,0x2a,0xa4,0x2a,0xac,0x2a,0xac,0x2a,0xac,0x2a,0xac,0x2b,0xac,0x4b,0xac,
    0x6b,0xac,0x6b,0xac,0x4c,0xac,0x6c,0xac,0x6c,0xac,0x6c,0xac,0x6c,0xac,0x2b,0xa4,
    0x0a,0xa4,0x4b,0xac,0xcc,0xbc,0xcc,0xbc,0xcc,0xbc,0xcc,0xbc,0xcc,0xbc,0xcc,0xbc,
    0xcc,0xbc,0xcc,0xbc,0xcc,0xbc,0xcc,0xbc,0xcc,0xbc,0xcc,0xbc,0xcc,0xbc,0xcc,0xbc,
    0xcc,0xbc,0xcc,0xbc,0xcc,0xbc,0xcc,0xbc,0xcc,0xbc,0xcc,0xbc,0xcc,0xbc,0xcc,0xbc,
    0xcc,0xbc,0xcc,0xbc,0xcc,0xbc,0xcc,0xbc,0xcc,0xbc,0xed,0xbc,0xed,0xbc,0xed,0xbc,
    0xed,0xbc,0xed,0xbc,0xec,0xbc,0xcc,0xbc,0xcc,0xbc,0xcc,0xbc,0xcc,0xbc,0xcc,0xbc,
    0xac,0xbc,0xac,0xb4,0xac,0xb4,0xac,0xb4,0x8b,0xb4,0x8b,0xb4,0xac,0xbc,0xac,0xbc,
    0xac,0xbc,0xcc,0xbc,0xcc,0xbc,0xcc,0xbc,0xcc,0xbc,0xcc,0xbc,0xac,0xbc,0xac,0xbc,
    0xac,0xbc,0xac,0xbc,0xcc,0xbc,0xcc,0xbc,0xcc,0xbc,0xcc,0xbc,0xcc,0xbc,0xcc,0xbc,
    0xcc,0xbc,0xcc,0xbc,0xcc,0xbc,0xcc,0xbc,0xcc,0xbc,0xcc,0xbc,0xcc,0xbc,0xcc,0xbc,
    0xcc,0xbc,0xcc,0xbc,0xcc,0xbc,0xcc,0xbc,0xcc,0xbc,0xcc,0xbc,0xcc,0xbc,0xcc,0xbc,
    0xcc,0xbc,0xcc,0xbc,0xcc,0xbc,0xcc,0xbc,0xcc,0xbc,0xcb,0xbc,0xcb,0xbc,0xab,0xbc,
    0xab,0xbc,0xab,0xbc,0xab,0xbc,0xab,0xbc,0xcb,0xb4,0xac,0xb4,0xac,0xb4,0xac,0xbc,
    0xcc,0xbc,0xcc,0xb4,0xcd,0xb4,0x08,0x7b,0xe5,0x49,0xe5,0x49,0xc5,0x49,0xe6,0x49,
    0xc6,0x49,0x66,0x5a,0xa7,0x62,0xe6,0x49,0xe6,0x49,0xe6,0x49,0xe6,0x49,0xe5,0x49,
    0x07,0x73,0x8c,0xa4,0xad,0xac,0xa9,0x8b,0xe7,0x72,0x25,0x52,0xc6,0x49,0xc6,0x41,
    0xc5,0x41,0x45,0x5a,0xe7,0x72,0xa9,0x8b,0x2b,0xa4,0x2a,0xac,0x2a,0xac,0x29,0xac,
    0x09,0xac,0x29,0xac,0x29,0xa4,0x4a,0xa4,0x2a,0x9c,0x68,0x83,0xa7,0x6a,0xe5,0x51,
    0xa5,0x49,0xc5,0x49,0xc5,0x49,0x66,0x62,0x28,0x7b,0xe9,0x93,0xac,0xac,0xc9,0x8b,
    0x04,0x52,0xa5,0x49,0xc6,0x49,0xc5,0x49,0xc5,0x49,0xc5,0x49,0xc4,0x49,0xc7,0x6a,
    0x4c,0x9c,0xc7,0x6a,0xa5,0x49,0xc5,0x49,0xc5,0x49,0xa5,0x41,0xc5,0x49,0xc5,0x49,
    0xe5,0x51,0x49,0x8b,0x4c,0xac,0xab,0x93,0xc7,0x72,0x25,0x5a,0xc5,0x49,0xa5,0x41,
    0xa5,0x41,0xc5,0x49,0x45,0x5a,0x07,0x73,0xea,0x93,0x0b,0x94,0x67,0x62,0xa5,0x41,
    0xc5,0x49,0xc5,0x49,0xa5,0x41,0xa5,0x49,0xa5,0x41,0xa5,0x41,0xa5,0x41,0xa5,0x41,
    0xa5,0x41,0xa5,0x49,0xa4,0x41,0xc5,0x49,0xa5,0x41,0xa5,0x41,0xa5,0x41,0xa5,0x41,
    0x05,0x4a,0x25,0x52,0xa5,0x41,0xa5,0x41,0xe5,0x51,0xc7,0x6a,0xcc,0x8b,0x29,0x7b,
    0xa4,0x49,0xa5,0x41,0xa5,0x41,0xa5,0x41,0xa5,0x49,0x86,0x6a,0x0c,0x9c,0xe8,0x6a,
    0xa4,0x41,0xc5,0x49,0xa5,0x41,0xa5,0x41,0xa5,0x49,0x45,0x5a,0x45,0x5a,0xc5,0x49,
    0x85,0x41,0xa5,0x41,0xc5,0x49,0xa5,0x49,0x67,0x5a,0x26,0x5a,0xa5,0x41,0xa5,0x41,
    0xa5,0x41,0xa5,0x49,0xc5,0x49,0x66,0x5a,0x46,0x5a,0xa5,0x41,0xc5,0x41,0xc5,0x41,
    0xa5,0x41,0xc5,0x41,0x67,0x5a,0x06,0x52,0xa5,0x49,0xa5,0x41,0xa5,0x41,0xc5,0x49,
    0xa5,0x49,0xc7,0x6a,0x2b,0x9c,0xe9,0x9b,0x09,0xa4,0xea,0xa3,0x0a,0xa4,0x0a,0xa4,
    0x0a,0xa4,0x0a,0xa4,0x0a,0xa4,0x0a,0xa4,0xea,0xa3,0xea,0xa3,0xea,0xa3,0x0a,0xa4,
    0x0a,0xa4,0xea,0xa3,0x0a,0xa4,0x0a,0xa4,0x0a,0xa4,0x0a,0xa4,0x0a,0xa4,0x0a,0xa4,
    0x0a,0xa4,0x0a,0xa4,0x0a,0xa4,0xe9,0xa3,0xea,0xa3,0xea,0xa3,0xea,0xa3,0xea,0xa3,
    0x0a,0xa4,0x0a,0xa4,0x0a,0xa4,0x0a,0xa4,0x0a,0xa4,0x0a,0xa4,0x0a,0xa4,0x0a,0xa4,
    0xea,0xa3,0xea,0xa3,0xea,0xa3,0x0a,0xa4,0x0a,0xa4,0x0a,0xa4,0x0a,0xa4,0xea,0x9b,
    0xe9,0xa3,0xe9,0xa3,0xe9,0xa3,0xea,0xa3,0xea,0xa3,0xea,0xa3,0xea,0xa3,0xea,0xa3,
    0xea,0xa3,0x0a,0xa4,0x0a,0xa4,0x0a,0xa4,0xea,0xa3,0xea,0xa3,0x0a,0xa4,0x0a,0xa4,
    0x0a,0xa4,0x0a,0xa4,0x0a,0xa4,0x0a,0xa4,0x0a,0xa4,0x0a,0xa4,0xea,0xa3,0x0a,0xa4,
    0x0a,0xa4,0x2a,0xa4,0x0a,0xa4,0x0a,0xa4,0x2b,0xa4,0x2b,0xa4,0x2b,0xa4,0x0a,0xa4,
    0x0a,0xa4,0x4b,0xac,0xcc,0xbc,0xcc,0xbc,0xcc,0xbc,0xcc,0xbc,0xcc,0xbc,0xcc,0xbc,
    0xcc,0xbc,0xcc,0xbc,0xcc,0xbc,0xcc,0xbc,0xcc,0xbc,0xcc,0xbc,0xcc,0xbc,0xcc,0xbc,
    0xcc,0xbc,0xcc,0xbc,0xcc,0xbc,0xcc,0xbc,0xcc,0xbc,0xcc,0xbc,0xcc,0xbc,0xcc,0xbc,
    0xcc,0xbc,0xcc,0xbc,0xcc,0xbc,0xcc,0xbc,0xcc,0xbc,0xcc,0xbc,0xec,0xbc,0xec,0xbc,
    0xec,0xbc,0xec,0xbc,0xec,0xbc,0xcc,0xbc,0xcc,0xbc,0xcc,0xbc,0xcc,0xbc,0xcc,0xbc,
    0xac,0xbc,0xac,0xbc,0xac,0xb4,0x8b,0xb4,0x8b,0xb4,0x8b,0xb4,0x8b,0xb4,0xac,0xbc,
    0xcc,0xbc,0xac,0xbc,0xac,0xbc,0xac,0xbc,0xac,0xbc,0xac,0xbc,0xac,0xbc,0xac,0xb4,
    0xac,0xb4,0xac,0xbc,0xcc,0xbc,0xcc,0xbc,0xcc,0xbc,0xcc,0xbc,0xcc,0xbc,0xcc,0xbc,
    0xcc,0xbc,0xcc,0xbc,0xcc,0xbc,0xcc,0xbc,0xcc,0xbc,0xcc,0xbc,0xcc,0xbc,0xcc,0xbc,
    0xcc,0xbc,0xcc,0xbc,0xcc,0xbc,0xcc,0xbc,0xac,0xbc,0xcc,0xbc,0xcc,0xbc,0xcc,0xbc,
    0xcc,0xbc,0xac,0xbc,0xac,0xbc,0xac,0xbc,0xcb,0xbc,0xcb,0xbc,0xcb,0xbc,0xcb,0xbc,
    0xcb,0xbc,0xcb,0xbc,0xcb,0xbc,0xab,0xbc,0xcb,0xb4,0xcc,0xb4,0xac,0xbc,0xac,0xbc,
    0xcc,0xbc,0xcc,0xb4,0x6c,0xac,0xcb,0x8b,0x16,0xc6,0x1b,0xe7,0xfb,0xe6,0xdb,0xde,
    0x1c,0xe7,0x30,0x8c,0x4b,0x6b,0xba,0xd6,0xfc,0xde,0xfb,0xde,0xfb,0xe6,0xfa,0xe6,
    0x11,0xa5,0x6e,0x94,0x08,0x6b,0x66,0x52,0x12,0xad,0x99,0xd6,0xdb,0xde,0xfb,0xde,
    0xba,0xde,0x78,0xd6,0xb0,0x9c,0xc7,0x6a,0x28,0x7b,0x2b,0xa4,0x0a,0xa4,0x29,0xac,
    0x29,0xac,0x29,0xac,0x29,0xa4,0x0a,0x9c,0x85,0x62,0xa8,0x62,0xd2,0xac,0x9a,0xde,
    0xdc,0xe6,0xdc,0xe6,0xbb,0xde,0x17,0xce,0x0e,0x94,0xa7,0x62,0x8a,0x83,0x4a,0x7b,
    0xb0,0xa4,0xfa,0xe6,0xfc,0xe6,0xfb,0xe6,0xfb,0xe6,0x1a,0xe7,0x1a,0xe7,0xb0,0x9c,
    0x6b,0x73,0x0e,0x8c,0x78,0xd6,0xfb,0xde,0xfb,0xe6,0xfb,0xde,0xdb,0xde,0x1b,0xe7,
    0x16,0xce,0x0d,0x94,0xab,0x83,0x26,0x52,0x2a,0x6b,0x95,0xbd,0xda,0xde,0xfb,0xe6,
    0xfc,0xe6,0xda,0xde,0x16,0xc6,0x0d,0x8c,0xa7,0x5a,0x2a,0x6b,0x70,0x94,0xba,0xd6,
    0x1b,0xe7,0xfb,0xde,0xfb,0xde,0x1c,0xe7,0xfb,0xe6,0xfb,0xe6,0x1b,0xe7,0x1b,0xe7,
    0x1b,0xe7,0x58,0xce,0x13,0xa5,0xba,0xde,0x1b,0xe7,0x1b,0xe7,0x1c,0xe7,0x99,0xd6,
    0x0f,0x84,0x13,0xa5,0xfa,0xe6,0xfa,0xe6,0x99,0xd6,0x90,0x9c,0xa9,0x5a,0x89,0x5a,
    0x54,0xb5,0x1b,0xe7,0xfb,0xde,0xfb,0xe6,0xb9,0xde,0x2b,0x6b,0x4b,0x73,0x0a,0x6b,
    0xd6,0xbd,0x1b,0xe7,0xfb,0xe6,0xfb,0xe6,0x1b,0xe7,0x8c,0x73,0x8d,0x73,0xda,0xde,
    0xfb,0xe6,0xfb,0xe6,0xfb,0xe6,0xfb,0xe6,0xce,0x7b,0x6d,0x73,0xfb,0xe6,0x1c,0xe7,
    0xfb,0xe6,0x1b,0xe7,0x1b,0xe7,0x0f,0x84,0xce,0x7b,0xba,0xd6,0x1b,0xe7,0x1b,0xdf,
    0x1b,0xe7,0xfb,0xde,0xeb,0x62,0x50,0x8c,0x1c,0xe7,0xda,0xde,0xfb,0xe6,0x1b,0xe7,
    0xb9,0xe6,0x6f,0xa4,0xcb,0x93,0xea,0x9b,0xe9,0x9b,0x0a,0xa4,0x0a,0xa4,0x0a,0xa4,
    0x0a,0xa4,0xea,0xa3,0xea,0xa3,0xea,0xa3,0xea,0xa3,0x0a,0xa4,0x0a,0xa4,0xea,0xa3,
    0xea,0xa3,0x0a,0xa4,0x0a,0xa4,0x0a,0xa4,0x0a,0xa4,0x0a,0xa4,0x0a,0xa4,0x0a,0xa4,
    0x0a,0xa4,0x0a,0xa4,0x0a,0xa4,0x0a,0xa4,0x0a,0xa4,0x0a,0xa4,0x0a,0xa4,0x0a,0xa4,
    0x0a,0xa4,0x0a,0xa4,0x0a,0xa4,0x0a,0xa4,0x0a,0xa4,0x0a,0xa4,0x0a,0xa4,0x0a,0xa4,
    0x0a,0xa4,0x0a,0xa4,0x0a,0xa4,0x0a,0xa4,0x0a,0x9c,0x0a,0xa4,0x0a,0xa4,0x0a,0xa4,
    0x0a,0xa4,0x0a,0xa4,0x0a,0xa4,0x0a,0xa4,0x0a,0xa4,0x0a,0xa4,0x0a,0xa4,0x0a,0xa4,
    0x0a,0xa4,0x0a,0xa4,0xea,0xa3,0xea,0xa3,0xea,0xa3,0xea,0xa3,0xea,0xa3,0xea,0xa3,
    0x0a,0xa4,0x0a,0xa4,0x0a,0xa4,0x0a,0xac,0x0a,0xa4,0x0a,0xa4,0x0a,0xa4,0x0a,0xa4,
    0x0a,0xa4,0x0a,0xa4,0xea,0xa3,0xea,0x9b,0xea,0x9b,0xea,0x9b,0xea,0x9b,0xea,0x9b,
    0xea,0x9b,0x2a,0xa4,0xcc,0xbc,0xcc,0xbc,0xcc,0xbc,0xcc,0xbc,0xcc,0xbc,0xcc,0xbc,
    0xcc,0xbc,0xcc,0xbc,0xcc,0xbc,0xcc,0xbc,0xcc,0xbc,0xcc,0xbc,0xcc,0xbc,0xcc,0xbc,
    0xcc,0xbc,0xcc,0xbc,0xcc,0xbc,0xcc,0xbc,0xcc,0xbc,0xcc,0xbc,0xcc,0xbc,0xcc,0xbc,
    0xcc,0xbc,0xcc,0xbc,0xcc,0xbc,0xcc,0xbc,0xcc,0xbc,0xcc,0xbc,0xec,0xbc,0xec,0xbc,
    0xec,0xbc,0xec,0xbc,0xec,0xbc,0xcc,0xbc,0xcc,0xbc,0xcc,0xbc,0xcc,0xbc,0xcc,0xbc,
    0xcc,0xbc,0xac,0xbc,0xac,0xb4,0x8b,0xb4,0x8b,0xb4,0x8b,0xb4,0x8b,0xb4,0xac,0xbc,
    0xac,0xbc,0xac,0xbc,0xac,0xbc,0xac,0xbc,0xac,0xbc,0xac,0xbc,0xac,0xbc,0xac,0xbc,
    0xac,0xbc,0xac,0xbc,0xcc,0xbc,0xcc,0xbc,0xcc,0xbc,0xcc,0xbc,0xcc,0xbc,0xcc,0xbc,
    0xcc,0xbc,0xcc,0xbc,0xcc,0xbc,0xcc,0xbc,0xcc,0xbc,0xac,0xbc,0xac,0xbc,0xac,0xbc,
    0xac,0xbc,0xcc,0xbc,0xcc,0xbc,0xac,0xbc,0xab,0xbc,0xac,0xbc,0xac,0xbc,0xac,0xbc,
    0xac,0xbc,0xac,0xbc,0xac,0xbc,0xac,0xbc,0xcb,0xbc,0xcb,0xbc,0xcb,0xbc,0xcb,0xbc,
    0xcb,0xbc,0xcb,0xbc,0xcb,0xbc,0xcb,0xbc,0xcb,0xbc,0xcb,0xbc,0xac,0xbc,0xac,0xbc,
    0xab,0xbc,0xcc,0xbc,0x4c,0xac,0xec,0x8b,0x1a,0xdf,0xff,0xff,0xff,0xff,0xff,0xff,
    0xff,0xff,0x71,0x8c,0x2c,0x63,0xdf,0xf7,0xff,0xff,0xff,0xff,0xff,0xff,0xff,0xff,
    0x75,0xad,0x0b,0x63,0x6c,0x73,0xda,0xe6,0xff,0xff,0xff,0xff,0xff,0xff,0xff,0xff,
    0xff,0xff,0xff,0xff,0xff,0xff,0xd9,0xe6,0x8b,0x7b,0x48,0x7b,0x4b,0xa4,0x2a,0xa4,
    0x2a,0xac,0x2a,0xac,0x2b,0xa4,0xa6,0x6a,0x6b,0x83,0xda,0xe6,0xff,0xff,0xff,0xff,
    0xff,0xff,0xff,0xff,0xff,0xff,0xff,0xff,0xde,0xff,0xf6,0xcd,0x6c,0x7b,0x48,0x52,
    0x74,0xb5,0xff,0xff,0xff,0xff,0xff,0xff,0xff,0xff,0xff,0xff,0xff,0xff,0x54,0xad,
    0x88,0x4a,0x91,0x94,0xbe,0xf7,0xff,0xff,0xff,0xff,0xff,0xff,0xff,0xff,0xff,0xff,
    0xfb,0xe6,0x2e,0x8c,0x68,0x52,0x4f,0x8c,0x9d,0xf7,0xff,0xff,0xff,0xff,0xff,0xff,
    0xff,0xff,0xff,0xff,0xff,0xff,0xde,0xff,0xf7,0xc5,0xeb,0x5a,0x92,0x94,0xff,0xff,
    0xff,0xff,0xff,0xff,0xff,0xff,0xff,0xff,0xff,0xff,0xff,0xff,0xff,0xff,0xff,0xff,
    0xff,0xff,0x3c,0xe7,0xf7,0xb5,0xff,0xff,0xff,0xff,0xff,0xff,0xff,0xff,0xbe,0xef,
    0x5d,0xe7,0xff,0xff,0xff,0xff,0xff,0xff,0xff,0xff,0xff,0xff,0xb2,0x94,0x08,0x42,
    0x59,0xce,0xff,0xff,0xff,0xff,0xff,0xff,0xff,0xff,0x0b,0x63,0x68,0x52,0x0f,0x84,
    0xdf,0xff,0xff,0xff,0xff,0xff,0xff,0xff,0xff,0xff,0xad,0x73,0xce,0x73,0xff,0xff,
    0xff,0xff,0xff,0xff,0xff,0xff,0xff,0xff,0xef,0x7b,0x6d,0x6b,0xff,0xff,0xff,0xff,
    0xff,0xff,0xff,0xff,0xff,0xff,0x31,0x84,0xef,0x7b,0xff,0xff,0xff,0xff,0xff,0xff,
    0xff,0xff,0xff,0xff,0xeb,0x5a,0xb2,0x94,0xff,0xff,0xff,0xff,0xff,0xff,0xff,0xff,
    0x9d,0xff,0x90,0xa4,0xab,0x93,0x0b,0xa4,0xea,0x9b,0x0a,0xa4,0x0a,0xa4,0x0a,0xa4,
    0x0a,0xa4,0xea,0xa3,0xea,0xa3,0xea,0xa3,0xea,0xa3,0x0a,0xa4,0x0a,0xa4,0xea,0xa3,
    0xea,0xa3,0x0a,0xa4,0x0a,0xa4,0x0a,0xa4,0xea,0xa3,0xea,0xa3,0x0a,0xa4,0x0a,0xa4,
    0x0a,0xa4,0x0a,0xa4,0x0a,0xa4,0x0a,0xa4,0x0a,0xa4,0x0a,0xa4,0x0a,0xa4,0x0a,0xa4,
    0x0a,0xa4,0x0a,0xa4,0x0a,0xa4,0x0a,0xa4,0x0a,0xa4,0x0a,0xa4,0x0a,0xa4,0x0a,0xa4,
    0x0a,0xa4,0x0a,0xa4,0x0a,0xa4,0x0a,0xa4,0x0a,0x9c,0x0a,0xa4,0x0a,0xa4,0x0a,0xa4,
    0x0a,0xa4,0x0a,0xa4,0x0a,0xa4,0x0a,0xa4,0x0a,0xa4,0x0a,0xa4,0x0a,0xa4,0x0a,0xa4,
    0x0a,0xa4,0x0a,0xa4,0x0a,0xa4,0xea,0xa3,0xea,0xa3,0xea,0xa3,0xea,0xa3,0x0a,0xa4,
    0x0a,0xa4,0x0a,0xa4,0x0a,0xa4,0x0a,0xac,0x0a,0xa4,0x0a,0xa4,0x0a,0xa4,0x0a,0xa4,
    0x0a,0xa4,0x0a,0xa4,0x0a,0xa4,0xea,0xa3,0xea,0xa3,0xea,0x9b,0xea,0xa3,0xea,0xa3,
    0xea,0x9b,0x2a,0xa4,0xcc,0xbc,0xcc,0xbc,0xcc,0xbc,0xcc,0xbc,0xcc,0xbc,0xcc,0xbc,
    0xcc,0xbc,0xcc,0xbc,0xcc,0xbc,0xcc,0xbc,0xcc,0xbc,0xcc,0xbc,0xcc,0xbc,0xcc,0xbc,
    0xcc,0xbc,0xcc,0xbc,0xcc,0xbc,0xcc,0xbc,0xcc,0xbc,0xcc,0xbc,0xcc,0xbc,0xcc,0xbc,
    0xcc,0xbc,0xcc,0xbc,0xcc,0xbc,0xcc,0xbc,0xcc,0xbc,0xcc,0xbc,0xec,0xbc,0xed,0xbc,
    0xed,0xbc,0xed,0xbc,0xed,0xbc,0xec,0xbc,0xcc,0xbc,0xcc,0xbc,0xcc,0xbc,0xcc,0xbc,
    0xcc,0xbc,0xcc,0xbc,0xac,0xb4,0x8b,0xb4,0x8b,0xb4,0x8b,0xb4,0x6b,0xb4,0x8b,0xbc,
    0xac,0xbc,0xac,0xbc,0xac,0xbc,0xac,0xbc,0xac,0xbc,0xac,0xbc,0xcc,0xbc,0xcc,0xbc,
    0xcc,0xbc,0xcc,0xbc,0xcc,0xbc,0xcc,0xbc,0xcc,0xbc,0xcc,0xbc,0xcc,0xbc,0xcc,0xbc,
    0xcc,0xbc,0xcc,0xbc,0xcc,0xbc,0xcc,0xbc,0xcc,0xbc,0xac,0xbc,0xab,0xbc,0xab,0xbc,
    0xab,0xbc,0xac,0xbc,0xac,0xbc,0xab,0xbc,0xab,0xbc,0xab,0xbc,0xab,0xbc,0xab,0xbc,
    0xab,0xbc,0xac,0xbc,0xac,0xbc,0xac,0xbc,0xcc,0xbc,0xcc,0xbc,0xcc,0xbc,0xcc,0xbc,
    0xcb,0xbc,0xcb,0xbc,0xcb,0xbc,0xab,0xbc,0xca,0xbc,0xab,0xbc,0xac,0xbc,0xac,0xc4,
    0xab,0xbc,0xac,0xbc,0x2b,0xac,0xcc,0x93,0xf9,0xde,0xfe,0xff,0xde,0xff,0xdf,0xff,
    0xff,0xff,0x71,0x8c,0x2c,0x63,0x9d,0xef,0xfe,0xf7,0xde,0xf7,0xde,0xff,0xdf,0xff,
    0xd3,0x9c,0xab,0x62,0x39,0xd6,0xff,0xff,0xbe,0xff,0xdf,0xff,0xdf,0xff,0x9e,0xef,
    0xdf,0xf7,0xdf,0xff,0xdf,0xff,0xff,0xff,0x57,0xd6,0x49,0x73,0x0b,0x9c,0x2a,0xa4,
    0x0a,0xa4,0x2a,0xac,0xaa,0x93,0xe9,0x72,0x99,0xe6,0xff,0xff,0xdf,0xff,0xdf,0xf7,
    0xde,0xf7,0xbd,0xf7,0xfe,0xf7,0xde,0xf7,0xde,0xff,0xff,0xff,0x96,0xbd,0xa6,0x39,
    0x54,0xad,0xff,0xff,0xff,0xff,0xff,0xff,0xff,0xff,0xde,0xff,0xff,0xff,0x38,0xce,
    0xeb,0x62,0xb1,0x9c,0xbe,0xff,0xff,0xff,0xff,0xff,0xdf,0xff,0xff,0xff,0xff,0xff,
    0xda,0xde,0x8c,0x73,0xac,0x73,0x1a,0xe7,0xfe,0xff,0xde,0xff,0xde,0xff,0xbf,0xff,
    0x9d,0xf7,0xde,0xff,0xff,0xff,0xdf,0xff,0xff,0xff,0x96,0xbd,0xf3,0x9c,0xff,0xff,
    0xff,0xff,0xff,0xff,0xdf,0xff,0xdf,0xff,0xdf,0xff,0xff,0xff,0xff,0xff,0xff,0xff,
    0xff,0xff,0x7d,0xef,0xd6,0xbd,0xbe,0xf7,0xff,0xff,0xdf,0xff,0xff,0xff,0xff,0xff,
    0xbe,0xf7,0xbe,0xf7,0xdf,0xff,0xde,0xff,0xbe,0xff,0xff,0xff,0x38,0xce,0xaa,0x5a,
    0xd7,0xc5,0xff,0xff,0xbf,0xf7,0xdf,0xff,0xbe,0xf7,0xca,0x62,0x27,0x4a,0x95,0xb5,
    0xff,0xff,0xdf,0xff,0xbf,0xff,0xbf,0xff,0xff,0xff,0x8d,0x73,0x6d,0x73,0xbe,0xff,
    0xdf,0xff,0xdf,0xff,0xdf,0xff,0xff,0xff,0xcf,0x7b,0x6d,0x73,0xbf,0xff,0xdf,0xff,
    0xdf,0xff,0xff,0xff,0xff,0xff,0x0f,0x84,0xce,0x7b,0xde,0xff,0xff,0xff,0xff,0xff,
    0xff,0xff,0xbe,0xf7,0xca,0x5a,0x71,0x94,0xff,0xff,0xff,0xff,0xdf,0xff,0xff,0xff,
    0x7c,0xf7,0x90,0xa4,0x8a,0x8b,0x0b,0xa4,0xe9,0xa3,0x0a,0xa4,0x0a,0xa4,0x0a,0xa4,
    0x0a,0xa4,0xea,0xa3,0xea,0xa3,0xea,0xa3,0xea,0xa3,0x0a,0xa4,0x0a,0xa4,0xea,0xa3,
    0xea,0xa3,0xea,0xa3,0xea,0xa3,0xea,0xa3,0xea,0xa3,0xea,0xa3,0xea,0xa3,0xea,0xa3,
    0x0a,0xa4,0x0a,0xa4,0x0a,0xa4,0x0a,0xa4,0x0a,0xa4,0x0a,0xa4,0x0a,0xa4,0x0a,0xa4,
    0x0a,0xa4,0x0a,0xa4,0x0a,0xa4,0x0a,0xa4,0xe9,0xa3,0x0a,0xa4,0x0a,0xa4,0x0a,0xa4,
    0x0a,0xa4,0x0a,0xa4,0x0a,0xa4,0x0a,0xa4,0x0a,0x9c,0x0a,0xa4,0x0a,0xa4,0x0a,0xa4,
    0x0a,0xa4,0x0a,0xa4,0x0a,0xa4,0x0a,0xa4,0x0a,0xa4,0x0a,0xa4,0x0a,0xa4,0x0a,0xa4,
    0x0a,0xa4,0x0a,0xa4,0x0a,0xa4,0x0a,0xa4,0x0a,0xa4,0x0a,0xa4,0x0a,0xa4,0x0a,0xa4,
    0x0a,0xa4,0x0a,0xa4,0x0a,0xa4,0x0a,0xac,0x0a,0xa4,0x0a,0xa4,0x0a,0xa4,0x0a,0xa4,
    0x0a,0xa4,0x0a,0xa4,0x0a,0xa4,0x0a,0xa4,0x0a,0xa4,0xea,0xa3,0x0a,0xa4,0x0a,0xa4,
    0xea,0xa3,0x2a,0xa4,0xcc,0xbc,0xcc,0xbc,0xcc,0xbc,0xcc,0xbc,0xcc,0xbc,0xcc,0xbc,
    0xcc,0xbc,0xcc,0xbc,0xcc,0xbc,0xcc,0xbc,0xcc,0xbc,0xcc,0xbc,0xcc,0xbc,0xcc,0xbc,
    0xcc,0xbc,0xcc,0xbc,0xcc,0xbc,0xcc,0xbc,0xcc,0xbc,0xcc,0xbc,0xcc,0xbc,0xcc,0xbc,
    0xcc,0xbc,0xcc,0xbc,0xcc,0xbc,0xcc,0xbc,0xcc,0xbc,0xcc,0xbc,0xed,0xbc,0xed,0xbc,
    0xed,0xbc,0xed,0xbc,0xed,0xbc,0xec,0xbc,0xec,0xbc,0xcc,0xbc,0xcc,0xbc,0xcc,0xbc,
    0xcc,0xbc,0xcc,0xbc,0xac,0xb4,0xab,0xb4,0x8b,0xb4,0x8b,0xb4,0x8b,0xb4,0x8b,0xbc,
    0xac,0xbc,0x8b,0xbc,0xac,0xbc,0xac,0xbc,0xac,0xbc,0xac,0xbc,0xac,0xbc,0xcc,0xbc,
    0xcc,0xbc,0xcc,0xbc,0xcc,0xbc,0xcc,0xbc,0xcc,0xbc,0xcc,0xbc,0xac,0xbc,0xac,0xbc,
    0xac,0xbc,0xac,0xbc,0xac,0xbc,0xac,0xbc,0xac,0xbc,0xac,0xbc,0xab,0xbc,0xab,0xbc,
    0xab,0xbc,0xac,0xbc,0xac,0xbc,0xab,0xbc,0xab,0xbc,0xab,0xbc,0xab,0xbc,0xab,0xbc,
    0xab,0xbc,0xac,0xbc,0xac,0xbc,0xac,0xbc,0xcc,0xbc,0xcc,0xbc,0xcc,0xbc,0xcc,0xbc,
    0xcb,0xbc,0xcb,0xbc,0xcb,0xbc,0xcb,0xbc,0xab,0xbc,0xab,0xbc,0xab,0xbc,0xab,0xbc,
    0xab,0xbc,0xcc,0xbc,0x4c,0xac,0xcb,0x8b,0xfa,0xde,0xfe,0xff,0xde,0xff,0xdf,0xff,
    0xff,0xff,0x50,0x8c,0x0b,0x63,0x9d,0xf7,0xfe,0xff,0xfe,0xff,0xff,0xff,0xff,0xff,
    0xb2,0x9c,0x10,0x8c,0x9e,0xff,0xdf,0xff,0xdf,0xff,0xff,0xff,0x3c,0xef,0x13,0xa5,
    0x1c,0xe7,0xff,0xff,0xdf,0xff,0xff,0xff,0xbd,0xff,0x8f,0x9c,0x89,0x8b,0x2b,0xa4,
    0x2a,0xa4,0x4a,0xac,0x29,0x7b,0x50,0x9c,0xbe,0xff,0xdf,0xff,0xff,0xff,0xff,0xff,
    0x7c,0xe7,0x94,0xad,0x3b,0xe7,0xff,0xff,0xdf,0xff,0xff,0xff,0x3c,0xef,0x0c,0x63,
    0xd3,0x9c,0xff,0xff,0xdf,0xff,0xff,0xff,0xff,0xff,0xde,0xff,0xff,0xff,0xfb,0xe6,
    0x0b,0x63,0xf3,0xa4,0xff,0xff,0xde,0xff,0xff,0xff,0xff,0xff,0xff,0xff,0xff,0xff,
    0xb9,0xde,0x2b,0x63,0x12,0xa5,0xfe,0xff,0xfe,0xff,0xde,0xff,0xff,0xff,0xda,0xde,
    0x33,0xa5,0xbe,0xf7,0xff,0xff,0xdf,0xff,0xdf,0xff,0x5d,0xf7,0x54,0xb5,0x13,0xad,
    0x74,0xb5,0xda,0xde,0xff,0xff,0xdf,0xff,0xff,0xff,0xff,0xff,0xbe,0xff,0x57,0xce,
    0x12,0xad,0xd1,0xa4,0x95,0xb5,0xde,0xff,0xfe,0xff,0xfe,0xff,0xff,0xff,0xff,0xff,
    0x75,0xad,0x58,0xce,0xff,0xff,0xdf,0xff,0xde,0xff,0xff,0xff,0xba,0xde,0xca,0x62,
    0xd7,0xc5,0xff,0xff,0xdf,0xff,0xff,0xff,0xbe,0xff,0x48,0x4a,0xa9,0x5a,0x5c,0xef,
    0xff,0xff,0xbe,0xff,0xdf,0xff,0xdf,0xff,0xff,0xff,0x6d,0x73,0x8d,0x73,0xdf,0xff,
    0xff,0xff,0xdf,0xff,0xde,0xff,0xff,0xff,0xcf,0x7b,0x6d,0x73,0xdf,0xff,0xff,0xff,
    0xff,0xff,0xff,0xff,0xfe,0xff,0x0f,0x84,0xce,0x7b,0xbd,0xff,0xff,0xff,0xff,0xff,
    0xff,0xff,0xde,0xff,0xaa,0x5a,0x71,0x94,0xff,0xff,0xff,0xff,0xde,0xf7,0xff,0xff,
    0x9c,0xff,0xb0,0xac,0xab,0x93,0x0b,0xa4,0xea,0xa3,0x0a,0xa4,0x2a,0xa4,0x2a,0xa4,
    0x0a,0xa4,0xe9,0xa3,0xea,0xa3,0xea,0xa3,0xea,0xa3,0x0a,0xa4,0xea,0xa3,0xea,0xa3,
    0xea,0xa3,0xea,0xa3,0xea,0xa3,0xea,0xa3,0xea,0xa3,0xea,0xa3,0xea,0xa3,0xea,0xa3,
    0xea,0xa3,0xea,0xa3,0xea,0xa3,0xea,0xa3,0x0a,0xa4,0x0a,0xa4,0x0a,0xa4,0x0a,0xa4,
    0x0a,0xa4,0x0a,0xa4,0x0a,0xa4,0x09,0xa4,0xe9,0xa3,0xe9,0xa3,0x0a,0xa4,0x0a,0xa4,
    0xe9,0xa3,0xe9,0xa3,0xe9,0xa3,0x0a,0xa4,0x0a,0xa4,0x0a,0xa4,0xea,0xa3,0x0a,0xa4,
    0x0a,0xa4,0x0a,0xa4,0x0a,0xa4,0x0a,0xa4,0x0a,0xa4,0x0a,0xa4,0x0a,0xa4,0x0a,0xa4,
    0x0a,0xa4,0x0a,0xa4,0x0a,0xa4,0x0a,0xa4,0x0a,0xa4,0x0a,0xa4,0x0a,0xa4,0x0a,0xa4,
    0x0a,0xa4,0x0a,0xa4,0x0a,0xa4,0x0a,0xa4,0x0a,0xa4,0x0a,0xa4,0x0a,0xa4,0x0a,0xa4,
    0x0a,0xa4,0x0a,0xa4,0x0a,0xa4,0x0a,0xa4,0x0a,0xa4,0x0a,0xa4,0x0a,0xa4,0x0a,0xa4,
    0x0a,0xa4,0x2a,0xa4,0xcc,0xbc,0xcc,0xbc,0xcc,0xbc,0xcc,0xbc,0xcc,0xbc,0xcc,0xbc,
    0xcc,0xbc,0xcc,0xbc,0xcc,0xbc,0xcc,0xbc,0xcc,0xbc,0xcc,0xbc,0xcc,0xbc,0xcc,0xbc,
    0xcc,0xbc,0xcc,0xbc,0xcc,0xbc,0xcc,0xbc,0xcc,0xbc,0xcc,0xbc,0xcc,0xbc,0xcc,0xbc,
    0xcc,0xbc,0xcc,0xbc,0xcc,0xbc,0xcc,0xbc,0xcc,0xbc,0xec,0xbc,0xed,0xc4,0xed,0xc4,
    0xed,0xbc,0xed,0xbc,0xed,0xbc,0xec,0xbc,0xec,0xbc,0xec,0xbc,0xcc,0xbc,0xcc,0xbc,
    0xcc,0xbc,0xcc,0xbc,0xac,0xb4,0xac,0xb4,0xac,0xb4,0xab,0xb4,0xac,0xbc,0xac,0xbc,
    0xac,0xbc,0x8b,0xbc,0xac,0xbc,0xac,0xbc,0xac,0xbc,0xac,0xbc,0xac,0xb4,0xac,0xb4,
    0xac,0xb4,0xcc,0xbc,0xcc,0xbc,0xcc,0xbc,0xac,0xbc,0xac,0xbc,0xcc,0xbc,0xcc,0xbc,
    0xcc,0xbc,0xcc,0xbc,0xcc,0xbc,0xcc,0xbc,0xcc,0xbc,0xac,0xbc,0xab,0xbc,0xab,0xbc,
    0xab,0xbc,0xcc,0xbc,0xcc,0xbc,0xac,0xbc,0xab,0xbc,0xac,0xbc,0xac,0xbc,0xac,0xbc,
    0xac,0xbc,0xac,0xbc,0xac,0xbc,0xac,0xbc,0xcb,0xbc,0xcb,0xbc,0xcb,0xbc,0xcb,0xbc,
    0xcb,0xbc,0xcb,0xbc,0xcb,0xbc,0xcb,0xbc,0xab,0xbc,0xab,0xbc,0xac,0xbc,0xab,0xbc,
    0xab,0xbc,0xcc,0xbc,0x6c,0xac,0xcc,0x8b,0xdb,0xde,0xff,0xff,0xdf,0xff,0xdf,0xff,
    0xff,0xff,0x50,0x8c,0x0b,0x6b,0x7d,0xf7,0xff,0xff,0xff,0xff,0xff,0xff,0xff,0xff,
    0xd3,0x9c,0x14,0xa5,0xff,0xff,0xff,0xff,0xff,0xff,0xff,0xff,0x1c,0xe7,0x30,0x84,
    0x9a,0xd6,0xff,0xff,0xff,0xff,0xfe,0xff,0xff,0xff,0xd1,0xa4,0x08,0x83,0x4b,0xb4,
    0x09,0xac,0x4a,0xa4,0x8a,0x83,0x33,0xad,0xff,0xff,0xdf,0xff,0xdf,0xff,0xff,0xff,
    0x1c,0xe7,0x10,0x84,0x7a,0xd6,0xff,0xff,0xbe,0xff,0xde,0xff,0xbe,0xf7,0x6d,0x6b,
    0xd3,0x9c,0xff,0xff,0xff,0xff,0xff,0xff,0xff,0xff,0xff,0xff,0xff,0xff,0x5d,0xef,
    0x0c,0x63,0x75,0xb5,0xff,0xff,0xdf,0xff,0xff,0xff,0xff,0xff,0xdf,0xff,0xff,0xff,
    0xba,0xd6,0xca,0x5a,0xb6,0xb5,0xff,0xff,0xff,0xff,0xdf,0xff,0xff,0xff,0x58,0xce,
    0x8d,0x6b,0x5d,0xe7,0xff,0xff,0xff,0xff,0xff,0xff,0xbe,0xff,0x50,0x94,0xc5,0x49,
    0x26,0x52,0xd2,0xa4,0xff,0xff,0xff,0xf7,0xff,0xff,0xff,0xff,0x9e,0xf7,0xed,0x8b,
    0xa4,0x49,0x27,0x52,0xf2,0x9c,0xfe,0xff,0xfe,0xff,0xfe,0xff,0xff,0xff,0xbf,0xf7,
    0xd3,0x9c,0xd7,0xbd,0xff,0xff,0xff,0xff,0xdf,0xff,0xff,0xff,0x1c,0xe7,0xeb,0x5a,
    0xf7,0xbd,0xff,0xff,0xff,0xff,0xff,0xff,0xbe,0xf7,0x48,0x42,0x30,0x84,0xff,0xff,
    0xff,0xff,0xff,0xff,0xff,0xff,0xff,0xff,0xff,0xff,0x6d,0x6b,0xae,0x73,0xde,0xff,
    0xff,0xff,0xff,0xff,0xff,0xff,0xff,0xff,0xef,0x7b,0x6d,0x6b,0xdf,0xff,0xff,0xff,
    0xff,0xff,0xff,0xff,0xff,0xff,0x10,0x8c,0xae,0x7b,0xbe,0xff,0xff,0xff,0xff,0xff,
    0xff,0xff,0xde,0xff,0xca,0x5a,0x91,0x94,0xff,0xff,0xff,0xff,0xff,0xf7,0xff,0xff,
    0x9c,0xf7,0x90,0xa4,0x4a,0x83,0xab,0x93,0xcb,0x9b,0xea,0x9b,0x0a,0x9c,0x2a,0xa4,
    0xe9,0x9b,0x09,0xa4,0x09,0xa4,0x0a,0xa4,0x0a,0xa4,0x0a,0xa4,0xea,0xa3,0xea,0xa3,
    0xea,0xa3,0xea,0xa3,0xea,0xa3,0xea,0xa3,0xe9,0xa3,0xe9,0x9b,0xe9,0x9b,0xe9,0x9b,
    0xea,0xa3,0xea,0xa3,0xea,0xa3,0xea,0xa3,0xea,0xa3,0xea,0xa3,0x0a,0xa4,0x0a,0xa4,
    0x0a,0xa4,0x09,0xa4,0x09,0xa4,0x09,0xa4,0x0a,0xa4,0x0a,0xa4,0x0a,0xa4,0xe9,0xa3,
    0xe9,0xa3,0xe9,0xa3,0xe9,0xa3,0x09,0xa4,0x09,0xa4,0xe9,0x9b,0xe9,0x9b,0x09,0xa4,
    0x0a,0xa4,0x0a,0xa4,0x0a,0xa4,0x0a,0xa4,0x0a,0xa4,0x0a,0xa4,0x0a,0xa4,0x0a,0xa4,
    0x0a,0xa4,0x0a,0xa4,0xea,0xa3,0xea,0xa3,0xea,0xa3,0xea,0xa3,0x0a,0xa4,0x0a,0xa4,
    0x0a,0xa4,0x0a,0xa4,0x0a,0xa4,0x0a,0xa4,0x0a,0xa4,0x0a,0xa4,0x0a,0xa4,0x0a,0xa4,
    0x0a,0xa4,0x0a,0xa4,0x0a,0xa4,0x0a,0xa4,0x0a,0xa4,0x0a,0xa4,0x0a,0xa4,0x0a,0xa4,
    0x0a,0xa4,0x2a,0xac,0xac,0xbc,0xac,0xbc,0xac,0xbc,0xcc,0xbc,0xcc,0xbc,0xcc,0xbc,
    0xcc,0xbc,0xcc,0xbc,0xcc,0xbc,0xcc,0xbc,0xcc,0xbc,0xcc,0xbc,0xcc,0xbc,0xcc,0xbc,
    0xcc,0xbc,0xcc,0xbc,0xcc,0xbc,0xcc,0xbc,0xcc,0xbc,0xcc,0xbc,0xcc,0xbc,0xcc,0xbc,
    0xcc,0xbc,0xcc,0xbc,0xcc,0xbc,0xcc,0xbc,0xcc,0xbc,0xed,0xbc,0xed,0xbc,0xed,0xbc,
    0xed,0xbc,0xec,0xbc,0xec,0xbc,0xec,0xbc,0xec,0xbc,0xec,0xbc,0xcc,0xbc,0xcc,0xbc,
    0xcc,0xbc,0xac,0xbc,0xac,0xbc,0xac,0xb4,0xac,0xb4,0xac,0xb4,0xac,0xbc,0xac,0xbc,
    0xac,0xbc,0x8b,0xbc,0xac,0xbc,0xac,0xbc,0xac,0xbc,0xac,0xbc,0xac,0xb4,0xac,0xb4,
    0xac,0xb4,0xcc,0xbc,0xcc,0xbc,0xcc,0xbc,0xcc,0xbc,0xac,0xbc,0xac,0xbc,0xac,0xbc,
    0xac,0xbc,0xcc,0xbc,0xcc,0xbc,0xcc,0xbc,0xcc,0xbc,0xac,0xbc,0xac,0xbc,0xac,0xbc,
    0xac,0xbc,0xcc,0xbc,0xac,0xbc,0xac,0xbc,0xab,0xbc,0xab,0xbc,0xab,0xbc,0xab,0xbc,
    0xab,0xbc,0xab,0xbc,0xab,0xbc,0xab,0xbc,0xab,0xbc,0xcb,0xbc,0xcb,0xbc,0xcb,0xbc,
    0xab,0xbc,0xab,0xbc,0xab,0xbc,0xab,0xbc,0xab,0xbc,0xab,0xbc,0xac,0xbc,0xab,0xbc,
    0xab,0xbc,0xcc,0xbc,0x6c,0xac,0xac,0x8b,0xda,0xde,0xff,0xff,0xdf,0xff,0xdf,0xff,
    0xff,0xff,0x50,0x8c,0x0b,0x6b,0x9d,0xf7,0xff,0xff,0xff,0xff,0xff,0xff,0xff,0xff,
    0x14,0xa5,0x75,0xad,0xff,0xff,0xdf,0xff,0xdf,0xff,0xff,0xff,0xdb,0xde,0xef,0x7b,
    0xba,0xd6,0xff,0xff,0xff,0xff,0xde,0xff,0xff,0xff,0xd1,0xa4,0xc7,0x72,0x4b,0xb4,
    0x09,0xac,0x2a,0xa4,0xaa,0x83,0x74,0xbd,0xff,0xff,0xdf,0xff,0xdf,0xff,0xff,0xff,
    0x1b,0xe7,0xb2,0x9c,0x1b,0xe7,0xff,0xff,0xff,0xff,0xff,0xff,0xff,0xff,0x0f,0x7c,
    0xb2,0x94,0xff,0xff,0xff,0xff,0xff,0xff,0xdf,0xff,0xdf,0xff,0xff,0xff,0xdf,0xff,
    0x31,0x8c,0x18,0xc6,0xff,0xff,0xdf,0xff,0xff,0xff,0xff,0xff,0xdf,0xff,0xff,0xff,
    0xba,0xd6,0x89,0x52,0x17,0xc6,0xff,0xff,0xdf,0xff,0xff,0xff,0xff,0xff,0x38,0xc6,
    0x89,0x52,0x3c,0xe7,0xff,0xff,0xdf,0xff,0xdf,0xff,0xde,0xff,0x74,0xbd,0xcd,0x8b,
    0x0d,0x8c,0x13,0xad,0xdf,0xff,0xff,0xff,0xfe,0xf7,0xdf,0xff,0x5d,0xf7,0xf1,0xac,
    0x2d,0x9c,0xed,0x8b,0x13,0xa5,0xff,0xff,0xfe,0xff,0xfe,0xff,0xff,0xff,0xdf,0xf7,
    0xf3,0x9c,0xf7,0xbd,0xff,0xff,0xff,0xff,0xdf,0xff,0xff,0xff,0x1c,0xe7,0xeb,0x5a,
    0xf7,0xbd,0xff,0xff,0xff,0xff,0xff,0xff,0xbe,0xf7,0xca,0x5a,0x17,0xc6,0xff,0xff,
    0xff,0xff,0xff,0xff,0xff,0xff,0xff,0xff,0xff,0xff,0x6d,0x6b,0xae,0x73,0xde,0xff,
    0xff,0xff,0xff,0xff,0xff,0xff,0xff,0xff,0xef,0x7b,0x6d,0x6b,0xdf,0xff,0xff,0xff,
    0xff,0xff,0xff,0xff,0xff,0xff,0x10,0x8c,0xae,0x7b,0xbe,0xff,0xff,0xff,0xff,0xff,
    0xff,0xff,0xde,0xff,0xca,0x5a,0x91,0x94,0xff,0xff,0xdf,0xff,0xdf,0xf7,0xff,0xff,
    0x3c,0xef,0x6d,0x7b,0xc6,0x49,0x06,0x52,0x06,0x5a,0x86,0x62,0xe7,0x72,0xa9,0x8b,
    0xe9,0x9b,0x0a,0xa4,0x09,0xa4,0xea,0xa3,0xea,0xa3,0x0a,0xa4,0xea,0xa3,0xea,0xa3,
    0xea,0xa3,0xea,0xa3,0xea,0xa3,0xea,0xa3,0xe9,0xa3,0xe9,0x9b,0xe9,0x9b,0xe9,0x9b,
    0xea,0xa3,0xea,0xa3,0xea,0xa3,0xea,0xa3,0xea,0xa3,0xea,0xa3,0x0a,0xa4,0x0a,0xa4,
    0x0a,0xa4,0x09,0xa4,0x09,0xa4,0x09,0xa4,0x0a,0xa4,0x0a,0xa4,0x0a,0xa4,0x0a,0xa4,
    0xe9,0xa3,0xe9,0xa3,0xe9,0xa3,0x0a,0xa4,0x0a,0xa4,0x09,0xa4,0xe9,0x9b,0x0a,0xa4,
    0x0a,0xa4,0x0a,0xa4,0x0a,0xa4,0x0a,0xa4,0x0a,0xa4,0x0a,0xa4,0x0a,0xa4,0x0a,0xa4,
    0x0a,0xa4,0x0a,0xa4,0xea,0xa3,0xea,0xa3,0xea,0xa3,0x0a,0xa4,0x0a,0xa4,0x0a,0xa4,
    0x0a,0xa4,0x0a,0xa4,0x0a,0xa4,0x0a,0xa4,0x0a,0xa4,0x0a,0xa4,0x0a,0xa4,0x0a,0xa4,
    0x0a,0xa4,0x0a,0xa4,0x0a,0xa4,0x0a,0xa4,0x0a,0xa4,0x0a,0xa4,0x0a,0xa4,0x0a,0xa4,
    0xea,0xa3,0x2a,0xac,0xac,0xbc,0xac,0xbc,0xac,0xbc,0xcc,0xbc,0xcc,0xbc,0xcc,0xbc,
    0xcc,0xbc,0xcc,0xbc,0xcc,0xbc,0xcc,0xbc,0xcc,0xbc,0xcc,0xbc,0xcc,0xbc,0xcc,0xbc,
    0xcc,0xbc,0xcc,0xbc,0xcc,0xbc,0xcc,0xbc,0xcc,0xbc,0xcc,0xbc,0xcc,0xbc,0xcc,0xbc,
    0xcc,0xbc,0xcc,0xbc,0xcc,0xbc,0xcc,0xbc,0xcc,0xbc,0xed,0xbc,0xed,0xbc,0xed,0xbc,
    0xec,0xbc,0xcc,0xbc,0xcc,0xbc,0xec,0xbc,0xec,0xbc,0xec,0xbc,0xcc,0xbc,0xcc,0xbc,
    0xcc,0xbc,0xac,0xbc,0xcc,0xbc,0xcc,0xbc,0xac,0xbc,0xac,0xb4,0xac,0xbc,0xac,0xbc,
    0xac,0xbc,0x8b,0xbc,0xac,0xbc,0xac,0xbc,0xac,0xbc,0xac,0xbc,0xac,0xb4,0xac,0xb4,
    0xac,0xb4,0xcc,0xbc,0xcc,0xbc,0xcc,0xbc,0xcc,0xbc,0xac,0xbc,0xac,0xbc,0xac,0xbc,
    0xac,0xbc,0xac,0xbc,0xcc,0xbc,0xcc,0xbc,0xcc,0xbc,0xcc,0xbc,0xcc,0xbc,0xcc,0xbc,
    0xcc,0xbc,0xcc,0xbc,0xac,0xbc,0xac,0xbc,0xab,0xbc,0xab,0xbc,0xab,0xbc,0xab,0xbc,
    0xab,0xbc,0xab,0xbc,0xab,0xbc,0xab,0xbc,0xab,0xbc,0xab,0xbc,0xab,0xbc,0xab,0xbc,
    0xab,0xbc,0xab,0xbc,0xab,0xbc,0xab,0xbc,0xab,0xbc,0xab,0xbc,0xac,0xbc,0xab,0xbc,
    0xab,0xbc,0xcc,0xbc,0x6c,0xac,0xac,0x8b,0xda,0xde,0xff,0xff,0xdf,0xff,0xdf,0xff,
    0xff,0xff,0x50,0x8c,0x0b,0x6b,0x9d,0xf7,0xff,0xff,0xff,0xff,0xff,0xff,0xdf,0xff,
    0xf3,0x9c,0x96,0xb5,0xff,0xff,0xdf,0xff,0xff,0xff,0xff,0xff,0xbe,0xf7,0x5d,0xef,
    0xdf,0xff,0xdf,0xff,0xdf,0xff,0xde,0xf7,0xff,0xff,0xb0,0xa4,0xa6,0x72,0x4b,0xb4,
    0x09,0xa4,0x2a,0xa4,0x89,0x83,0x73,0xb5,0xdf,0xff,0xdf,0xff,0xdf,0xff,0xfe,0xff,
    0x3b,0xef,0xb1,0x9c,0xb0,0x94,0x11,0xa5,0x31,0xa5,0x11,0xa5,0x53,0xa5,0xc9,0x52,
    0xf2,0x9c,0xff,0xff,0xff,0xff,0xdf,0xff,0xbe,0xf7,0xbe,0xf7,0xdf,0xff,0xdf,0xff,
    0x55,0xad,0xda,0xde,0xff,0xff,0x9e,0xf7,0xbe,0xf7,0xff,0xff,0xdf,0xff,0xff,0xff,
    0xba,0xd6,0x89,0x52,0x38,0xc6,0xff,0xff,0xdf,0xff,0xff,0xff,0xff,0xff,0x38,0xc6,
    0xea,0x5a,0x7c,0xef,0xff,0xff,0xff,0xff,0xff,0xff,0xfe,0xff,0x53,0xb5,0x8b,0x83,
    0xcc,0x83,0xf3,0xa4,0xdf,0xff,0xfe,0xff,0xfe,0xff,0xff,0xff,0x5d,0xf7,0xd0,0xa4,
    0x0c,0x94,0xcc,0x83,0xf2,0xa4,0xde,0xff,0xff,0xff,0xfe,0xff,0xff,0xff,0xdf,0xf7,
    0xd3,0x9c,0xf7,0xbd,0xff,0xff,0xff,0xff,0xff,0xff,0xff,0xff,0x1c,0xe7,0xeb,0x5a,
    0xf7,0xbd,0xff,0xff,0xff,0xff,0xff,0xff,0x9d,0xf7,0xd2,0x9c,0x1c,0xe7,0xff,0xff,
    0xff,0xff,0xff,0xff,0xff,0xff,0xff,0xff,0xff,0xff,0x6d,0x6b,0xae,0x73,0xde,0xff,
    0xff,0xff,0xff,0xff,0xff,0xff,0xff,0xff,0xef,0x7b,0x6d,0x6b,0xdf,0xff,0xff,0xff,
    0xff,0xff,0xff,0xff,0xff,0xff,0x10,0x8c,0xae,0x7b,0xbe,0xff,0xff,0xff,0xff,0xff,
    0xff,0xff,0xde,0xff,0xca,0x5a,0x91,0x94,0xff,0xff,0xdf,0xff,0xff,0xff,0xdf,0xff,
    0xdf,0xff,0x3d,0xef,0x1c,0xe7,0x1c,0xef,0xfb,0xe6,0x78,0xd6,0x2d,0x8c,0xe7,0x6a,
    0xea,0x93,0x0a,0x9c,0x0a,0xa4,0xe9,0xa3,0xea,0xab,0x0a,0xa4,0xea,0xa3,0xea,0xa3,
    0xea,0xa3,0xea,0xa3,0xea,0xa3,0xc9,0xa3,0xe9,0xa3,0xe9,0x9b,0xe9,0x9b,0xe9,0x9b,
    0xea,0xa3,0xea,0xa3,0xea,0xa3,0xea,0xa3,0xea,0xa3,0xea,0xa3,0x0a,0xa4,0x0a,0xa4,
    0x0a,0xa4,0x09,0xa4,0x09,0xa4,0x09,0xa4,0x0a,0xa4,0x0a,0xa4,0x0a,0xa4,0x0a,0xa4,
    0x0a,0xa4,0x0a,0xa4,0x0a,0xa4,0x0a,0xa4,0x0a,0xa4,0x0a,0xa4,0x0a,0xa4,0x0a,0xa4,
    0x0a,0xa4,0x0a,0xa4,0x0a,0xa4,0x0a,0xa4,0x0a,0xa4,0x0a,0xa4,0x0a,0xa4,0x0a,0xa4,
    0x0a,0xa4,0x0a,0xa4,0x0a,0xa4,0x0a,0xa4,0x0a,0xa4,0x0a,0xa4,0x0a,0xa4,0xea,0xa3,
    0xea,0xa3,0xea,0xa3,0x0a,0xa4,0x0a,0xa4,0x0a,0xa4,0x0a,0xa4,0xea,0xa3,0xea,0xa3,
    0xea,0xa3,0xea,0xa3,0x0a,0xa4,0x0a,0xa4,0x0a,0xa4,0x0a,0xa4,0xea,0xa3,0xea,0xa3,
    0xea,0xa3,0x2a,0xac,0xac,0xbc,0xac,0xbc,0xac,0xbc,0xcc,0xbc,0xcc,0xbc,0xcc,0xbc,
    0xcc,0xbc,0xcc,0xbc,0xcc,0xbc,0xcc,0xbc,0xcc,0xbc,0xcc,0xbc,0xcc,0xbc,0xcc,0xbc,
    0xcc,0xbc,0xcc,0xbc,0xcc,0xbc,0xcc,0xbc,0xcc,0xbc,0xcc,0xbc,0xcc,0xbc,0xcc,0xbc,
    0xcc,0xbc,0xcc,0xbc,0xcc,0xbc,0xcc,0xbc,0xcc,0xbc,0xed,0xbc,0xed,0xbc,0xed,0xbc,
    0xed,0xbc,0xec,0xbc,0xec,0xbc,0xed,0xbc,0xed,0xbc,0xec,0xbc,0xcc,0xbc,0xcc,0xbc,
    0xac,0xbc,0xac,0xb4,0xac,0xbc,0xac,0xbc,0xac,0xbc,0xac,0xb4,0xac,0xbc,0xac,0xbc,
    0xac,0xbc,0xac,0xbc,0x8b,0xbc,0x8b,0xbc,0xac,0xbc,0xac,0xbc,0xac,0xb4,0xac,0xb4,
    0xac,0xb4,0xac,0xbc,0xcc,0xbc,0xac,0xbc,0xac,0xbc,0xac,0xbc,0xac,0xbc,0xac,0xbc,
    0xac,0xbc,0xac,0xbc,0xac,0xbc,0xac,0xbc,0xcc,0xbc,0xcc,0xbc,0xcc,0xbc,0xcc,0xbc,
    0xcc,0xbc,0xcc,0xbc,0xcc,0xbc,0xcc,0xbc,0xac,0xbc,0xab,0xbc,0xab,0xbc,0xab,0xbc,
    0xab,0xbc,0xab,0xbc,0xab,0xbc,0xab,0xbc,0xab,0xbc,0xac,0xbc,0xac,0xbc,0xac,0xbc,
    0xac,0xbc,0xab,0xbc,0xab,0xbc,0xab,0xbc,0xab,0xbc,0xac,0xbc,0xac,0xbc,0xab,0xbc,
    0xab,0xbc,0xcc,0xb4,0x4c,0xa4,0xcc,0x8b,0xda,0xde,0xff,0xff,0xdf,0xff,0xdf,0xff,
    0xff,0xff,0x30,0x84,0xeb,0x62,0x9e,0xf7,0xff,0xff,0xff,0xff,0xff,0xff,0xdf,0xff,
    0xd3,0x9c,0x96,0xb5,0xff,0xff,0xdf,0xff,0xdf,0xff,0xdf,0xff,0xff,0xff,0xff,0xff,
    0xff,0xff,0xff,0xff,0xff,0xff,0xff,0xff,0xff,0xff,0xd1,0xa4,0x86,0x72,0x4b,0xb4,
    0x09,0xa4,0x2a,0xa4,0x89,0x83,0x94,0xbd,0xff,0xff,0xdf,0xff,0xff,0xff,0xfe,0xff,
    0x5b,0xef,0xcd,0x7b,0x46,0x52,0xa7,0x5a,0xa7,0x5a,0x87,0x5a,0x87,0x52,0xe6,0x41,
    0x33,0xad,0xff,0xff,0xff,0xff,0xff,0xff,0xbe,0xf7,0x5d,0xef,0xbe,0xff,0xdf,0xff,
    0x39,0xce,0x5c,0xef,0xff,0xff,0x3c,0xe7,0x7d,0xef,0xff,0xff,0xff,0xff,0xff,0xff,
    0xda,0xde,0x89,0x52,0x17,0xc6,0xff,0xff,0xdf,0xff,0xdf,0xff,0xff,0xff,0x38,0xc6,
    0xca,0x5a,0x5c,0xef,0xff,0xff,0xff,0xff,0xfe,0xff,0xfd,0xff,0x32,0xb5,0x8a,0x83,
    0xab,0x83,0xf3,0xac,0xff,0xff,0xfe,0xff,0xfe,0xff,0xff,0xff,0x7d,0xf7,0xaf,0xa4,
    0x0b,0x9c,0xcc,0x8b,0xf2,0x9c,0xde,0xff,0xff,0xff,0xfe,0xff,0xff,0xff,0xdf,0xf7,
    0xd3,0x9c,0xf7,0xbd,0xff,0xff,0xff,0xff,0xff,0xff,0xff,0xff,0x1c,0xe7,0xeb,0x5a,
    0xd7,0xbd,0xff,0xff,0xdf,0xff,0xff,0xff,0x7d,0xef,0x99,0xd6,0x9e,0xf7,0xff,0xff,
    0xbe,0xf7,0xdf,0xff,0xff,0xff,0xff,0xff,0xff,0xff,0x8d,0x73,0xae,0x73,0xdf,0xff,
    0xff,0xff,0xff,0xff,0xff,0xff,0xff,0xff,0xef,0x7b,0x6d,0x6b,0xdf,0xff,0xff,0xff,
    0xff,0xff,0xff,0xff,0xff,0xff,0x30,0x8c,0xce,0x7b,0xbe,0xff,0xff,0xff,0xff,0xff,
    0xff,0xff,0xde,0xff,0xca,0x5a,0x91,0x94,0xff,0xff,0xff,0xff,0xff,0xff,0xff,0xff,
    0xdf,0xff,0xff,0xff,0xff,0xff,0xff,0xff,0xff,0xff,0xff,0xff,0xbe,0xff,0x4e,0x94,
    0xe8,0x6a,0x2b,0xa4,0xea,0xa3,0xe9,0xab,0xe9,0xab,0x0a,0xac,0x0a,0xa4,0xea,0xa3,
    0xea,0xa3,0xe9,0xa3,0xe9,0xa3,0xc9,0xa3,0xea,0xa3,0xea,0xa3,0xea,0xa3,0xea,0xa3,
    0xea,0xa3,0xea,0xa3,0xea,0xa3,0xe9,0x9b,0xea,0xa3,0xea,0xa3,0x0a,0xa4,0x0a,0xa4,
    0xe9,0xa3,0xe9,0xa3,0xe9,0xa3,0x09,0xa4,0x0a,0xa4,0x09,0xa4,0xe9,0xa3,0xe9,0xa3,
    0x0a,0xa4,0x0a,0xa4,0x0a,0xa4,0x0a,0xa4,0x09,0xa4,0x0a,0xa4,0x0a,0xa4,0x0a,0xa4,
    0x0a,0xa4,0x0a,0xa4,0x0a,0xa4,0xea,0xa3,0xea,0xa3,0x0a,0xa4,0x0a,0xa4,0xea,0xa3,
    0xea,0xa3,0xea,0xa3,0xea,0xa3,0xea,0x9b,0xea,0x9b,0x0a,0xa4,0x0a,0x9c,0xea,0x9b,
    0xea,0x9b,0xea,0x9b,0x0a,0xa4,0x0a,0xa4,0x0a,0xa4,0x0a,0xa4,0xea,0xa3,0xea,0xa3,
    0xea,0xa3,0xea,0xa3,0xea,0xa3,0xea,0xa3,0xea,0xa3,0xea,0xa3,0xe9,0x9b,0xe9,0x9b,
    0xe9,0x9b,0x0a,0xa4,0xcc,0xbc,0xac,0xbc,0xac,0xbc,0xcc,0xbc,0xcc,0xbc,0xcc,0xbc,
    0xcc,0xbc,0xcc,0xbc,0xcc,0xbc,0xcc,0xbc,0xcc,0xbc,0xcc,0xbc,0xcc,0xbc,0xcc,0xbc,
    0xcc,0xbc,0xcc,0xbc,0xcc,0xbc,0xcc,0xbc,0xcc,0xbc,0xcc,0xbc,0xcc,0xbc,0xcc,0xbc,
    0xcc,0xbc,0xcc,0xbc,0xcc,0xbc,0xcc,0xbc,0xcc,0xbc,0xed,0xbc,0xed,0xbc,0xed,0xbc,
    0xed,0xbc,0xec,0xbc,0xed,0xbc,0xed,0xbc,0xed,0xbc,0xec,0xbc,0xcc,0xbc,0xcc,0xbc,
    0xac,0xbc,0xac,0xb4,0xac,0xb4,0xac,0xb4,0xac,0xb4,0xac,0xb4,0xac,0xbc,0xac,0xbc,
    0xac,0xbc,0xac,0xbc,0x8b,0xbc,0x8b,0xbc,0xac,0xbc,0xac,0xbc,0xac,0xb4,0xac,0xb4,
    0xac,0xb4,0xac,0xb4,0xac,0xbc,0xac,0xbc,0xac,0xbc,0xac,0xbc,0xac,0xbc,0xac,0xbc,
    0xac,0xbc,0xac,0xbc,0xac,0xbc,0xac,0xbc,0xcc,0xbc,0xcc,0xbc,0xcc,0xbc,0xcc,0xbc,
    0xcc,0xbc,0xcc,0xbc,0xcc,0xbc,0xcc,0xbc,0xcc,0xbc,0xab,0xbc,0xab,0xbc,0xab,0xbc,
    0xab,0xbc,0xab,0xbc,0xab,0xbc,0xab,0xbc,0xab,0xbc,0xac,0xbc,0xac,0xbc,0xac,0xbc,
    0xac,0xbc,0xac,0xbc,0xac,0xbc,0xab,0xbc,0xcb,0xbc,0xac,0xbc,0xac,0xbc,0xab,0xbc,
    0xcb,0xbc,0xcc,0xb4,0x4c,0xa4,0xcc,0x8b,0xda,0xe6,0xff,0xff,0xdf,0xff,0xdf,0xff,
    0xff,0xff,0x71,0x8c,0x0c,0x63,0x9d,0xf7,0xff,0xff,0xff,0xff,0xff,0xff,0xdf,0xff,
    0xf3,0x9c,0x96,0xb5,0xff,0xff,0xdf,0xff,0xdf,0xff,0xff,0xff,0xdf,0xff,0xfb,0xde,
    0x38,0xc6,0x18,0xc6,0x18,0xc6,0x18,0xc6,0x58,0xce,0xee,0x8b,0x08,0x7b,0x2b,0xac,
    0x09,0xac,0x2a,0xa4,0x89,0x83,0x94,0xbd,0xff,0xff,0xdf,0xff,0xdf,0xff,0xfe,0xff,
    0x3b,0xef,0x70,0x94,0x2b,0x73,0x6b,0x83,0x8b,0x7b,0x6b,0x7b,0x8c,0x7b,0x68,0x5a,
    0x13,0xad,0xdf,0xff,0xff,0xff,0xff,0xff,0xde,0xf7,0xfb,0xde,0x9e,0xf7,0xff,0xff,
    0x3c,0xe7,0xbe,0xf7,0xff,0xff,0xba,0xd6,0x3c,0xe7,0xff,0xff,0xff,0xff,0xff,0xff,
    0xda,0xde,0x89,0x52,0x38,0xc6,0xff,0xff,0xff,0xff,0xff,0xff,0xff,0xff,0x38,0xc6,
    0xca,0x5a,0x5c,0xef,0xff,0xff,0xff,0xf7,0xff,0xff,0xfe,0xff,0x52,0xb5,0x8a,0x83,
    0xab,0x83,0xf3,0xac,0xdf,0xff,0xfe,0xff,0xfe,0xff,0xff,0xff,0x7d,0xf7,0xaf,0xa4,
    0x0b,0x9c,0x0c,0x8c,0x12,0xa5,0xdf,0xff,0xff,0xff,0xdf,0xff,0xff,0xff,0xbe,0xf7,
    0xd3,0x9c,0xf7,0xbd,0xff,0xff,0xff,0xff,0xff,0xff,0xff,0xff,0x1c,0xe7,0xeb,0x5a,
    0xd7,0xbd,0xff,0xff,0xdf,0xff,0xff,0xff,0xbe,0xf7,0x7d,0xef,0xff,0xff,0xdf,0xff,
    0x1c,0xe7,0xde,0xff,0xff,0xff,0xff,0xff,0xff,0xff,0x8d,0x73,0xae,0x73,0xdf,0xff,
    0xff,0xff,0xff,0xff,0xff,0xff,0xff,0xff,0xef,0x7b,0x6d,0x6b,0xdf,0xff,0xff,0xff,
    0xff,0xff,0xff,0xff,0xff,0xff,0x30,0x8c,0xce,0x7b,0xbe,0xff,0xff,0xff,0xff,0xff,
    0xff,0xff,0xde,0xff,0xca,0x5a,0x91,0x94,0xff,0xff,0xfe,0xff,0xfe,0xff,0xde,0xff,
    0xfe,0xff,0xff,0xff,0xff,0xff,0xff,0xff,0xff,0xff,0xbf,0xf7,0xff,0xff,0x36,0xce,
    0x8b,0x83,0x0b,0x9c,0xea,0xa3,0xe9,0xab,0xe9,0xab,0x0a,0xa4,0x0a,0xa4,0x0a,0xa4,
    0xea,0xa3,0xea,0xa3,0xea,0xa3,0xea,0xa3,0xea,0xa3,0x0a,0xa4,0xea,0xa3,0xea,0xa3,
    0xea,0xa3,0xea,0xa3,0xea,0xa3,0xe9,0x9b,0xea,0xa3,0xea,0xa3,0x0a,0xa4,0x0a,0xa4,
    0xe9,0x9b,0xe9,0x9b,0xe9,0x9b,0xe9,0xa3,0x0a,0xa4,0x09,0xa4,0xe9,0xa3,0xe9,0xa3,
    0x0a,0xa4,0x0a,0xa4,0x0a,0xa4,0xe9,0x9b,0xe9,0x9b,0x09,0xa4,0x09,0xa4,0x0a,0xa4,
    0x0a,0xa4,0x0a,0xa4,0x0a,0xa4,0xea,0xa3,0xea,0xa3,0x0a,0xa4,0x0a,0xa4,0xea,0xa3,
    0xea,0xa3,0xea,0xa3,0xe9,0x9b,0xea,0x9b,0xea,0x9b,0x0a,0xa4,0x0a,0x9c,0xea,0x9b,
    0xea,0x9b,0xea,0x9b,0x0a,0xa4,0x0a,0xa4,0x0a,0xa4,0x0a,0xa4,0x0a,0xa4,0x0a,0xa4,
    0x0a,0xa4,0x0a,0xa4,0xea,0xa3,0xea,0xa3,0xea,0xa3,0xea,0xa3,0xe9,0x9b,0xe9,0x9b,
    0xe9,0x9b,0x0a,0xa4,0xcc,0xbc,0xac,0xbc,0xac,0xbc,0xcc,0xbc,0xcc,0xbc,0xcc,0xbc,
    0xcc,0xbc,0xcc,0xbc,0xcc,0xbc,0xcc,0xbc,0xcc,0xbc,0xcc,0xbc,0xcc,0xbc,0xcc,0xbc,
    0xcc,0xbc,0xcc,0xbc,0xcc,0xbc,0xcc,0xbc,0xcc,0xbc,0xcc,0xbc,0xcc,0xbc,0xcc,0xbc,
    0xcc,0xbc,0xcc,0xbc,0xcc,0xbc,0xcc,0xbc,0xcc,0xbc,0xed,0xbc,0xed,0xbc,0xed,0xbc,
    0xed,0xbc,0xec,0xbc,0xec,0xbc,0xec,0xbc,0xcc,0xbc,0xcc,0xbc,0xcc,0xbc,0xcc,0xbc,
    0xac,0xbc,0xac,0xb4,0xac,0xb4,0xac,0xb4,0xac,0xb4,0xac,0xb4,0xac,0xbc,0xac,0xbc,
    0xac,0xbc,0xac,0xbc,0x8b,0xbc,0x8b,0xbc,0xac,0xbc,0xac,0xbc,0xac,0xb4,0xac,0xb4,
    0xac,0xb4,0xac,0xb4,0xac,0xbc,0xac,0xbc,0xac,0xbc,0xac,0xbc,0xac,0xbc,0xac,0xbc,
    0xac,0xbc,0xac,0xbc,0xac,0xbc,0xac,0xbc,0xcc,0xbc,0xcc,0xbc,0xcc,0xbc,0xcc,0xbc,
    0xcc,0xbc,0xac,0xbc,0xac,0xbc,0xac,0xbc,0xac,0xbc,0xab,0xbc,0xab,0xbc,0xab,0xbc,
    0xab,0xbc,0xab,0xbc,0xab,0xbc,0xab,0xbc,0xac,0xbc,0xac,0xbc,0xac,0xbc,0xac,0xbc,
    0xac,0xbc,0xac,0xbc,0xac,0xbc,0xac,0xbc,0xcb,0xbc,0xac,0xbc,0xac,0xbc,0xab,0xbc,
    0xab,0xbc,0xcc,0xb4,0x6c,0xac,0xec,0x93,0xda,0xe6,0xff,0xff,0xff,0xff,0xff,0xff,
    0xff,0xff,0x14,0xa5,0xef,0x83,0xbe,0xf7,0xff,0xff,0xff,0xff,0xff,0xff,0xdf,0xff,
    0xf3,0x9c,0x96,0xb5,0xff,0xff,0xff,0xff,0xff,0xff,0xff,0xff,0x7d,0xef,0x6d,0x6b,
    0x69,0x4a,0x4d,0x6b,0x2c,0x63,0x2c,0x63,0x6d,0x6b,0x47,0x52,0x09,0x83,0x2b,0xac,
    0x0a,0xa4,0x2a,0xa4,0x6a,0x83,0x94,0xbd,0xff,0xff,0xdf,0xff,0xdf,0xff,0xff,0xff,
    0x5c,0xef,0x8d,0x73,0x28,0x52,0xca,0x62,0xea,0x6a,0xea,0x62,0xca,0x62,0xc6,0x41,
    0x13,0xa5,0xff,0xff,0xff,0xff,0xff,0xff,0xff,0xff,0x79,0xce,0x5d,0xef,0xff,0xff,
    0xdf,0xff,0xdf,0xff,0xdf,0xff,0x18,0xc6,0x1c,0xe7,0xff,0xff,0xff,0xff,0xff,0xff,
    0xda,0xde,0x89,0x52,0x38,0xc6,0xff,0xff,0xff,0xff,0xff,0xff,0xff,0xff,0x38,0xc6,
    0xca,0x5a,0x3c,0xef,0xff,0xff,0xff,0xf7,0xff,0xf7,0xfe,0xff,0x52,0xb5,0x89,0x83,
    0xaa,0x83,0xf3,0xac,0xdf,0xff,0xfe,0xff,0xfe,0xff,0xff,0xff,0x7d,0xf7,0xaf,0xa4,
    0x4b,0xa4,0x0c,0x94,0xf2,0xa4,0xdf,0xff,0xdf,0xff,0xdf,0xff,0xff,0xff,0xde,0xf7,
    0xd3,0x9c,0xf7,0xbd,0xff,0xff,0xff,0xff,0xff,0xff,0xff,0xff,0xfb,0xde,0x0b,0x63,
    0xf7,0xbd,0xff,0xff,0xdf,0xff,0xff,0xff,0xdf,0xff,0xdf,0xff,0xff,0xff,0x9d,0xf7,
    0x38,0xc6,0xbe,0xf7,0xff,0xff,0xff,0xff,0xff,0xff,0x8d,0x73,0xae,0x73,0xde,0xff,
    0xff,0xff,0xff,0xff,0xff,0xff,0xff,0xff,0xef,0x7b,0x6d,0x6b,0xdf,0xff,0xff,0xff,
    0xff,0xff,0xff,0xff,0xff,0xff,0x30,0x8c,0xce,0x7b,0xbe,0xff,0xff,0xff,0xff,0xff,
    0xff,0xff,0xde,0xff,0xca,0x5a,0x91,0x94,0xff,0xff,0xde,0xff,0xde,0xff,0xff,0xff,
    0xbe,0xf7,0xfb,0xde,0x9d,0xf7,0xff,0xff,0xff,0xff,0xff,0xff,0xff,0xff,0xda,0xe6,
    0x0c,0x94,0xeb,0x9b,0xea,0xa3,0xe9,0xab,0xe9,0xab,0xea,0xa3,0xea,0xa3,0xea,0xa3,
    0xea,0xa3,0xea,0xa3,0xea,0xa3,0xea,0xa3,0x0a,0xa4,0x0a,0xa4,0xea,0xa3,0xea,0xa3,
    0xea,0xa3,0xea,0xa3,0xea,0xa3,0xe9,0x9b,0xea,0xa3,0xea,0xa3,0x0a,0xa4,0x0a,0xa4,
    0xe9,0xa3,0x09,0xa4,0x09,0xa4,0x09,0xa4,0x0a,0xa4,0x0a,0xa4,0xe9,0xa3,0xe9,0xa3,
    0x0a,0xa4,0x0a,0xa4,0x0a,0xa4,0xe9,0x9b,0xe9,0x9b,0x09,0xa4,0x09,0xa4,0x0a,0xa4,
    0x0a,0xa4,0x0a,0xa4,0x0a,0xa4,0xea,0xa3,0xea,0xa3,0x0a,0xa4,0x0a,0xa4,0x0a,0xa4,
    0x0a,0xa4,0xea,0xa3,0x0a,0xa4,0x0a,0x9c,0x0a,0xa4,0x0a,0xa4,0x0a,0x9c,0xea,0x9b,
    0xea,0x9b,0xea,0x9b,0x0a,0xa4,0x0a,0xa4,0x0a,0xa4,0x0a,0xa4,0x0a,0xa4,0x0a,0xa4,
    0x0a,0xa4,0x0a,0xa4,0xea,0xa3,0xea,0xa3,0xea,0xa3,0xea,0xa3,0xea,0xa3,0xea,0xa3,
    0xea,0xa3,0x2a,0xac,0xac,0xbc,0xac,0xbc,0xac,0xbc,0xcc,0xbc,0xcc,0xbc,0xcc,0xbc,
    0xcc,0xbc,0xcc,0xbc,0xcc,0xbc,0xcc,0xbc,0xcc,0xbc,0xcc,0xbc,0xcc,0xbc,0xcc,0xbc,
    0xcc,0xbc,0xcc,0xbc,0xcc,0xbc,0xcc,0xbc,0xcc,0xbc,0xcc,0xbc,0xcc,0xbc,0xcc,0xbc,
    0xcc,0xbc,0xcc,0xbc,0xcc,0xbc,0xcc,0xbc,0xcc,0xbc,0xed,0xbc,0xed,0xbc,0xed,0xbc,
    0xed,0xbc,0xec,0xbc,0xec,0xbc,0xcc,0xbc,0xcc,0xbc,0xcc,0xbc,0xcc,0xbc,0xcc,0xbc,
    0xac,0xbc,0xac,0xb4,0xac,0xb4,0xac,0xb4,0xac,0xb4,0xac,0xb4,0xac,0xbc,0xac,0xbc,
    0xac,0xbc,0xac,0xbc,0x8b,0xbc,0x8b,0xbc,0xac,0xbc,0xac,0xbc,0xac,0xb4,0xac,0xb4,
    0xac,0xb4,0xac,0xb4,0xac,0xbc,0xac,0xbc,0xac,0xbc,0xac,0xbc,0xcc,0xbc,0xcc,0xbc,
    0xcc,0xbc,0xac,0xbc,0xac,0xbc,0xac,0xbc,0xcc,0xbc,0xac,0xbc,0xac,0xbc,0xac,0xbc,
    0xac,0xbc,0xab,0xbc,0xab,0xbc,0xab,0xbc,0xab,0xbc,0xab,0xbc,0xab,0xbc,0xab,0xbc,
    0xab,0xbc,0xab,0xbc,0xab,0xbc,0xab,0xbc,0xac,0xbc,0xac,0xbc,0xac,0xbc,0xac,0xbc,
    0xac,0xbc,0xac,0xbc,0xac,0xbc,0xac,0xbc,0xcb,0xbc,0xac,0xbc,0xac,0xbc,0xab,0xbc,
    0x8a,0xb4,0xcc,0xb4,0x8d,0xac,0xec,0x93,0x99,0xde,0xfe,0xff,0xdf,0xff,0xff,0xff,
    0xff,0xff,0xba,0xd6,0x9a,0xd6,0xdf,0xff,0xff,0xff,0xff,0xff,0xff,0xff,0xdf,0xff,
    0xf3,0x9c,0x96,0xb5,0xff,0xff,0xdf,0xff,0xff,0xff,0xff,0xff,0x5d,0xef,0x30,0x84,
    0xd7,0xbd,0xff,0xff,0xff,0xff,0xff,0xff,0xff,0xff,0xf2,0xac,0xc7,0x72,0x2b,0xac,
    0x0a,0xa4,0x2a,0xa4,0x6a,0x83,0x75,0xbd,0xff,0xff,0xdf,0xff,0xdf,0xff,0xff,0xff,
    0x5d,0xef,0x0c,0x63,0x75,0xb5,0xff,0xff,0xff,0xff,0xff,0xff,0xff,0xff,0xee,0x7b,
    0xd2,0x94,0xff,0xff,0xff,0xff,0xff,0xff,0xff,0xff,0xf7,0xbd,0xfb,0xde,0xff,0xff,
    0xff,0xff,0xff,0xff,0xdf,0xff,0x95,0xb5,0xfb,0xde,0xff,0xff,0xff,0xff,0xff,0xff,
    0xda,0xde,0x89,0x52,0x38,0xc6,0xff,0xff,0xff,0xff,0xff,0xff,0xff,0xff,0x38,0xc6,
    0xaa,0x5a,0x3c,0xef,0xff,0xff,0xff,0xf7,0xff,0xf7,0xfe,0xff,0x52,0xb5,0x89,0x8b,
    0x8a,0x83,0xf2,0xac,0xdf,0xff,0xfe,0xff,0xfe,0xff,0xff,0xff,0x7d,0xf7,0xaf,0xa4,
    0x6b,0xa4,0x2c,0x94,0x12,0xa5,0xbf,0xff,0xdf,0xff,0xdf,0xff,0xff,0xff,0xde,0xf7,
    0xd3,0x9c,0xd7,0xbd,0xff,0xff,0xff,0xff,0xdf,0xff,0xff,0xff,0xfb,0xde,0x0b,0x63,
    0xf7,0xbd,0xff,0xff,0xff,0xff,0xdf,0xff,0xff,0xff,0xdf,0xff,0xff,0xff,0xda,0xde,
    0x95,0xb5,0xbe,0xf7,0xff,0xff,0xff,0xff,0xff,0xff,0x8d,0x73,0xae,0x73,0xde,0xff,
    0xff,0xff,0xff,0xff,0xff,0xff,0xff,0xff,0xef,0x7b,0x6d,0x6b,0xdf,0xff,0xff,0xff,
    0xff,0xff,0xff,0xff,0xff,0xff,0x10,0x84,0xce,0x7b,0xbe,0xff,0xff,0xff,0xff,0xff,
    0xff,0xff,0xde,0xff,0xca,0x5a,0x91,0x94,0xff,0xff,0xff,0xff,0xff,0xff,0xff,0xff,
    0x9e,0xf7,0x92,0x94,0xf8,0xc5,0xff,0xff,0xdf,0xff,0xdf,0xff,0xff,0xff,0xfa,0xe6,
    0x0d,0x94,0xeb,0x9b,0xea,0xa3,0xe9,0xab,0xe9,0xab,0xea,0xa3,0xea,0xa3,0xea,0xa3,
    0x0a,0xa4,0x0a,0xa4,0x0a,0xa4,0x0a,0xa4,0x0a,0xa4,0x0a,0xa4,0xea,0xa3,0xea,0xa3,
    0xea,0xa3,0xea,0xa3,0xea,0xa3,0xe9,0x9b,0xea,0xa3,0xea,0xa3,0x0a,0xa4,0x0a,0xa4,
    0xe9,0xa3,0x09,0xa4,0x09,0xa4,0x09,0xa4,0x0a,0xa4,0x0a,0xa4,0xe9,0xa3,0xe9,0xa3,
    0x0a,0xa4,0x0a,0xa4,0x0a,0xa4,0xe9,0x9b,0xe9,0x9b,0x09,0xa4,0x09,0xa4,0x0a,0xa4,
    0x0a,0xa4,0x0a,0xa4,0x0a,0xa4,0xea,0xa3,0xea,0xa3,0x0a,0xa4,0x0a,0xa4,0x0a,0xa4,
    0x0a,0xa4,0x0a,0xa4,0x0a,0xa4,0x0a,0x9c,0x0a,0x9c,0x0a,0xa4,0x0a,0x9c,0x0a,0x9c,
    0x0a,0x9c,0x0a,0x9c,0x0a,0xa4,0x0a,0xa4,0x0a,0xa4,0x0a,0xa4,0x0a,0xa4,0x0a,0xa4,
    0x0a,0xa4,0x0a,0xa4,0xea,0xa3,0xea,0xa3,0xea,0xa3,0xea,0xa3,0xea,0xa3,0xea,0xa3,
    0xea,0xa3,0x2a,0xac,0xac,0xbc,0xac,0xbc,0xac,0xbc,0xcc,0xbc,0xcc,0xbc,0xcc,0xbc,
    0xcc,0xbc,0xcc,0xbc,0xcc,0xbc,0xcc,0xbc,0xcc,0xbc,0xcc,0xbc,0xcc,0xbc,0xcc,0xbc,
    0xcc,0xbc,0xcc,0xbc,0xcc,0xbc,0xcc,0xbc,0xcc,0xbc,0xcc,0xbc,0xcc,0xbc,0xcc,0xbc,
    0xcc,0xbc,0xcc,0xbc,0xcc,0xbc,0xcc,0xbc,0xcc,0xbc,0xcc,0xc4,0xed,0xc4,0xed,0xbc,
    0xed,0xc4,0xed,0xbc,0xcc,0xbc,0xcc,0xbc,0xcc,0xbc,0xcc,0xbc,0xcc,0xbc,0xcc,0xbc,
    0xcc,0xbc,0xac,0xbc,0xac,0xbc,0xac,0xbc,0xac,0xbc,0xac,0xbc,0xac,0xbc,0xac,0xbc,
    0xac,0xbc,0xac,0xbc,0x8b,0xbc,0x8b,0xbc,0xac,0xbc,0xac,0xbc,0xac,0xbc,0x8b,0xb4,
    0x8b,0xb4,0xac,0xbc,0xac,0xbc,0xac,0xbc,0xac,0xbc,0xac,0xbc,0xac,0xbc,0xac,0xbc,
    0xac,0xbc,0xac,0xbc,0xac,0xbc,0xac,0xbc,0xac,0xbc,0xac,0xbc,0xac,0xbc,0xac,0xbc,
    0xac,0xbc,0xab,0xbc,0xab,0xbc,0xab,0xbc,0xab,0xbc,0xab,0xbc,0xab,0xbc,0xab,0xbc,
    0xab,0xbc,0xab,0xbc,0xab,0xbc,0xab,0xbc,0xac,0xbc,0xab,0xbc,0xac,0xbc,0xac,0xbc,
    0xab,0xbc,0xab,0xbc,0xab,0xbc,0xac,0xbc,0xac,0xbc,0xab,0xbc,0xab,0xbc,0xaa,0xbc,
    0x8a,0xb4,0xac,0xb4,0xad,0xb4,0xcc,0x93,0x78,0xd6,0xff,0xff,0xdf,0xff,0xdf,0xf7,
    0xdf,0xf7,0xff,0xff,0xff,0xff,0xff,0xff,0xff,0xff,0xff,0xff,0xff,0xff,0xdf,0xff,
    0xf4,0x9c,0x96,0xb5,0xff,0xff,0xdf,0xff,0xdf,0xff,0xff,0xff,0x7d,0xef,0x30,0x84,
    0xb6,0xb5,0xff,0xff,0xdf,0xff,0xbf,0xf7,0xff,0xff,0x91,0xa4,0xc6,0x72,0x4a,0xac,
    0x29,0xa4,0x2b,0xa4,0x8b,0x83,0xb5,0xc5,0xdf,0xff,0xbf,0xff,0xdf,0xff,0xff,0xff,
    0x7d,0xf7,0xeb,0x62,0x33,0xa5,0xff,0xff,0xbf,0xff,0xbe,0xff,0xfe,0xff,0xcd,0x7b,
    0xb1,0x94,0xff,0xff,0xff,0xff,0xdf,0xff,0xff,0xff,0xf4,0xa4,0x39,0xce,0xff,0xff,
    0xdf,0xff,0xdf,0xff,0xde,0xff,0x34,0xa5,0xdb,0xde,0xff,0xff,0xdf,0xff,0xff,0xff,
    0xba,0xde,0x8a,0x52,0xf8,0xc5,0xff,0xff,0xdf,0xff,0xdf,0xff,0xff,0xff,0x38,0xce,
    0xaa,0x5a,0x3c,0xef,0xff,0xff,0xdf,0xff,0xff,0xff,0xdd,0xff,0x31,0xb5,0xaa,0x8b,
    0x8a,0x83,0xf2,0xa4,0xdf,0xff,0xff,0xff,0xff,0xff,0xff,0xff,0x7c,0xf7,0xf0,0xac,
    0x8d,0xac,0x4d,0x9c,0xf2,0xa4,0xbe,0xff,0xff,0xff,0xdf,0xff,0xff,0xff,0xbe,0xf7,
    0xf2,0x9c,0xf7,0xbd,0xff,0xff,0xde,0xff,0xde,0xff,0xff,0xff,0x1b,0xe7,0x2b,0x63,
    0xf7,0xbd,0xff,0xff,0xff,0xff,0xff,0xff,0xdf,0xff,0xdf,0xff,0xff,0xff,0xf2,0xa4,
    0x91,0x94,0xdf,0xff,0xff,0xff,0xff,0xff,0xff,0xff,0x8d,0x73,0xae,0x73,0xde,0xf7,
    0xff,0xff,0xff,0xff,0xff,0xff,0xff,0xff,0x10,0x7c,0xae,0x73,0xde,0xf7,0xff,0xff,
    0xdf,0xff,0xff,0xff,0xff,0xff,0x50,0x8c,0x0f,0x84,0xde,0xf7,0xff,0xff,0xff,0xff,
    0xff,0xff,0xdf,0xf7,0xeb,0x5a,0x91,0x94,0xff,0xff,0xdf,0xff,0xdf,0xff,0xff,0xff,
    0xbe,0xf7,0x92,0x94,0x96,0xb5,0xff,0xff,0xdf,0xff,0xdf,0xff,0xff,0xff,0x5b,0xf7,
    0x4d,0x9c,0xca,0x93,0x2a,0xa4,0xe9,0xa3,0xe9,0xa3,0xea,0xa3,0xea,0xa3,0xea,0xa3,
    0xea,0xa3,0x0a,0xa4,0xea,0xa3,0xea,0xa3,0xea,0xa3,0xe9,0xa3,0xe9,0xa3,0xe9,0xa3,
    0xe9,0xa3,0xea,0xa3,0x0a,0xa4,0x0a,0xa4,0x0a,0xa4,0x0a,0xa4,0x0a,0xa4,0x0a,0xa4,
    0xe9,0xa3,0xe9,0xa3,0xe9,0xa3,0xe9,0xa3,0xe9,0xa3,0xe9,0xa3,0xe9,0xa3,0x0a,0xa4,
    0x0a,0xa4,0xe9,0xa3,0xe9,0xa3,0xe9,0x9b,0xe9,0x9b,0xea,0xa3,0x0a,0xa4,0x0a,0xa4,
    0x0a,0xa4,0x0a,0xa4,0x0a,0xa4,0xea,0xa3,0xea,0xa3,0xea,0xa3,0x0a,0xa4,0x0a,0xa4,
    0x0a,0xa4,0x0a,0xa4,0x0a,0xa4,0x0a,0xa4,0x0a,0xa4,0x0a,0xa4,0x0a,0xa4,0xea,0x9b,
    0xea,0x9b,0xea,0x9b,0xea,0xa3,0xe9,0xa3,0xe9,0xa3,0xe9,0xa3,0x0a,0xa4,0x0a,0xa4,
    0x0a,0xa4,0x0a,0xa4,0xea,0xa3,0xea,0xa3,0xea,0xa3,0xea,0xa3,0x0a,0xa4,0x09,0xa4,
    0xe9,0xa3,0x2a,0xac,0xac,0xbc,0xac,0xbc,0xac,0xbc,0xcc,0xbc,0xcc,0xbc,0xcc,0xbc,
    0xcc,0xbc,0xcc,0xbc,0xcc,0xbc,0xcc,0xbc,0xcc,0xbc,0xcc,0xbc,0xcc,0xbc,0xcc,0xbc,
    0xcc,0xbc,0xcc,0xbc,0xcc,0xbc,0xcc,0xbc,0xcc,0xbc,0xcc,0xbc,0xcc,0xbc,0xcc,0xbc,
    0xcc,0xbc,0xcc,0xbc,0xcc,0xbc,0xcc,0xbc,0xcc,0xbc,0xec,0xc4,0xed,0xc4,0xed,0xbc,
    0x0d,0xc5,0xed,0xbc,0xcc,0xbc,0xec,0xbc,0xec,0xbc,0xec,0xbc,0xcc,0xbc,0xcc,0xbc,
    0xcc,0xbc,0xcc,0xbc,0xac,0xbc,0xac,0xbc,0xac,0xbc,0xac,0xbc,0xac,0xbc,0xac,0xbc,
    0xac,0xbc,0xac,0xbc,0x8b,0xbc,0x8b,0xbc,0xac,0xbc,0xac,0xbc,0xac,0xbc,0x8b,0xb4,
    0x6b,0xb4,0xac,0xbc,0xac,0xbc,0xac,0xbc,0xac,0xbc,0xac,0xbc,0xac,0xbc,0xac,0xbc,
    0xac,0xbc,0xac,0xbc,0xac,0xbc,0xac,0xbc,0xac,0xbc,0xac,0xbc,0xac,0xbc,0xac,0xbc,
    0xac,0xbc,0xab,0xbc,0xab,0xbc,0xcb,0xbc,0xcb,0xbc,0xab,0xbc,0xab,0xbc,0xab,0xbc,
    0xab,0xbc,0xab,0xbc,0xab,0xbc,0xab,0xbc,0xab,0xbc,0xab,0xbc,0xab,0xbc,0xab,0xbc,
    0xab,0xbc,0xab,0xbc,0xab,0xbc,0xab,0xbc,0xac,0xbc,0xab,0xbc,0xaa,0xbc,0xaa,0xb4,
    0xab,0xbc,0x6b,0xb4,0x8d,0xb4,0x6a,0x8b,0x0d,0x8c,0x7c,0xf7,0xff,0xff,0xff,0xff,
    0xff,0xff,0xff,0xff,0x1b,0xe7,0xbe,0xf7,0xff,0xff,0xdf,0xff,0xff,0xff,0xdf,0xff,
    0xf3,0xa4,0x75,0xb5,0xdf,0xff,0xdf,0xff,0xdf,0xff,0xdf,0xff,0x7d,0xef,0xce,0x7b,
    0x95,0xb5,0xff,0xff,0xff,0xff,0xdf,0xff,0xff,0xff,0xb2,0xac,0xe6,0x72,0x69,0xa4,
    0x28,0x9c,0x2b,0xa4,0x8b,0x83,0x54,0xb5,0x9e,0xff,0xdf,0xff,0xdf,0xff,0xff,0xff,
    0x5c,0xef,0xaa,0x5a,0x33,0xa5,0xff,0xff,0xbf,0xff,0xdf,0xff,0xde,0xff,0xad,0x7b,
    0xd2,0x9c,0xff,0xff,0xdf,0xff,0xff,0xff,0xff,0xff,0xaf,0x7b,0x14,0xa5,0xff,0xff,
    0xdf,0xff,0xdf,0xff,0x7d,0xf7,0xf4,0x9c,0x1c,0xdf,0xff,0xff,0xdf,0xff,0xff,0xff,
    0xba,0xde,0xaa,0x5a,0xf7,0xbd,0xff,0xff,0xdf,0xff,0xdf,0xff,0xff,0xff,0x38,0xce,
    0x0c,0x6b,0x5c,0xef,0xdf,0xff,0xdf,0xff,0xff,0xff,0x9c,0xff,0xd0,0xb4,0xca,0x93,
    0x8a,0x83,0x11,0xad,0xfe,0xff,0xff,0xff,0xff,0xff,0xff,0xff,0x5c,0xf7,0xd0,0xac,
    0x6c,0xa4,0x2d,0x94,0xf2,0xa4,0xdf,0xff,0xff,0xff,0xdf,0xff,0xff,0xff,0x9d,0xf7,
    0xb1,0x94,0x17,0xc6,0xff,0xff,0xde,0xff,0xff,0xff,0xff,0xff,0x1b,0xe7,0x2b,0x63,
    0xf6,0xbd,0xff,0xff,0xff,0xff,0xff,0xff,0xdf,0xff,0xde,0xff,0xbd,0xff,0xad,0x83,
    0x50,0x94,0xdf,0xff,0xff,0xff,0xdf,0xff,0xff,0xff,0x8d,0x73,0xae,0x7b,0xbe,0xf7,
    0xff,0xff,0xff,0xff,0xff,0xff,0xbe,0xf7,0xeb,0x5a,0x0c,0x63,0xde,0xff,0xff,0xff,
    0xde,0xff,0xff,0xff,0xbe,0xf7,0x4c,0x6b,0x2c,0x63,0xbe,0xf7,0xff,0xff,0xdf,0xff,
    0xff,0xff,0xde,0xf7,0xeb,0x5a,0x91,0x94,0xff,0xff,0xff,0xff,0xff,0xff,0xff,0xff,
    0x3c,0xe7,0xae,0x73,0xd6,0xbd,0xff,0xff,0xdf,0xff,0xff,0xf7,0xff,0xff,0x1a,0xe7,
    0x2c,0x9c,0xeb,0x9b,0x2a,0xac,0x2a,0xac,0x0a,0xac,0x0a,0xa4,0x0a,0xa4,0x0a,0xa4,
    0x0a,0xa4,0x0a,0xac,0xea,0xa3,0xea,0xa3,0x0a,0xa4,0x0a,0xa4,0x0a,0xa4,0x0a,0xa4,
    0xe9,0xa3,0xe9,0xa3,0x0a,0xa4,0x0a,0xa4,0x0a,0xa4,0x0a,0xa4,0x0a,0xa4,0x0a,0xa4,
    0x0a,0xa4,0x0a,0xa4,0xea,0xa3,0x0a,0xa4,0x0a,0xa4,0x0a,0xa4,0x0a,0xa4,0x0a,0xa4,
    0x0a,0xa4,0x0a,0xa4,0x0a,0xa4,0xe9,0xa3,0xea,0xa3,0xea,0xa3,0x0a,0xa4,0x0a,0xa4,
    0x0a,0xa4,0x0a,0xa4,0x0a,0xa4,0xea,0xa3,0xea,0xa3,0x0a,0xa4,0x0a,0xa4,0x0a,0xa4,
    0x0a,0xa4,0x0a,0xa4,0x0a,0xa4,0x0a,0xa4,0x0a,0xa4,0x0a,0xa4,0x0a,0xa4,0xea,0xa3,
    0xea,0xa3,0xea,0xa3,0xea,0xa3,0xe9,0xa3,0xe9,0xa3,0xe9,0xa3,0x0a,0xa4,0x0a,0xa4,
    0x0a,0xa4,0x0a,0xa4,0xea,0xa3,0xea,0xa3,0xea,0xa3,0xea,0xa3,0xe9,0xa3,0xe9,0xa3,
    0xe9,0xa3,0x2a,0xac,0xac,0xbc,0xac,0xbc,0xac,0xbc,0xcc,0xbc,0xcc,0xbc,0xcc,0xbc,
    0xcc,0xbc,0xcc,0xbc,0xcc,0xbc,0xcc,0xbc,0xcc,0xbc,0xcc,0xbc,0xcc,0xbc,0xcc,0xbc,
    0xcc,0xbc,0xcc,0xbc,0xcc,0xbc,0xcc,0xbc,0xcc,0xbc,0xcc,0xbc,0xcc,0xbc,0xcc,0xbc,
    0xcc,0xbc,0xcc,0xbc,0xcc,0xbc,0xcc,0xbc,0xcc,0xbc,0xec,0xc4,0xed,0xc4,0xed,0xbc,
    0x0d,0xc5,0xed,0xbc,0xcc,0xbc,0xed,0xbc,0xed,0xbc,0xed,0xbc,0xed,0xbc,0xcc,0xc4,
    0xcc,0xbc,0xcc,0xbc,0xcc,0xbc,0xac,0xbc,0xac,0xbc,0xac,0xbc,0xac,0xbc,0xac,0xbc,
    0xac,0xbc,0xac,0xbc,0x8b,0xbc,0x8b,0xbc,0xac,0xbc,0xac,0xbc,0xac,0xbc,0x8b,0xb4,
    0x6b,0xb4,0xac,0xbc,0xac,0xbc,0xac,0xbc,0xac,0xbc,0xac,0xbc,0xac,0xbc,0xac,0xbc,
    0xac,0xbc,0xac,0xbc,0xac,0xbc,0xac,0xbc,0xac,0xbc,0xac,0xbc,0xac,0xbc,0xac,0xbc,
    0xac,0xbc,0xab,0xbc,0xab,0xbc,0xcb,0xbc,0xcb,0xbc,0xab,0xbc,0xab,0xbc,0xab,0xbc,
    0xab,0xbc,0xab,0xbc,0xab,0xbc,0xab,0xbc,0xab,0xbc,0xab,0xbc,0xab,0xbc,0xab,0xbc,
    0xab,0xbc,0xab,0xbc,0xab,0xbc,0xab,0xbc,0xac,0xbc,0xab,0xbc,0xab,0xbc,0xaa,0xbc,
    0xab,0xb4,0xac,0xb4,0xad,0xbc,0x6d,0xac,0xe8,0x72,0x8a,0x83,0x6a,0x7b,0x4a,0x6b,
    0x4b,0x6b,0x4c,0x6b,0x50,0x94,0x7d,0xf7,0xff,0xff,0xde,0xff,0xff,0xff,0xde,0xff,
    0x33,0xad,0xf2,0xa4,0xbe,0xff,0xde,0xff,0xde,0xff,0xff,0xff,0xfb,0xde,0xce,0x73,
    0x58,0xc6,0xff,0xff,0xff,0xf7,0xdf,0xf7,0xff,0xff,0x12,0xb5,0x27,0x83,0x69,0xac,
    0x08,0x9c,0x2a,0xa4,0x49,0x83,0x2f,0x94,0x9e,0xff,0xff,0xff,0xff,0xff,0xff,0xff,
    0x3c,0xdf,0xaf,0x73,0x18,0xbe,0xff,0xff,0xdf,0xff,0xdf,0xff,0x7c,0xef,0x6c,0x6b,
    0x13,0x9d,0xff,0xff,0xdf,0xff,0xff,0xff,0xff,0xff,0x6d,0x6b,0x91,0x8c,0xff,0xff,
    0xde,0xf7,0xff,0xff,0x1c,0xe7,0x92,0x94,0xfc,0xde,0xff,0xff,0xff,0xff,0xff,0xff,
    0xba,0xde,0xeb,0x62,0xb6,0xb5,0xff,0xff,0xdf,0xff,0xdf,0xff,0xff,0xff,0x18,0xbe,
    0x31,0x84,0x9e,0xf7,0xff,0xff,0xdf,0xf7,0xff,0xff,0x5b,0xf7,0x6e,0xa4,0xaa,0x93,
    0x6a,0x83,0x11,0xad,0xde,0xff,0xff,0xff,0xdf,0xff,0xff,0xff,0x7c,0xf7,0x8f,0xa4,
    0xca,0x93,0xab,0x8b,0x12,0xad,0xdf,0xff,0xff,0xff,0xdf,0xff,0xff,0xff,0x9e,0xf7,
    0x92,0x94,0xf8,0xc5,0xff,0xff,0xdf,0xff,0xbf,0xff,0xff,0xff,0xfb,0xde,0x0b,0x63,
    0xf6,0xc5,0xff,0xff,0xff,0xff,0xff,0xff,0xde,0xff,0xff,0xff,0x17,0xce,0x88,0x5a,
    0xf2,0xa4,0xde,0xff,0xff,0xff,0xdf,0xff,0xff,0xff,0x8d,0x7b,0xad,0x7b,0xbe,0xff,
    0xfe,0xff,0xde,0xff,0xfe,0xff,0xbd,0xf7,0x95,0xb5,0x17,0xc6,0xdf,0xff,0xff,0xff,
    0xdf,0xff,0xff,0xff,0xbe,0xf7,0xb6,0xbd,0xf7,0xbd,0xde,0xff,0xff,0xff,0xff,0xff,
    0xff,0xff,0xde,0xff,0xeb,0x62,0x91,0x94,0xff,0xff,0xff,0xff,0xff,0xff,0xff,0xff,
    0x7d,0xf7,0x18,0xc6,0x3c,0xef,0xff,0xff,0xdf,0xff,0xff,0xf7,0xff,0xff,0xf9,0xe6,
    0x6e,0x9c,0x4c,0xa4,0x4b,0xac,0x4a,0xac,0x6b,0xb4,0x4b,0xac,0x4b,0xac,0x4b,0xac,
    0x4b,0xac,0x2b,0xac,0x2b,0xac,0x0a,0xac,0x2a,0xac,0x2a,0xac,0x2a,0xa4,0x2a,0xa4,
    0x2a,0xa4,0x2a,0xa4,0x2a,0xac,0x4b,0xac,0x2a,0xa4,0x2a,0xa4,0x2a,0xa4,0x0a,0xa4,
    0x2a,0xa4,0x2a,0xa4,0x0a,0xa4,0x0a,0xa4,0x2a,0xa4,0x2a,0xa4,0x2a,0xa4,0x2a,0xa4,
    0x2a,0xa4,0x2a,0xa4,0x0a,0xa4,0x0a,0xa4,0x0a,0xa4,0x0a,0xa4,0x0a,0xa4,0x0a,0xa4,
    0x0a,0xa4,0x0a,0xa4,0x0a,0xa4,0x0a,0xa4,0x0a,0xa4,0x0a,0xa4,0x0a,0xa4,0x0a,0xa4,
    0x0a,0xa4,0x0a,0xa4,0x0a,0xa4,0x0a,0xa4,0x0a,0xa4,0x0a,0xa4,0x0a,0xa4,0x0a,0xa4,
    0x0a,0xa4,0x0a,0xa4,0x0a,0xa4,0x0a,0xa4,0x0a,0xa4,0x0a,0xa4,0x0a,0xa4,0x0a,0xa4,
    0x0a,0xa4,0x0a,0xa4,0xea,0xa3,0xea,0xa3,0x0a,0xa4,0x0a,0xa4,0x09,0xa4,0x09,0xa4,
    0xe9,0xa3,0x2a,0xac,0xcc,0xbc,0xac,0xbc,0xac,0xbc,0xcc,0xbc,0xcc,0xbc,0xcc,0xbc,
    0xcc,0xbc,0xcc,0xbc,0xcc,0xbc,0xcc,0xbc,0xcc,0xbc,0xcc,0xbc,0xcc,0xbc,0xcc,0xbc,
    0xcc,0xbc,0xcc,0xbc,0xcc,0xbc,0xcc,0xbc,0xcc,0xbc,0xcc,0xbc,0xcc,0xbc,0xcc,0xbc,
    0xcc,0xbc,0xcc,0xbc,0xcc,0xbc,0xcc,0xbc,0xcc,0xbc,0xec,0xc4,0xed,0xc4,0xed,0xbc,
    0x0d,0xc5,0xed,0xbc,0xcc,0xbc,0xed,0xbc,0xed,0xbc,0xed,0xbc,0xed,0xbc,0xcc,0xc4,
    0xcc,0xbc,0xcc,0xbc,0xcc,0xbc,0xac,0xbc,0xac,0xbc,0xac,0xbc,0xac,0xbc,0xac,0xbc,
    0xac,0xbc,0xac,0xbc,0x8b,0xbc,0x8b,0xbc,0xac,0xbc,0xac,0xbc,0xac,0xbc,0x8b,0xb4,
    0x6b,0xb4,0xac,0xbc,0xac,0xbc,0xac,0xbc,0xac,0xbc,0xac,0xbc,0xac,0xbc,0xac,0xbc,
    0xac,0xbc,0xac,0xbc,0xac,0xbc,0xac,0xbc,0xac,0xbc,0xac,0xbc,0xac,0xbc,0xac,0xbc,
    0xac,0xbc,0xab,0xbc,0xab,0xbc,0xcb,0xbc,0xcb,0xbc,0xab,0xbc,0xab,0xbc,0xab,0xbc,
    0xab,0xbc,0xab,0xbc,0xab,0xbc,0xab,0xbc,0xab,0xbc,0xab,0xbc,0xab,0xbc,0xab,0xbc,
    0xab,0xbc,0xab,0xbc,0xab,0xbc,0xab,0xbc,0xac,0xbc,0xab,0xbc,0xab,0xbc,0xab,0xbc,
    0xab,0xbc,0x8b,0xb4,0x8c,0xb4,0x8d,0xb4,0xad,0xb4,0xea,0x9b,0x88,0x83,0x88,0x7b,
    0x89,0x7b,0x2a,0x6b,0xee,0x83,0x7d,0xef,0xff,0xff,0xdf,0xff,0xde,0xff,0xde,0xff,
    0xf2,0xa4,0x8d,0x73,0x5b,0xef,0xfe,0xff,0xfe,0xff,0xff,0xff,0xbe,0xf7,0x3c,0xdf,
    0xde,0xf7,0xfe,0xf7,0xde,0xf7,0xff,0xff,0x5c,0xf7,0x0d,0x9c,0xa9,0x93,0x29,0xac,
    0xe7,0xa3,0x2a,0xac,0x89,0x8b,0xcc,0x83,0x5c,0xf7,0xff,0xff,0xdf,0xf7,0xff,0xf7,
    0xbf,0xef,0x5d,0xe7,0xbe,0xf7,0xff,0xff,0xbf,0xff,0xff,0xff,0xf6,0xbd,0xc6,0x39,
    0x34,0xa5,0xdf,0xf7,0xff,0xff,0xde,0xf7,0xff,0xff,0xae,0x73,0x50,0x84,0xfe,0xff,
    0xde,0xf7,0xff,0xff,0x38,0xc6,0xce,0x7b,0x3c,0xe7,0xff,0xff,0xdf,0xff,0xff,0xff,
    0xba,0xde,0x4c,0x6b,0xf2,0xa4,0xde,0xff,0xdf,0xff,0xff,0xff,0xff,0xf7,0x9e,0xef,
    0x5d,0xdf,0xbf,0xf7,0xdf,0xf7,0xdf,0xf7,0xff,0xff,0x57,0xd6,0x08,0x7b,0xca,0x9b,
    0x6a,0x83,0x12,0xad,0xde,0xff,0xff,0xff,0xdf,0xff,0xff,0xff,0x7c,0xf7,0x2e,0x9c,
    0x07,0x7b,0x29,0x7b,0xd1,0xa4,0xde,0xff,0xff,0xff,0xff,0xff,0xff,0xff,0xff,0xff,
    0x3d,0xe7,0x9e,0xef,0xff,0xff,0xdf,0xff,0xdf,0xff,0xff,0xff,0x18,0xc6,0xaa,0x5a,
    0x16,0xc6,0xff,0xff,0xff,0xff,0xbe,0xff,0xff,0xff,0xde,0xff,0x33,0xad,0x67,0x52,
    0xb1,0x9c,0xbe,0xff,0xff,0xff,0xdf,0xff,0xff,0xff,0x8d,0x73,0xad,0x7b,0xbe,0xf7,
    0xdf,0xff,0xdf,0xff,0xdf,0xff,0xff,0xff,0xff,0xff,0xff,0xff,0xdf,0xff,0xff,0xff,
    0xff,0xff,0xdf,0xff,0xff,0xff,0xff,0xff,0xff,0xff,0xff,0xff,0xff,0xff,0xff,0xff,
    0xff,0xff,0xde,0xff,0xeb,0x5a,0xb1,0x94,0xff,0xff,0xff,0xff,0xdf,0xff,0xdf,0xff,
    0xff,0xff,0xff,0xff,0xff,0xff,0xff,0xff,0xff,0xff,0xdf,0xf7,0xff,0xff,0x98,0xd6,
    0x8e,0xa4,0x50,0xc5,0xed,0xc4,0xcc,0xbc,0xcc,0xc4,0xcd,0xbc,0xcd,0xbc,0xcd,0xbc,
    0xcd,0xbc,0xac,0xbc,0xac,0xbc,0x8c,0xb4,0x8c,0xb4,0x8b,0xac,0x6b,0xac,0x6b,0xac,
    0x6b,0xac,0x6b,0xac,0x8b,0xb4,0x8c,0xb4,0x6b,0xac,0x6b,0xac,0x6b,0xac,0x4b,0xac,
    0x4a,0xac,0x4a,0xac,0x2a,0xa4,0x2a,0xa4,0x2a,0xa4,0x2a,0xa4,0x2a,0xa4,0x2a,0xac,
    0x2a,0xac,0x2a,0xa4,0x2a,0xa4,0x2a,0xa4,0x2a,0xa4,0x0a,0xa4,0x0a,0xa4,0x0a,0xa4,
    0x2a,0xa4,0x2a,0xa4,0x2a,0xa4,0x2a,0xac,0x2a,0xa4,0x0a,0xa4,0x0a,0xa4,0x2a,0xa4,
    0x2a,0xa4,0x2a,0xa4,0x2a,0xa4,0x2a,0xa4,0x2a,0xa4,0x2a,0xa4,0x0a,0xa4,0x0a,0xa4,
    0x0a,0xa4,0x0a,0xa4,0x0a,0xa4,0x0a,0xa4,0x0a,0xa4,0x0a,0xa4,0x0a,0xa4,0x0a,0xa4,
    0x0a,0xa4,0x0a,0xa4,0xea,0xa3,0xea,0xa3,0x0a,0xa4,0x0a,0xa4,0x09,0xa4,0x09,0xa4,
    0xe9,0xa3,0x2a,0xac,0xcc,0xbc,0xac,0xbc,0xac,0xbc,0xcc,0xbc,0xcc,0xbc,0xcc,0xbc,
    0xcc,0xbc,0xcc,0xbc,0xcc,0xbc,0xcc,0xbc,0xcc,0xbc,0xcc,0xbc,0xcc,0xbc,0xcc,0xbc,
    0xcc,0xbc,0xcc,0xbc,0xcc,0xbc,0xcc,0xbc,0xcc,0xbc,0xcc,0xbc,0xcc,0xbc,0xcc,0xbc,
    0xcc,0xbc,0xcc,0xbc,0xcc,0xbc,0xcc,0xbc,0xcc,0xbc,0xed,0xc4,0xed,0xc4,0xed,0xc4,
    0xed,0xbc,0xed,0xbc,0xed,0xbc,0xed,0xc4,0xed,0xc4,0xed,0xc4,0xed,0xc4,0xcc,0xc4,
    0xcc,0xbc,0xcc,0xbc,0xac,0xbc,0xac,0xbc,0xac,0xbc,0xac,0xbc,0xac,0xbc,0xac,0xbc,
    0xac,0xbc,0xac,0xbc,0x8b,0xb4,0x8b,0xb4,0x8b,0xbc,0xac,0xbc,0xac,0xbc,0xac,0xbc,
    0x8b,0xbc,0xac,0xbc,0xac,0xbc,0xac,0xbc,0xac,0xbc,0xac,0xbc,0xac,0xbc,0xac,0xbc,
    0xac,0xbc,0xac,0xbc,0xac,0xbc,0xac,0xbc,0xac,0xbc,0xac,0xbc,0xac,0xbc,0xac,0xbc,
    0xac,0xbc,0xac,0xbc,0xcb,0xbc,0xcb,0xbc,0xcb,0xbc,0xab,0xbc,0xab,0xbc,0xab,0xbc,
    0xab,0xbc,0xab,0xbc,0xab,0xbc,0xab,0xbc,0xab,0xbc,0xab,0xbc,0xab,0xbc,0xab,0xbc,
    0xab,0xbc,0xab,0xbc,0xab,0xbc,0xac,0xbc,0xac,0xbc,0xac,0xbc,0xab,0xbc,0xab,0xbc,
    0xab,0xbc,0xab,0xb4,0xac,0xb4,0x8c,0xb4,0x8c,0xbc,0xcc,0xbc,0xec,0xbc,0x0c,0xbd,
    0x0e,0xb5,0x8e,0xa4,0x4f,0x94,0x7d,0xf7,0xff,0xff,0xff,0xff,0xff,0xff,0xde,0xff,
    0x54,0xad,0x4b,0x6b,0xd1,0x9c,0xdd,0xff,0xff,0xff,0xff,0xff,0xff,0xff,0xff,0xff,
    0xff,0xff,0xff,0xff,0xff,0xff,0xfd,0xff,0xaf,0xa4,0xe8,0x7a,0x0a,0xa4,0x08,0xac,
    0xe8,0xa3,0xe9,0xa3,0xea,0x9b,0x28,0x73,0x32,0xb5,0xff,0xff,0xff,0xff,0xff,0xff,
    0xff,0xff,0xff,0xff,0xff,0xff,0xff,0xff,0xff,0xff,0x3b,0xef,0x0e,0x8c,0x47,0x4a,
    0x34,0xad,0xff,0xff,0xff,0xff,0xff,0xff,0xff,0xff,0xce,0x73,0x8d,0x73,0xde,0xf7,
    0xff,0xff,0xff,0xff,0xf2,0xa4,0xaa,0x52,0x7d,0xef,0xff,0xff,0xff,0xff,0xff,0xff,
    0xfa,0xe6,0xea,0x62,0xe6,0x49,0xb9,0xde,0xff,0xff,0xff,0xff,0xff,0xff,0xff,0xff,
    0xff,0xff,0xff,0xff,0xdf,0xff,0xff,0xff,0x5b,0xf7,0xcc,0x8b,0x49,0x83,0xca,0x9b,
    0x09,0x73,0x12,0xa5,0xff,0xff,0xff,0xff,0xff,0xff,0xff,0xff,0x9d,0xff,0x4f,0x9c,
    0xc6,0x72,0xe7,0x72,0xf1,0xac,0xde,0xff,0xff,0xff,0xff,0xff,0xff,0xff,0xde,0xf7,
    0xff,0xf7,0xff,0xff,0xff,0xff,0xff,0xff,0xff,0xff,0xff,0xff,0xf2,0x9c,0xe6,0x41,
    0x58,0xce,0xff,0xff,0xff,0xff,0xff,0xff,0xff,0xff,0x1b,0xef,0xee,0x83,0x0a,0x6b,
    0xd2,0x9c,0xde,0xff,0xff,0xff,0xff,0xff,0xff,0xff,0x8d,0x73,0xad,0x73,0xdf,0xff,
    0xff,0xff,0xff,0xff,0xff,0xff,0xff,0xff,0xff,0xff,0xff,0xff,0xff,0xff,0xff,0xff,
    0xff,0xff,0xff,0xff,0xff,0xff,0xff,0xff,0xff,0xff,0xff,0xff,0xff,0xff,0xff,0xff,
    0xff,0xff,0xff,0xff,0xeb,0x5a,0xb2,0x94,0xff,0xff,0xff,0xff,0xff,0xff,0xff,0xff,
    0xff,0xff,0xff,0xff,0xff,0xff,0xff,0xff,0xff,0xff,0xff,0xff,0xff,0xff,0x52,0xb5,
    0x4d,0x9c,0xd2,0xd5,0x8f,0xd5,0x8f,0xd5,0x8f,0xd5,0x90,0xd5,0x6f,0xd5,0x6f,0xd5,
    0x6f,0xcd,0x4f,0xcd,0x4f,0xcd,0x4f,0xcd,0x4f,0xcd,0x4f,0xcd,0x4e,0xcd,0x2e,0xc5,
    0x0e,0xc5,0x0d,0xc5,0xed,0xbc,0xed,0xbc,0xcc,0xbc,0xcc,0xbc,0xcc,0xbc,0xcc,0xb4,
    0x8b,0xb4,0x8b,0xb4,0x8b,0xb4,0x8b,0xb4,0x8b,0xb4,0x8b,0xb4,0x8b,0xb4,0x8b,0xb4,
    0x6b,0xac,0x6b,0xac,0x6a,0xac,0x4a,0xac,0x4a,0xac,0x4a,0xac,0x2a,0xa4,0x4a,0xac,
    0x4a,0xac,0x4a,0xac,0x4a,0xac,0x4a,0xac,0x2a,0xa4,0x2a,0xa4,0x2a,0xa4,0x2a,0xa4,
    0x0a,0xa4,0x0a,0xa4,0x2a,0xa4,0x0a,0xa4,0x2a,0xa4,0x2a,0xa4,0x2a,0xa4,0x0a,0xa4,
    0x0a,0xa4,0x0a,0xa4,0x2a,0xa4,0x2a,0xac,0x2a,0xa4,0x2a,0xa4,0x0a,0xa4,0x0a,0xa4,
    0x0a,0xa4,0x0a,0xa4,0x0a,0xa4,0x0a,0xa4,0x0a,0xa4,0x0a,0xa4,0x09,0xa4,0x09,0xa4,
    0x09,0xa4,0x2a,0xac,0xcc,0xbc,0xcc,0xbc,0xcc,0xbc,0xcc,0xbc,0xcc,0xbc,0xcc,0xbc,
    0xcc,0xbc,0xcc,0xbc,0xcc,0xbc,0xcc,0xbc,0xcc,0xbc,0xcc,0xbc,0xcc,0xbc,0xcc,0xbc,
    0xcc,0xbc,0xcc,0xbc,0xcc,0xbc,0xcc,0xbc,0xcc,0xbc,0xcc,0xbc,0xcc,0xbc,0xcc,0xbc,
    0xcc,0xbc,0xcc,0xbc,0xcc,0xbc,0xcc,0xbc,0xcc,0xbc,0xed,0xc4,0xed,0xc4,0xed,0xc4,
    0xed,0xbc,0xed,0xbc,0xed,0xbc,0xed,0xc4,0xed,0xc4,0xed,0xc4,0xed,0xc4,0xcc,0xc4,
    0xcc,0xbc,0xcc,0xbc,0xac,0xbc,0xac,0xbc,0xac,0xbc,0xac,0xbc,0xac,0xbc,0xac,0xbc,
    0xac,0xbc,0xac,0xbc,0x8b,0xb4,0x8b,0xb4,0x8b,0xbc,0xac,0xbc,0x8b,0xbc,0x8b,0xbc,
    0x8b,0xbc,0xac,0xbc,0xac,0xbc,0xac,0xbc,0xac,0xbc,0xac,0xbc,0xac,0xbc,0xac,0xbc,
    0xac,0xbc,0xac,0xbc,0xac,0xbc,0xac,0xbc,0xac,0xbc,0xac,0xbc,0xac,0xbc,0xac,0xbc,
    0xac,0xbc,0xac,0xbc,0xcb,0xbc,0xcb,0xbc,0xcb,0xbc,0xab,0xbc,0xab,0xbc,0xab,0xbc,
    0xab,0xbc,0xab,0xbc,0xab,0xbc,0xab,0xbc,0xab,0xbc,0xab,0xbc,0xab,0xbc,0xab,0xbc,
    0xab,0xbc,0xab,0xbc,0xab,0xbc,0xab,0xbc,0xac,0xbc,0xac,0xbc,0xac,0xbc,0xac,0xbc,
    0xab,0xbc,0xab,0xbc,0xac,0xb4,0xac,0xbc,0x8c,0xbc,0x8b,0xbc,0x8b,0xbc,0x8b,0xb4,
    0x8c,0xac,0x6d,0xa4,0xf0,0xb4,0xfa,0xee,0x3c,0xef,0x3b,0xef,0x3b,0xef,0x3b,0xef,
    0xd4,0xbd,0x4e,0x94,0x6a,0x73,0xac,0x83,0x98,0xde,0x3c,0xef,0x1c,0xef,0x1c,0xef,
    0x1b,0xef,0x3c,0xef,0xd9,0xe6,0x4d,0x94,0xa6,0x6a,0xea,0x9b,0x0a,0xa4,0xe9,0xab,
    0xe8,0xa3,0xe9,0xa3,0x09,0x9c,0x89,0x8b,0xc8,0x6a,0xee,0x8b,0x1a,0xef,0x5b,0xef,
    0x3b,0xef,0x3c,0xef,0x3b,0xef,0x5b,0xf7,0xb4,0xc5,0x6a,0x83,0x8a,0x83,0x6a,0x7b,
    0x93,0xbd,0x5c,0xf7,0x3b,0xef,0x1b,0xef,0x7d,0xf7,0xae,0x7b,0x8a,0x5a,0xdb,0xe6,
    0x1c,0xef,0x5d,0xf7,0x12,0xa5,0xee,0x83,0x5c,0xef,0x7d,0xf7,0x5c,0xef,0x7c,0xf7,
    0xb9,0xe6,0x68,0x5a,0xc1,0x28,0xe6,0x49,0x95,0xbd,0x7c,0xf7,0x5c,0xef,0x5c,0xef,
    0x3c,0xef,0x3c,0xef,0x7c,0xf7,0x73,0xbd,0xc8,0x72,0xe7,0x7a,0x89,0x93,0x68,0x9b,
    0x6a,0x83,0xd5,0xc5,0x5b,0xf7,0x5b,0xef,0x5c,0xef,0x5b,0xef,0x3b,0xf7,0x6f,0xa4,
    0x85,0x72,0xa6,0x6a,0xf1,0xac,0xde,0xff,0xff,0xff,0xff,0xff,0xff,0xff,0xbd,0xf7,
    0xd5,0xb5,0x99,0xd6,0x7c,0xf7,0x3a,0xef,0x5b,0xef,0xf5,0xc5,0x26,0x52,0xe5,0x49,
    0x78,0xd6,0x5c,0xf7,0x3b,0xef,0x5c,0xef,0x7c,0xf7,0x16,0xce,0xc9,0x6a,0x2a,0x73,
    0x74,0xbd,0x5c,0xf7,0x5c,0xef,0x3c,0xef,0x7c,0xf7,0xcd,0x83,0x90,0x9c,0x7d,0xf7,
    0x5c,0xef,0x5c,0xef,0x5c,0xef,0x5c,0xef,0x7c,0xef,0x7c,0xef,0x5c,0xef,0x5c,0xef,
    0x5c,0xef,0x5c,0xef,0x5c,0xef,0x5c,0xef,0x5c,0xef,0x5c,0xef,0x5c,0xef,0x5c,0xef,
    0x5c,0xef,0x1b,0xe7,0x6c,0x73,0x54,0xad,0x5c,0xef,0x3b,0xef,0x5c,0xef,0x5c,0xef,
    0x5c,0xef,0x5c,0xef,0x5c,0xef,0x5c,0xef,0x3c,0xef,0x7b,0xf7,0x15,0xce,0x0c,0x94,
    0x30,0xbd,0x90,0xd5,0x8f,0xd5,0x8f,0xd5,0xaf,0xd5,0x90,0xd5,0x90,0xd5,0x8f,0xd5,
    0x90,0xd5,0xb0,0xd5,0xb0,0xd5,0xb0,0xd5,0xb0,0xd5,0xd0,0xd5,0xb0,0xd5,0xb0,0xd5,
    0x8f,0xcd,0x8f,0xcd,0x6f,0xcd,0x6f,0xcd,0x6e,0xcd,0x6e,0xcd,0x4e,0xcd,0x4e,0xcd,
    0x4e,0xcd,0x4e,0xcd,0x4e,0xcd,0x4e,0xcd,0x4e,0xc5,0x4e,0xc5,0x4e,0xc5,0x2d,0xc5,
    0x0d,0xc5,0x0d,0xbd,0x0d,0xbd,0xcc,0xbc,0xac,0xb4,0xac,0xb4,0xac,0xb4,0xac,0xb4,
    0xac,0xb4,0x8c,0xb4,0x8c,0xb4,0x8b,0xb4,0x8b,0xac,0x8b,0xac,0x6b,0xac,0x4a,0xac,
    0x4a,0xac,0x4a,0xac,0x2a,0xa4,0x2a,0xa4,0x2a,0xa4,0x2a,0xa4,0x4a,0xac,0x2a,0xa4,
    0x2a,0xa4,0x2a,0xa4,0x2a,0xa4,0x2a,0xa4,0x0a,0xa4,0x0a,0xa4,0x2a,0xac,0x2a,0xac,
    0x2a,0xa4,0x2a,0xa4,0x2b,0xa4,0x2a,0xa4,0x2a,0xa4,0x2a,0xa4,0x09,0xa4,0x09,0xa4,
    0x09,0xa4,0x2a,0xac,0xcc,0xbc,0xcc,0xbc,0xcc,0xbc,0xcc,0xbc,0xcc,0xbc,0xcc,0xbc,
    0xcc,0xbc,0xcc,0xbc,0xcc,0xbc,0xcc,0xbc,0xcc,0xbc,0xcc,0xbc,0xcc,0xbc,0xcc,0xbc,
    0xcc,0xbc,0xcc,0xbc,0xcc,0xbc,0xcc,0xbc,0xcc,0xbc,0xcc,0xbc,0xcc,0xbc,0xcc,0xbc,
    0xcc,0xbc,0xcc,0xbc,0xcc,0xbc,0xcc,0xbc,0xcc,0xbc,0xed,0xc4,0xed,0xc4,0xed,0xc4,
    0x0d,0xc5,0x0d,0xc5,0x0d,0xc5,0xed,0xc4,0xed,0xc4,0xed,0xc4,0xed,0xc4,0xcc,0xc4,
    0xcc,0xbc,0xcc,0xbc,0xcc,0xbc,0xcc,0xbc,0xcc,0xbc,0xac,0xbc,0xac,0xbc,0xac,0xbc,
    0xac,0xbc,0xac,0xbc,0x8b,0xb4,0x8b,0xb4,0x8b,0xbc,0xac,0xbc,0x8b,0xb4,0x8b,0xb4,
    0x8b,0xb4,0x8b,0xbc,0xac,0xbc,0xac,0xbc,0xac,0xbc,0xac,0xbc,0xac,0xbc,0xac,0xbc,
    0xac,0xbc,0xac,0xbc,0xac,0xbc,0xac,0xbc,0xac,0xbc,0xac,0xbc,0xac,0xbc,0xac,0xbc,
    0xac,0xbc,0xab,0xbc,0xab,0xbc,0xab,0xbc,0xab,0xbc,0xab,0xbc,0xab,0xbc,0xab,0xbc,
    0xab,0xbc,0xab,0xbc,0xab,0xbc,0xab,0xbc,0xab,0xbc,0xab,0xbc,0xab,0xbc,0xab,0xbc,
    0xab,0xbc,0xab,0xbc,0xab,0xbc,0xab,0xbc,0xac,0xbc,0xac,0xbc,0xac,0xbc,0xac,0xbc,
    0xac,0xbc,0xac,0xbc,0xcb,0xb4,0xac,0xbc,0xac,0xbc,0xac,0xbc,0x8b,0xbc,0xac,0xbc,
    0xad,0xbc,0x6c,0xac,0x28,0x7b,0x46,0x5a,0x47,0x5a,0x46,0x5a,0x46,0x5a,0x45,0x5a,
    0x28,0x7b,0x8d,0xa4,0x8d,0xa4,0xa9,0x8b,0x69,0x83,0xa8,0x6a,0x27,0x5a,0x27,0x5a,
    0x47,0x5a,0x67,0x5a,0x28,0x73,0x88,0x83,0x0a,0x9c,0x0a,0xa4,0xe9,0xab,0xe9,0xab,
    0xe9,0xa3,0xe9,0xa3,0x09,0xa4,0x2a,0xa4,0xaa,0x8b,0xc8,0x72,0xe8,0x72,0x66,0x5a,
    0xe4,0x51,0x05,0x52,0x25,0x5a,0xc7,0x72,0x29,0x83,0xa9,0x93,0x6b,0xa4,0xa9,0x8b,
    0x65,0x62,0x46,0x5a,0x46,0x5a,0x25,0x52,0x26,0x52,0x68,0x62,0x89,0x62,0x28,0x5a,
    0xe7,0x51,0xc6,0x49,0xa5,0x41,0xa5,0x39,0x65,0x31,0x65,0x31,0x45,0x31,0x65,0x39,
    0x44,0x39,0xe2,0x30,0x02,0x39,0xa1,0x28,0x64,0x41,0xc6,0x51,0xa5,0x49,0xa5,0x49,
    0xc5,0x49,0xe5,0x51,0x26,0x62,0x66,0x6a,0x86,0x7a,0x27,0x8b,0x06,0x93,0x06,0x8b,
    0x86,0x72,0xe4,0x59,0xc4,0x51,0xe4,0x49,0xc4,0x49,0xa4,0x49,0xc5,0x59,0x26,0x6a,
    0xe6,0x7a,0x86,0x6a,0xb0,0xa4,0xde,0xff,0xff,0xff,0xff,0xf7,0xff,0xff,0xdd,0xff,
    0x2e,0x94,0x83,0x41,0xe5,0x51,0xa4,0x51,0x04,0x5a,0x04,0x5a,0xc3,0x59,0xa3,0x51,
    0xa3,0x49,0xc4,0x49,0xe4,0x51,0xa4,0x49,0xa4,0x49,0xa4,0x51,0x04,0x62,0x24,0x62,
    0xc4,0x51,0x84,0x49,0xa4,0x49,0xa4,0x41,0xc4,0x49,0xa3,0x49,0xc4,0x49,0xa4,0x49,
    0xc4,0x49,0xc5,0x49,0xc5,0x49,0xe5,0x49,0xe5,0x49,0xe5,0x49,0xe5,0x49,0xe5,0x51,
    0xe5,0x51,0xe5,0x51,0xe5,0x49,0xe5,0x51,0x05,0x52,0x06,0x52,0x06,0x52,0x26,0x52,
    0x26,0x5a,0x26,0x52,0xa8,0x62,0x88,0x62,0x25,0x52,0x26,0x5a,0x46,0x5a,0x26,0x5a,
    0x26,0x5a,0x46,0x5a,0x46,0x5a,0x46,0x5a,0x46,0x5a,0xe8,0x6a,0xcb,0x8b,0x8d,0xac,
    0x0f,0xc5,0x2e,0xc5,0x2e,0xc5,0x2e,0xc5,0x4e,0xc5,0x4e,0xcd,0x6f,0xcd,0x6f,0xcd,
    0x6f,0xcd,0x6f,0xcd,0x6f,0xcd,0x6f,0xcd,0x6f,0xcd,0x6f,0xcd,0x8f,0xcd,0x8f,0xcd,
    0x8f,0xcd,0x8f,0xcd,0x8f,0xcd,0x8f,0xd5,0xaf,0xd5,0xaf,0xd5,0xaf,0xd5,0xaf,0xd5,
    0xaf,0xd5,0xaf,0xd5,0xaf,0xd5,0xd0,0xd5,0xd0,0xd5,0xd0,0xd5,0xaf,0xd5,0xaf,0xd5,
    0xaf,0xd5,0x8f,0xd5,0x8f,0xcd,0x8f,0xcd,0x6f,0xcd,0x6f,0xcd,0x6f,0xcd,0x6f,0xcd,
    0x6f,0xcd,0x6f,0xcd,0x6f,0xcd,0x2e,0xc5,0x2e,0xc5,0x2e,0xc5,0x0d,0xbd,0xed,0xbc,
    0x0d,0xbd,0xed,0xbc,0xac,0xb4,0x8b,0xb4,0x8b,0xb4,0x6b,0xac,0x6b,0xac,0x8b,0xb4,
    0x6b,0xac,0x6b,0xac,0x4b,0xac,0x4b,0xac,0x4b,0xac,0x2a,0xac,0x4b,0xac,0x4b,0xac,
    0x2a,0xac,0x2a,0xac,0x2b,0xac,0x2b,0xa4,0x2a,0xa4,0x2a,0xa4,0x2a,0xa4,0x2a,0xa4,
    0x4a,0xa4,0x4a,0xac,0xcc,0xbc,0xcc,0xbc,0xcc,0xbc,0xcc,0xbc,0xcc,0xbc,0xcc,0xbc,
    0xcc,0xbc,0xcc,0xbc,0xcc,0xbc,0xcc,0xbc,0xcc,0xbc,0xcc,0xbc,0xcc,0xbc,0xcc,0xbc,
    0xcc,0xbc,0xcc,0xbc,0xcc,0xbc,0xcc,0xbc,0xcc,0xbc,0xcc,0xbc,0xcc,0xbc,0xcc,0xbc,
    0xcc,0xbc,0xcc,0xbc,0xcc,0xbc,0xcc,0xbc,0xcc,0xbc,0xed,0xc4,0xed,0xc4,0xed,0xc4,
    0x0d,0xc5,0x0d,0xc5,0x0d,0xc5,0xed,0xc4,0xed,0xc4,0xed,0xc4,0xed,0xc4,0xcc,0xc4,
    0xcc,0xbc,0xcc,0xbc,0xcc,0xbc,0xcc,0xbc,0xcc,0xbc,0xac,0xbc,0xac,0xbc,0xac,0xbc,
    0xac,0xbc,0xac,0xbc,0x8b,0xb4,0x8b,0xb4,0x8b,0xbc,0xac,0xbc,0x8b,0xb4,0x8b,0xb4,
    0x8b,0xb4,0x8b,0xb4,0xac,0xbc,0xac,0xbc,0xac,0xbc,0xac,0xbc,0xac,0xbc,0xac,0xbc,
    0xac,0xbc,0xac,0xbc,0xac,0xbc,0xac,0xbc,0xac,0xbc,0xac,0xbc,0xac,0xbc,0xac,0xbc,
    0xac,0xbc,0xab,0xbc,0xab,0xbc,0xab,0xbc,0xab,0xbc,0xab,0xbc,0xab,0xbc,0xab,0xbc,
    0xab,0xbc,0xab,0xbc,0xab,0xbc,0xab,0xbc,0xab,0xbc,0xab,0xbc,0xab,0xbc,0xab,0xbc,
    0xab,0xbc,0x8b,0xbc,0xab,0xbc,0xab,0xbc,0xac,0xbc,0xac,0xbc,0xac,0xbc,0xac,0xbc,
    0xac,0xbc,0xac,0xbc,0xcb,0xbc,0xcb,0xbc,0xac,0xb4,0xac,0xbc,0x8c,0xbc,0x8c,0xbc,
    0x6c,0xb4,0x8c,0xb4,0x8d,0xac,0x4d,0xac,0x2d,0xa4,0x4c,0xa4,0x4c,0xac,0x2b,0xa4,
    0x6b,0xac,0x8c,0xb4,0xac,0xb4,0xec,0xbc,0xac,0xb4,0x4c,0xa4,0x0c,0x9c,0x0d,0x9c,
    0x4d,0xa4,0x0b,0x9c,0x0a,0x94,0x0a,0x9c,0x09,0xa4,0x09,0xa4,0xe9,0xab,0xc9,0xa3,
    0xea,0xa3,0xe9,0x9b,0x08,0xa4,0xe8,0x9b,0x0b,0x9c,0x0c,0xa4,0xeb,0x93,0xeb,0x93,
    0xcb,0x93,0xaa,0x93,0xca,0x93,0xeb,0x9b,0x4b,0xac,0x8b,0xb4,0x29,0xa4,0x4a,0xac,
    0x0b,0x9c,0xca,0x93,0xeb,0x93,0x0b,0x94,0xec,0x93,0x0d,0x9c,0x8c,0x8b,0x48,0x62,
    0x85,0x49,0x03,0x31,0xa1,0x20,0x20,0x10,0x20,0x10,0x40,0x10,0x60,0x18,0x60,0x20,
    0x80,0x20,0xa1,0x30,0xe2,0x38,0x23,0x41,0x23,0x41,0x64,0x51,0xc5,0x59,0x06,0x62,
    0x05,0x62,0x05,0x62,0x25,0x6a,0x45,0x72,0x85,0x7a,0x43,0x7a,0x63,0x82,0x84,0x82,
    0x64,0x7a,0x24,0x72,0x24,0x6a,0x65,0x6a,0x65,0x6a,0x65,0x72,0x65,0x7a,0xa6,0x82,
    0xe6,0x82,0xe7,0x7a,0xb4,0xc5,0xff,0xff,0xff,0xff,0xff,0xff,0xff,0xff,0xfe,0xff,
    0x8e,0xb4,0x04,0x62,0x86,0x7a,0x66,0x7a,0x45,0x72,0x85,0x82,0xa6,0x8a,0xa5,0x82,
    0x64,0x72,0x45,0x72,0x65,0x72,0x65,0x72,0x24,0x6a,0xe3,0x69,0x44,0x7a,0x64,0x7a,
    0x23,0x6a,0xe3,0x61,0xe4,0x61,0xe4,0x61,0xe3,0x59,0x23,0x6a,0x03,0x62,0xe3,0x59,
    0x24,0x62,0x45,0x6a,0x45,0x6a,0x66,0x72,0x66,0x72,0x86,0x72,0x65,0x6a,0x65,0x6a,
    0x65,0x6a,0x65,0x6a,0x85,0x72,0xa6,0x72,0xc6,0x7a,0xc7,0x7a,0xe8,0x7a,0xe8,0x7a,
    0xe8,0x7a,0x08,0x83,0x8a,0x93,0x69,0x8b,0x8a,0x93,0xaa,0x93,0xca,0x93,0xca,0x93,
    0xaa,0x93,0xca,0x9b,0xca,0x9b,0xeb,0x9b,0xeb,0x9b,0xeb,0x9b,0x4c,0xac,0xcd,0xbc,
    0x8c,0xbc,0x8c,0xb4,0xac,0xb4,0xac,0xb4,0xac,0xb4,0x8b,0xb4,0xac,0xb4,0xcc,0xbc,
    0xed,0xbc,0xed,0xbc,0xed,0xbc,0xed,0xbc,0xed,0xbc,0x0e,0xbd,0x0e,0xc5,0x2e,0xc5,
    0x2e,0xc5,0x2e,0xc5,0x4e,0xc5,0x4f,0xcd,0x6e,0xcd,0x6e,0xcd,0x6e,0xcd,0x6e,0xcd,
    0x8f,0xcd,0x8f,0xcd,0x8f,0xcd,0x8f,0xcd,0xaf,0xd5,0xaf,0xd5,0xaf,0xd5,0xcf,0xd5,
    0xd0,0xd5,0xcf,0xd5,0xaf,0xd5,0xcf,0xd5,0xd0,0xd5,0xd0,0xd5,0xd0,0xd5,0xd0,0xd5,
    0xd0,0xd5,0xd0,0xd5,0xd0,0xd5,0xd0,0xd5,0xd0,0xd5,0xd0,0xd5,0xaf,0xd5,0x8f,0xcd,
    0xd0,0xd5,0xaf,0xd5,0x6f,0xcd,0x6f,0xcd,0x4e,0xcd,0x4e,0xc5,0x2e,0xc5,0x2d,0xc5,
    0x2d,0xc5,0x0d,0xc5,0x0d,0xc5,0xed,0xc4,0xed,0xc4,0xed,0xbc,0xac,0xb4,0x8c,0xb4,
    0x8c,0xb4,0x8c,0xb4,0x8c,0xb4,0x8c,0xb4,0x8c,0xb4,0x8b,0xb4,0x6b,0xac,0x6b,0xac,
    0x8b,0xac,0x6b,0xb4,0xac,0xbc,0xcc,0xbc,0xcc,0xbc,0xcc,0xbc,0xcc,0xbc,0xcc,0xbc,
    0xcc,0xbc,0xcc,0xbc,0xcc,0xbc,0xcc,0xbc,0xcc,0xbc,0xcc,0xbc,0xcc,0xbc,0xcc,0xbc,
    0xcc,0xbc,0xcc,0xbc,0xcc,0xbc,0xcc,0xbc,0xcc,0xbc,0xcc,0xbc,0xcc,0xbc,0xcc,0xbc,
    0xcc,0xbc,0xcc,0xbc,0xcc,0xbc,0xac,0xbc,0xcc,0xbc,0xed,0xc4,0x0d,0xc5,0xed,0xc4,
    0xed,0xc4,0xed,0xc4,0xed,0xc4,0xed,0xc4,0x0d,0xc5,0x0d,0xc5,0x0d,0xc5,0x0d,0xc5,
    0xed,0xbc,0xcc,0xbc,0xcc,0xbc,0xcc,0xbc,0xcc,0xbc,0xcc,0xbc,0xcc,0xbc,0xac,0xbc,
    0xac,0xbc,0xac,0xbc,0xac,0xbc,0xac,0xbc,0xac,0xbc,0xac,0xbc,0xac,0xbc,0x8b,0xbc,
    0x8b,0xb4,0x8b,0xb4,0x8b,0xb4,0x8b,0xbc,0xac,0xbc,0xac,0xbc,0xac,0xbc,0xac,0xbc,
    0xac,0xbc,0xac,0xbc,0xac,0xbc,0xac,0xbc,0xac,0xbc,0xac,0xbc,0xac,0xbc,0xac,0xbc,
    0xac,0xbc,0xac,0xbc,0xac,0xbc,0xac,0xbc,0xac,0xbc,0xac,0xbc,0xab,0xbc,0xab,0xbc,
    0xab,0xbc,0xab,0xbc,0xab,0xbc,0xab,0xbc,0xac,0xbc,0xac,0xbc,0xac,0xbc,0xac,0xbc,
    0xab,0xbc,0xab,0xbc,0xab,0xbc,0xab,0xbc,0xab,0xbc,0xab,0xbc,0xab,0xbc,0xab,0xbc,
    0xac,0xbc,0xab,0xbc,0xab,0xbc,0xab,0xbc,0xab,0xbc,0xab,0xbc,0xab,0xbc,0xab,0xbc,
    0x8b,0xbc,0x8b,0xbc,0xac,0xbc,0xac,0xbc,0xac,0xbc,0xac,0xbc,0xcc,0xbc,0xac,0xbc,
    0xab,0xbc,0x8b,0xb4,0x8b,0xb4,0x8b,0xb4,0x8c,0xb4,0xac,0xb4,0x8c,0xb4,0x8b,0xb4,
    0x8b,0xac,0x6b,0xac,0x4a,0xac,0xea,0xa3,0xea,0xa3,0xe9,0xa3,0xe9,0xa3,0xe9,0xa3,
    0xe9,0x9b,0xe9,0x9b,0xe9,0xa3,0xe9,0xa3,0x09,0xa4,0x09,0xa4,0x2a,0xa4,0x2a,0xa4,
    0x2b,0xa4,0x2b,0xac,0x0b,0xac,0x2b,0xb4,0x4a,0xac,0x2a,0xac,0x4a,0xac,0x4a,0xac,
    0x2b,0xa4,0x2c,0xa4,0x0c,0x9c,0xab,0x93,0x09,0x7b,0xe6,0x59,0x03,0x39,0x61,0x20,
    0x00,0x18,0x20,0x18,0x40,0x18,0x40,0x18,0x80,0x20,0x80,0x20,0xa0,0x28,0xc1,0x28,
    0xc1,0x30,0xa1,0x30,0xe2,0x40,0xe1,0x40,0x22,0x49,0x83,0x61,0x25,0x72,0x45,0x7a,
    0x24,0x7a,0x04,0x72,0x24,0x7a,0x44,0x7a,0x23,0x7a,0x63,0x82,0x63,0x82,0x83,0x82,
    0xa4,0x8a,0xc5,0x8a,0xc5,0x8a,0xc5,0x8a,0xc5,0x8a,0xc5,0x8a,0xe6,0x8a,0xc5,0x8a,
    0xc5,0x8a,0xe6,0x82,0xc7,0x72,0xa9,0x62,0xa9,0x5a,0xa9,0x62,0xa9,0x62,0xa8,0x6a,
    0xa6,0x7a,0xe6,0x82,0xe6,0x8a,0xe6,0x8a,0xe6,0x92,0xe5,0x92,0xe5,0x92,0xe5,0x92,
    0xe6,0x92,0xe6,0x92,0xe6,0x92,0xe6,0x92,0xe6,0x92,0xc5,0x8a,0xc5,0x8a,0xc5,0x8a,
    0xe6,0x92,0xe5,0x92,0xc5,0x8a,0xa5,0x8a,0xa5,0x8a,0x84,0x82,0xa4,0x82,0xa5,0x82,
    0xa5,0x82,0xa5,0x8a,0xa5,0x8a,0xc5,0x8a,0xa5,0x8a,0xa5,0x8a,0x84,0x82,0x64,0x82,
    0x64,0x7a,0x63,0x7a,0x63,0x7a,0x64,0x7a,0x64,0x7a,0x84,0x7a,0x84,0x7a,0x64,0x7a,
    0x43,0x72,0x43,0x72,0x43,0x7a,0x84,0x7a,0xa5,0x82,0xa5,0x82,0xe6,0x8a,0x27,0x93,
    0x07,0x8b,0xe6,0x8a,0x48,0x93,0x68,0x9b,0x47,0x93,0x48,0x93,0x68,0x9b,0x48,0x93,
    0x68,0x9b,0xa9,0xa3,0x0a,0xa4,0xea,0xa3,0xe9,0xa3,0xc9,0xa3,0xea,0xa3,0xea,0xa3,
    0xa9,0x9b,0x69,0x9b,0x68,0x93,0x89,0x9b,0x0b,0xac,0x6c,0xb4,0x8c,0xb4,0xad,0xb4,
    0xcd,0xbc,0xac,0xb4,0xcc,0xbc,0xed,0xbc,0xcd,0xbc,0xcd,0xbc,0xcd,0xbc,0xed,0xbc,
    0xed,0xc4,0x0e,0xc5,0x0d,0xc5,0x2e,0xc5,0x0d,0xc5,0x2d,0xcd,0x4e,0xcd,0x4e,0xcd,
    0x4e,0xcd,0x4e,0xc5,0x8e,0xcd,0x8e,0xcd,0x6e,0xcd,0x6e,0xcd,0x8f,0xcd,0x8f,0xcd,
    0x8f,0xcd,0xaf,0xcd,0xaf,0xcd,0xaf,0xcd,0xb0,0xd5,0xd0,0xd5,0xd0,0xd5,0xb0,0xd5,
    0xb0,0xd5,0xd0,0xdd,0xd0,0xdd,0xd0,0xd5,0xb0,0xd5,0xb0,0xd5,0xb0,0xd5,0x8f,0xd5,
    0xb0,0xd5,0xb0,0xd5,0xd0,0xd5,0xb0,0xd5,0xb0,0xd5,0xb0,0xd5,0x6f,0xcd,0x6f,0xcd,
    0x6f,0xcd,0x6f,0xcd,0x4e,0xc5,0x4e,0xc5,0x4e,0xc5,0x2e,0xc5,0x2d,0xc5,0x0d,0xc5,
    0x0d,0xbd,0x0d,0xc5,0xcc,0xbc,0xcc,0xbc,0xcc,0xbc,0xcc,0xbc,0xcc,0xbc,0xcc,0xbc,
    0xcc,0xbc,0xcc,0xbc,0xcc,0xbc,0xcc,0xbc,0xcc,0xbc,0xcc,0xbc,0xcc,0xbc,0xcc,0xbc,
    0xcc,0xbc,0xcc,0xbc,0xcc,0xbc,0xcc,0xbc,0xcc,0xbc,0xcc,0xbc,0xcc,0xbc,0xcc,0xbc,
    0xcc,0xbc,0xcc,0xbc,0xcc,0xbc,0xac,0xbc,0xcc,0xbc,0xed,0xc4,0x0d,0xc5,0xed,0xc4,
    0xed,0xc4,0xed,0xc4,0xed,0xc4,0xed,0xc4,0x0d,0xc5,0x0d,0xc5,0x0d,0xc5,0x0d,0xc5,
    0xed,0xc4,0xcc,0xbc,0xcc,0xbc,0xcc,0xbc,0xcc,0xbc,0xcc,0xbc,0xcc,0xbc,0xac,0xbc,
    0xac,0xbc,0xac,0xbc,0x8b,0xbc,0x8b,0xbc,0x8b,0xbc,0x8b,0xbc,0xac,0xbc,0x8b,0xbc,
    0x8b,0xb4,0x8b,0xb4,0x8b,0xb4,0x8b,0xbc,0xac,0xbc,0xac,0xbc,0xac,0xbc,0xac,0xbc,
    0xac,0xbc,0xac,0xbc,0xac,0xbc,0xac,0xbc,0xac,0xbc,0xac,0xbc,0xac,0xbc,0xac,0xbc,
    0xac,0xbc,0xac,0xbc,0xac,0xbc,0xac,0xbc,0xac,0xbc,0xac,0xbc,0xab,0xbc,0xab,0xbc,
    0xab,0xbc,0xab,0xbc,0xab,0xbc,0xab,0xbc,0xab,0xbc,0xab,0xbc,0xab,0xbc,0xab,0xbc,
    0xab,0xbc,0xab,0xbc,0xab,0xbc,0xab,0xbc,0x8b,0xbc,0x8b,0xbc,0x8b,0xbc,0x8b,0xbc,
    0xab,0xbc,0xab,0xbc,0xab,0xbc,0xab,0xbc,0xab,0xbc,0xab,0xbc,0xab,0xbc,0x8b,0xbc,
    0xab,0xbc,0xab,0xbc,0x8b,0xbc,0x8b,0xbc,0x8b,0xb4,0x8b,0xbc,0xab,0xbc,0xab,0xbc,
    0x8b,0xbc,0x8b,0xb4,0x8b,0xb4,0x8b,0xb4,0x8b,0xb4,0x8b,0xb4,0x6b,0xb4,0x6b,0xac,
    0x6a,0xac,0x4a,0xac,0x2a,0xac,0xe9,0xa3,0xea,0xa3,0xe9,0xa3,0xe9,0xa3,0xe9,0x9b,
    0x09,0x9c,0x09,0x9c,0xe9,0xa3,0xe9,0xa3,0x09,0xa4,0x09,0xa4,0x29,0xa4,0x09,0xa4,
    0x0a,0x9c,0x2b,0xa4,0xea,0xa3,0x2b,0xac,0x4b,0xac,0x4b,0xac,0x6c,0xac,0x0c,0xa4,
    0x69,0x8b,0xc8,0x72,0x06,0x5a,0x43,0x41,0x81,0x28,0x20,0x18,0x00,0x18,0x00,0x10,
    0x20,0x18,0x20,0x18,0x20,0x18,0x40,0x20,0x60,0x20,0x80,0x28,0xa0,0x28,0xa0,0x30,
    0xc1,0x30,0xe2,0x40,0x43,0x51,0x42,0x51,0x62,0x59,0x83,0x61,0xe4,0x71,0x24,0x7a,
    0x24,0x7a,0x04,0x7a,0x24,0x7a,0x44,0x7a,0x64,0x82,0x84,0x82,0xa4,0x8a,0xa4,0x8a,
    0xa5,0x8a,0xa5,0x8a,0xa5,0x8a,0xa5,0x8a,0xc5,0x8a,0xc5,0x8a,0xc5,0x8a,0xc5,0x8a,
    0xe5,0x92,0xa4,0x82,0x24,0x6a,0x04,0x62,0x25,0x62,0x25,0x62,0x25,0x6a,0x24,0x6a,
    0xa5,0x7a,0xe6,0x82,0xc6,0x82,0xe6,0x8a,0xe5,0x8a,0xc5,0x92,0xe5,0x92,0xe6,0x92,
    0xe6,0x92,0xe6,0x92,0x06,0x93,0x06,0x93,0xe6,0x92,0xe6,0x92,0xe6,0x92,0xc5,0x8a,
    0xe5,0x92,0xc5,0x8a,0xc5,0x8a,0xc5,0x8a,0xc5,0x8a,0xc5,0x8a,0xc5,0x8a,0xe5,0x8a,
    0xe5,0x8a,0xe5,0x92,0xc5,0x8a,0xa5,0x8a,0xa5,0x8a,0xa5,0x8a,0xa5,0x8a,0xa4,0x8a,
    0xa4,0x8a,0xa4,0x82,0xa4,0x82,0xa4,0x82,0xa4,0x82,0xa4,0x82,0x84,0x82,0x84,0x82,
    0x64,0x82,0x43,0x7a,0x23,0x7a,0x43,0x7a,0x43,0x7a,0x64,0x7a,0x44,0x7a,0x23,0x72,
    0x23,0x72,0x03,0x72,0x23,0x72,0x44,0x7a,0x03,0x72,0x03,0x72,0x23,0x7a,0x23,0x72,
    0x23,0x72,0x84,0x7a,0xa5,0x82,0x84,0x7a,0x84,0x7a,0xa5,0x82,0xe6,0x82,0xc5,0x82,
    0x85,0x7a,0x65,0x7a,0x24,0x72,0x65,0x7a,0x07,0x8b,0x88,0x9b,0xea,0xa3,0xea,0xa3,
    0xe9,0xa3,0x4a,0xac,0x6b,0xb4,0x6b,0xac,0x6b,0xb4,0x8c,0xb4,0x8c,0xb4,0x8c,0xb4,
    0x8c,0xb4,0x6c,0xb4,0x4b,0xac,0x4b,0xb4,0x6b,0xb4,0x8b,0xb4,0xac,0xbc,0xac,0xbc,
    0xac,0xb4,0xac,0xbc,0xcc,0xbc,0x0d,0xc5,0x0d,0xc5,0x0d,0xc5,0x0d,0xc5,0x2d,0xc5,
    0x2e,0xc5,0x2e,0xc5,0x4e,0xc5,0x4e,0xc5,0x6f,0xcd,0x6f,0xcd,0x6f,0xcd,0x6f,0xcd,
    0x6f,0xcd,0x6f,0xd5,0x8f,0xd5,0x8f,0xd5,0x8f,0xd5,0x8f,0xd5,0x8f,0xd5,0x8f,0xd5,
    0x90,0xd5,0xb0,0xd5,0xb0,0xd5,0xb0,0xd5,0xb0,0xd5,0xb0,0xd5,0xd0,0xd5,0xd0,0xd5,
    0xd0,0xd5,0xd0,0xd5,0xaf,0xd5,0xaf,0xd5,0xaf,0xcd,0xaf,0xd5,0xaf,0xd5,0xaf,0xcd,
    0xaf,0xcd,0x6e,0xcd,0xac,0xbc,0xcc,0xbc,0xcc,0xbc,0xcc,0xbc,0xcc,0xbc,0xcc,0xbc,
    0xcc,0xbc,0xcc,0xbc,0xcc,0xbc,0xcc,0xbc,0xcc,0xbc,0xcc,0xbc,0xcc,0xbc,0xcc,0xbc,
    0xcc,0xbc,0xcc,0xbc,0xcc,0xbc,0xcc,0xbc,0xcc,0xbc,0xcc,0xbc,0xcc,0xbc,0xcc,0xbc,
    0xcc,0xbc,0xcc,0xbc,0xcc,0xbc,0xac,0xbc,0xcc,0xbc,0xed,0xc4,0x0d,0xc5,0x0d,0xc5,
    0x0d,0xc5,0x0d,0xc5,0x0d,0xc5,0x0d,0xc5,0x0d,0xc5,0x0d,0xc5,0x0d,0xc5,0x0d,0xc5,
    0xed,0xc4,0xec,0xbc,0xcc,0xbc,0xcc,0xbc,0xcc,0xbc,0xcc,0xbc,0xcc,0xbc,0xac,0xbc,
    0xac,0xbc,0xac,0xbc,0x8b,0xb4,0x8b,0xb4,0x8b,0xb4,0x8b,0xb4,0xac,0xbc,0x8b,0xbc,
    0x8b,0xb4,0x8b,0xb4,0x8b,0xb4,0x8b,0xbc,0xac,0xbc,0xac,0xbc,0xac,0xbc,0xac,0xbc,
    0xac,0xbc,0xac,0xbc,0xac,0xbc,0xac,0xbc,0xac,0xbc,0xac,0xbc,0xac,0xbc,0xac,0xbc,
    0xac,0xbc,0xac,0xbc,0xac,0xbc,0xac,0xbc,0xac,0xbc,0xac,0xbc,0xab,0xbc,0xab,0xbc,
    0xab,0xbc,0xab,0xbc,0xab,0xbc,0xab,0xbc,0xab,0xbc,0xab,0xbc,0xab,0xbc,0xab,0xbc,
    0xab,0xbc,0xab,0xbc,0xab,0xbc,0xab,0xbc,0x8b,0xb4,0x8b,0xb4,0x8b,0xb4,0x8b,0xb4,
    0xab,0xbc,0xab,0xbc,0xab,0xbc,0x8b,0xbc,0xab,0xbc,0xab,0xbc,0xab,0xbc,0xab,0xbc,
    0x8b,0xb4,0xab,0xbc,0xab,0xbc,0x8b,0xb4,0x8b,0xbc,0xab,0xbc,0xac,0xbc,0xab,0xbc,
    0x8b,0xbc,0x8b,0xb4,0x8b,0xb4,0x8b,0xb4,0x8b,0xb4,0x8b,0xb4,0x6b,0xb4,0x6b,0xac,
    0x6a,0xac,0x4a,0xac,0x2a,0xac,0x09,0xa4,0x09,0xa4,0xe9,0xa3,0x09,0xa4,0x09,0xa4,
    0x09,0x9c,0x09,0x9c,0xe9,0xa3,0xe9,0xa3,0x09,0xa4,0x09,0xa4,0x09,0xa4,0x0a,0xa4,
    0x2a,0xa4,0x2b,0xa4,0x4c,0xac,0x4c,0xa4,0x0b,0x9c,0x8a,0x8b,0xa7,0x72,0xc5,0x51,
    0xe2,0x38,0x61,0x28,0x00,0x18,0x00,0x10,0x00,0x10,0x00,0x18,0x20,0x18,0x20,0x18,
    0x20,0x18,0x40,0x20,0x60,0x28,0x61,0x28,0x81,0x28,0xc1,0x30,0xe1,0x38,0xe1,0x38,
    0x02,0x41,0x22,0x49,0x83,0x59,0x83,0x59,0xa3,0x61,0xc3,0x69,0xe3,0x71,0x03,0x72,
    0x24,0x7a,0x24,0x7a,0x44,0x7a,0x44,0x82,0x84,0x82,0xa4,0x8a,0xa5,0x8a,0xc5,0x8a,
    0xc5,0x8a,0xc5,0x8a,0xc5,0x8a,0xc5,0x8a,0xc5,0x8a,0xc5,0x8a,0xc5,0x8a,0xe5,0x92,
    0xc4,0x92,0xc4,0x92,0x06,0x93,0x27,0x93,0x27,0x93,0x27,0x93,0x27,0x9b,0x47,0x9b,
    0x27,0x93,0xe6,0x8a,0xc6,0x8a,0xe5,0x8a,0xe5,0x8a,0xc5,0x92,0xe5,0x92,0xe6,0x92,
    0xe6,0x92,0xe6,0x92,0x06,0x93,0xe6,0x92,0xe6,0x92,0xc5,0x92,0xc5,0x8a,0xe5,0x92,
    0x06,0x93,0xe5,0x92,0xe5,0x92,0xe5,0x92,0xe5,0x92,0xe5,0x92,0xe5,0x8a,0xe5,0x8a,
    0xe6,0x8a,0xe6,0x92,0xe6,0x92,0xe6,0x92,0xc5,0x92,0xc5,0x92,0xe5,0x92,0xe5,0x92,
    0xc5,0x92,0xc5,0x92,0xc5,0x92,0xe5,0x92,0xe5,0x92,0xe5,0x8a,0xc5,0x8a,0xc5,0x92,
    0xe5,0x92,0xe5,0x92,0xe5,0x92,0xc5,0x92,0xe5,0x92,0xc5,0x92,0x85,0x8a,0x64,0x82,
    0x64,0x82,0x64,0x82,0x44,0x82,0x44,0x7a,0x23,0x7a,0x23,0x7a,0x43,0x7a,0x02,0x72,
    0x22,0x72,0x02,0x72,0xe1,0x69,0xc1,0x61,0xe1,0x69,0xc1,0x61,0xc1,0x61,0x80,0x59,
    0xa1,0x61,0xc2,0x69,0xa1,0x61,0xa1,0x61,0xc2,0x69,0x02,0x72,0x23,0x72,0x23,0x72,
    0x43,0x72,0xa4,0x82,0x06,0x8b,0xe5,0x82,0x26,0x8b,0x88,0x93,0x88,0x93,0x47,0x93,
    0x68,0x93,0xa8,0x9b,0xc9,0x9b,0xea,0xa3,0xea,0xab,0xea,0xab,0x0a,0xac,0x0a,0xac,
    0x2b,0xac,0x4b,0xac,0x4b,0xac,0x6b,0xb4,0x8c,0xb4,0x8c,0xb4,0xac,0xb4,0xac,0xb4,
    0xac,0xb4,0xac,0xb4,0xcc,0xb4,0xac,0xb4,0xcc,0xb4,0xcd,0xbc,0xed,0xbc,0xed,0xbc,
    0xcd,0xbc,0xed,0xc4,0xed,0xc4,0xed,0xbc,0x0d,0xc5,0x2e,0xc5,0x2e,0xcd,0x2e,0xcd,
    0x4e,0xcd,0x4e,0xcd,0x4e,0xcd,0x6f,0xcd,0x8f,0xcd,0x8f,0xcd,0x8f,0xcd,0x8f,0xcd,
    0x8f,0xcd,0x8f,0xcd,0xd0,0xd5,0xaf,0xd5,0xaf,0xcd,0xaf,0xcd,0xaf,0xcd,0xaf,0xcd,
    0xd0,0xd5,0x6f,0xcd,0xac,0xbc,0xcc,0xbc,0xcc,0xbc,0xcc,0xbc,0xcc,0xbc,0xcc,0xbc,
    0xcc,0xbc,0xcc,0xbc,0xcc,0xbc,0xcc,0xbc,0xcc,0xbc,0xcc,0xbc,0xcc,0xbc,0xcc,0xbc,
    0xcc,0xbc,0xcc,0xbc,0xcc,0xbc,0xcc,0xbc,0xcc,0xbc,0xcc,0xbc,0xcc,0xbc,0xcc,0xbc,
    0xcc,0xbc,0xcc,0xbc,0xcc,0xbc,0xcc,0xbc,0xcc,0xbc,0xed,0xc4,0xed,0xc4,0x0d,0xc5,
    0x0d,0xc5,0x0d,0xc5,0x0d,0xc5,0x0d,0xc5,0x0d,0xc5,0x0d,0xc5,0x0d,0xc5,0x2d,0xc5,
    0x0d,0xc5,0xed,0xbc,0xec,0xbc,0xcc,0xbc,0xec,0xbc,0xed,0xbc,0xcc,0xbc,0xac,0xbc,
    0xac,0xbc,0xac,0xbc,0x8b,0xb4,0x8b,0xb4,0x8b,0xb4,0x8b,0xb4,0x8b,0xbc,0x8b,0xb4,
    0x8b,0xb4,0x8b,0xb4,0x8b,0xbc,0xac,0xbc,0xac,0xbc,0xac,0xbc,0xac,0xbc,0xac,0xbc,
    0xac,0xbc,0xac,0xbc,0xac,0xbc,0xac,0xbc,0xac,0xbc,0xac,0xbc,0xac,0xbc,0xac,0xbc,
    0xac,0xbc,0xac,0xbc,0xac,0xbc,0xac,0xbc,0xac,0xbc,0xac,0xbc,0xab,0xbc,0xab,0xbc,
    0xab,0xbc,0xab,0xbc,0xab,0xbc,0xab,0xbc,0xab,0xbc,0xab,0xbc,0xab,0xbc,0xab,0xbc,
    0xab,0xbc,0xab,0xbc,0xab,0xbc,0xab,0xbc,0x8b,0xb4,0x8b,0xb4,0x8b,0xb4,0x8b,0xb4,
    0xab,0xbc,0xab,0xbc,0x8b,0xbc,0x8b,0xbc,0xab,0xbc,0xab,0xbc,0xab,0xbc,0xab,0xbc,
    0xab,0xbc,0xab,0xbc,0x8b,0xbc,0x8b,0xbc,0x8b,0xbc,0x8b,0xbc,0xab,0xbc,0xab,0xbc,
    0x8b,0xbc,0x8b,0xb4,0x8b,0xb4,0x8b,0xb4,0x6b,0xb4,0x6b,0xb4,0x6b,0xb4,0x6b,0xac,
    0x6a,0xac,0x4a,0xac,0x2a,0xa4,0x09,0xa4,0x09,0xa4,0x09,0xa4,0x09,0xa4,0x09,0xa4,
    0x09,0x9c,0x09,0x9c,0xe9,0xa3,0x09,0xa4,0x09,0xa4,0x0a,0xa4,0x0a,0xa4,0x2b,0xa4,
    0x4b,0xa4,0xeb,0x9b,0x8a,0x8b,0xc7,0x72,0xc4,0x51,0x02,0x39,0x60,0x20,0x00,0x18,
    0x00,0x10,0x01,0x18,0x01,0x18,0x01,0x18,0x21,0x18,0x00,0x18,0x00,0x18,0x40,0x20,
    0x60,0x20,0x81,0x28,0xa1,0x30,0xc1,0x38,0xc1,0x38,0x02,0x41,0x22,0x49,0x42,0x49,
    0x42,0x51,0x42,0x51,0x83,0x61,0x82,0x61,0xa3,0x61,0xc3,0x69,0xe2,0x69,0x03,0x72,
    0x23,0x7a,0x44,0x7a,0x44,0x82,0x64,0x82,0x84,0x82,0x84,0x82,0xa4,0x8a,0xc5,0x8a,
    0xc5,0x8a,0xc5,0x8a,0xc5,0x8a,0xc5,0x8a,0xc5,0x8a,0xc5,0x8a,0xc5,0x8a,0xc5,0x8a,
    0xe5,0x92,0xe5,0x92,0xe5,0x92,0xe6,0x92,0xc5,0x8a,0xe5,0x92,0xe5,0x9a,0x06,0x9b,
    0x07,0x93,0x06,0x93,0x06,0x93,0xe6,0x8a,0xe5,0x92,0xe5,0x92,0xe5,0x92,0xe6,0x92,
    0xe6,0x92,0xe6,0x92,0xe6,0x92,0x06,0x93,0xe6,0x92,0xe6,0x92,0xe6,0x92,0xe6,0x92,
    0x06,0x93,0x06,0x93,0xe5,0x92,0xe5,0x92,0xe5,0x92,0xe5,0x92,0xe5,0x8a,0xe6,0x92,
    0xe6,0x92,0xe6,0x92,0xe6,0x92,0xe6,0x92,0xe6,0x92,0xe6,0x92,0xc5,0x9a,0xc5,0x9a,
    0xc5,0x92,0xc5,0x92,0xc5,0x92,0xe5,0x92,0xe5,0x92,0xe5,0x92,0xc5,0x92,0xe5,0x92,
    0xe6,0x92,0xe6,0x9a,0xe6,0x92,0xe5,0x92,0xe5,0x92,0xe6,0x92,0xc6,0x92,0xa5,0x92,
    0xa5,0x8a,0xc5,0x92,0xa5,0x92,0x85,0x8a,0x84,0x8a,0xc5,0x8a,0xc5,0x8a,0xa4,0x82,
    0xa4,0x82,0xa4,0x82,0x83,0x82,0x43,0x7a,0x63,0x7a,0x63,0x7a,0x83,0x7a,0x43,0x7a,
    0x02,0x72,0x23,0x72,0x23,0x72,0xe2,0x69,0xc2,0x69,0xa1,0x69,0xa1,0x69,0xa1,0x69,
    0xa1,0x69,0xc1,0x69,0xe1,0x69,0xc0,0x61,0xc1,0x61,0x02,0x6a,0x02,0x6a,0xc1,0x61,
    0x02,0x6a,0x22,0x72,0x22,0x72,0x64,0x7a,0x85,0x82,0xa5,0x82,0xc5,0x82,0x84,0x7a,
    0x84,0x7a,0x06,0x8b,0x47,0x93,0x27,0x93,0x47,0x93,0x89,0x9b,0xc9,0xa3,0xea,0xa3,
    0x0a,0xac,0x2b,0xac,0x0b,0xa4,0xea,0xa3,0x0a,0xa4,0x0a,0xa4,0x2a,0xac,0x4b,0xb4,
    0x6b,0xb4,0x6b,0xb4,0x6b,0xb4,0x6b,0xb4,0x8b,0xb4,0x8c,0xb4,0xac,0xbc,0xac,0xbc,
    0xcc,0xbc,0xcd,0xbc,0xcd,0xbc,0xed,0xbc,0x0d,0xbd,0x2d,0xc5,0x2e,0xc5,0x2e,0xc5,
    0x2e,0xc5,0x2d,0xc5,0x4e,0xc5,0x4e,0xc5,0x4e,0xc5,0x4e,0xc5,0x6e,0xc5,0x6e,0xcd,
    0x8f,0xcd,0x4e,0xcd,0xac,0xbc,0xcc,0xbc,0xcc,0xbc,0xcc,0xbc,0xcc,0xbc,0xcc,0xbc,
    0xcc,0xbc,0xcc,0xbc,0xcc,0xbc,0xcc,0xbc,0xcc,0xbc,0xcc,0xbc,0xcc,0xbc,0xcc,0xbc,
    0xcc,0xbc,0xcc,0xbc,0xcc,0xbc,0xcc,0xbc,0xcc,0xbc,0xcc,0xbc,0xcc,0xbc,0xcc,0xbc,
    0xcc,0xbc,0xcc,0xbc,0xcc,0xbc,0xcc,0xbc,0xcc,0xbc,0xed,0xc4,0xed,0xc4,0x2d,0xc5,
    0x2d,0xc5,0x2d,0xc5,0x2d,0xc5,0x2d,0xc5,0x0d,0xc5,0x0d,0xc5,0x2d,0xc5,0x2e,0xc5,
    0x0d,0xc5,0x0d,0xc5,0xed,0xbc,0xcc,0xbc,0xed,0xbc,0xed,0xc4,0xcc,0xbc,0xcc,0xbc,
    0xac,0xbc,0x8b,0xbc,0x8b,0xbc,0x8b,0xbc,0x8b,0xbc,0x8b,0xbc,0x8b,0xb4,0x8b,0xb4,
    0x8b,0xb4,0x8b,0xb4,0xac,0xbc,0xac,0xbc,0xcc,0xbc,0xac,0xbc,0xac,0xbc,0xac,0xbc,
    0xac,0xbc,0xac,0xbc,0xac,0xbc,0xac,0xbc,0xac,0xbc,0xac,0xbc,0xac,0xbc,0xac,0xbc,
    0xac,0xbc,0xac,0xbc,0xac,0xbc,0xac,0xbc,0xac,0xbc,0xab,0xbc,0xab,0xbc,0xab,0xbc,
    0xab,0xbc,0xab,0xbc,0xab,0xbc,0xab,0xbc,0xab,0xbc,0xab,0xbc,0xab,0xbc,0xab,0xbc,
    0xab,0xbc,0xab,0xbc,0xab,0xbc,0x8b,0xbc,0x8b,0xb4,0x8b,0xb4,0x8b,0xb4,0x8b,0xb4,
    0xab,0xbc,0xab,0xbc,0xab,0xbc,0xab,0xbc,0xab,0xbc,0xab,0xbc,0xab,0xbc,0xab,0xbc,
    0xab,0xbc,0xab,0xbc,0xab,0xbc,0x8b,0xb4,0x8b,0xb4,0x8b,0xb4,0x8b,0xb4,0xac,0xbc,
    0xac,0xbc,0x8b,0xbc,0x8b,0xbc,0x8b,0xb4,0x8b,0xb4,0x6b,0xb4,0x6b,0xac,0x6b,0xac,
    0x6a,0xac,0x4a,0xac,0x2a,0xa4,0x09,0xa4,0x09,0xa4,0xe9,0x9b,0xe9,0x9b,0x0a,0xa4,
    0x0a,0x9c,0xea,0x9b,0xc9,0x9b,0xea,0x9b,0x0b,0xa4,0x0b,0xa4,0xeb,0x9b,0x8a,0x8b,
    0xa6,0x72,0xa3,0x51,0x21,0x39,0x80,0x20,0x00,0x10,0x00,0x10,0x00,0x18,0x01,0x18,
    0x01,0x18,0x02,0x18,0x22,0x18,0x21,0x20,0x41,0x20,0x41,0x20,0x40,0x20,0x80,0x28,
    0xa1,0x30,0xa1,0x38,0xe1,0x40,0x02,0x49,0x42,0x51,0x63,0x59,0x63,0x59,0x62,0x59,
    0x62,0x59,0x82,0x61,0x82,0x61,0xa2,0x69,0xc2,0x69,0xc2,0x69,0xe2,0x71,0x23,0x7a,
    0x23,0x7a,0x43,0x7a,0x44,0x7a,0x64,0x82,0x64,0x82,0x84,0x82,0xa5,0x8a,0xc5,0x8a,
    0xa5,0x8a,0xa5,0x8a,0xa5,0x8a,0xa5,0x8a,0xc5,0x8a,0xc5,0x8a,0xc5,0x8a,0xc5,0x8a,
    0xc5,0x8a,0xc6,0x8a,0xc5,0x8a,0xa5,0x82,0xa5,0x8a,0xe5,0x92,0xe5,0x92,0xe5,0x92,
    0xe6,0x92,0x06,0x93,0x06,0x93,0x06,0x93,0x06,0x93,0x06,0x93,0x06,0x93,0x06,0x93,
    0x06,0x93,0x06,0x93,0x06,0x93,0x06,0x93,0x06,0x93,0x06,0x93,0x06,0x93,0xe6,0x92,
    0xe6,0x92,0xe6,0x92,0xe5,0x92,0xe5,0x92,0xe5,0x92,0xe6,0x92,0x06,0x93,0x06,0x93,
    0xe6,0x92,0xe5,0x92,0xe6,0x92,0xe6,0x92,0xe6,0x92,0xe6,0x92,0xc5,0x9a,0xc5,0x9a,
    0xe5,0x9a,0xc5,0x9a,0xe5,0x9a,0xe5,0x92,0xe5,0x92,0xe5,0x92,0xe5,0x92,0xe5,0x92,
    0xe5,0x92,0xe5,0x92,0xe5,0x92,0xe5,0x92,0xe5,0x92,0xe6,0x9a,0x06,0x9b,0xe5,0x92,
    0xc5,0x92,0xe5,0x92,0xe6,0x9a,0xe6,0x9a,0xe6,0x9a,0x06,0x93,0xe5,0x92,0xc5,0x8a,
    0xc5,0x8a,0xe5,0x92,0xe5,0x92,0xe5,0x92,0xe5,0x92,0xe5,0x8a,0xe5,0x8a,0xe5,0x8a,
    0xc5,0x8a,0xa4,0x82,0xa4,0x82,0xa4,0x82,0x85,0x8a,0x85,0x8a,0x85,0x8a,0xa4,0x8a,
    0xa4,0x8a,0xa4,0x8a,0xa4,0x8a,0xa4,0x82,0x63,0x7a,0x43,0x7a,0x23,0x72,0x22,0x72,
    0x02,0x72,0xe1,0x69,0xc1,0x69,0xc1,0x69,0xa1,0x69,0xa1,0x69,0xc2,0x69,0x81,0x61,
    0x80,0x59,0xa1,0x61,0xa1,0x61,0x81,0x59,0x81,0x61,0xe2,0x69,0x23,0x72,0x44,0x72,
    0x64,0x7a,0x85,0x7a,0x84,0x7a,0xa4,0x7a,0xc5,0x7a,0x06,0x83,0x26,0x8b,0x47,0x93,
    0x68,0x93,0x68,0x93,0xa9,0xa3,0xe9,0xa3,0x09,0xa4,0x0a,0xac,0x2a,0xac,0x4b,0xb4,
    0x4b,0xb4,0x6b,0xb4,0x6b,0xac,0x8c,0xb4,0x8b,0xb4,0xac,0xb4,0xac,0xb4,0xac,0xb4,
    0x8b,0xb4,0x6b,0xac,0xac,0xb4,0xac,0xb4,0xcc,0xb4,0xcc,0xbc,0xed,0xbc,0xed,0xbc,
    0xed,0xbc,0xcc,0xbc,0xcc,0xbc,0xcc,0xbc,0xcc,0xbc,0xcc,0xbc,0xcc,0xbc,0xcc,0xbc,
    0xcc,0xbc,0xcc,0xbc,0xcc,0xbc,0xcc,0xbc,0xcc,0xbc,0xcc,0xbc,0xcc,0xbc,0xcc,0xbc,
    0xcc,0xbc,0xcc,0xbc,0xcc,0xbc,0xcc,0xbc,0xcc,0xbc,0xcc,0xbc,0xcc,0xbc,0xcc,0xbc,
    0xcc,0xbc,0xcc,0xbc,0xcc,0xbc,0xcc,0xbc,0xcc,0xbc,0x0d,0xc5,0x0d,0xc5,0x2d,0xc5,
    0x4d,0xc5,0x4d,0xc5,0x4e,0xcd,0x4e,0xcd,0x4e,0xcd,0x4e,0xcd,0x4e,0xcd,0x4e,0xcd,
    0x2e,0xc5,0x2d,0xc5,0x0d,0xc5,0xed,0xc4,0xed,0xbc,0xed,0xbc,0xed,0xc4,0xcc,0xbc,
    0xac,0xbc,0x8b,0xb4,0x8b,0xbc,0x8b,0xbc,0x8b,0xbc,0x8b,0xbc,0x8b,0xb4,0x8b,0xb4,
    0x8b,0xb4,0x8b,0xb4,0x8b,0xbc,0xac,0xbc,0xac,0xbc,0xac,0xbc,0xac,0xbc,0xac,0xbc,
    0xac,0xbc,0xac,0xbc,0xac,0xbc,0xac,0xbc,0xac,0xbc,0xac,0xbc,0xac,0xbc,0xac,0xbc,
    0xac,0xbc,0xac,0xbc,0xac,0xbc,0x8b,0xbc,0x8b,0xbc,0xab,0xbc,0xab,0xbc,0xab,0xbc,
    0xab,0xbc,0xab,0xbc,0xab,0xbc,0xab,0xbc,0xab,0xbc,0xab,0xbc,0xab,0xbc,0xab,0xbc,
    0xab,0xbc,0xab,0xbc,0xab,0xbc,0x8b,0xbc,0x8b,0xb4,0x8b,0xb4,0x8b,0xb4,0x8b,0xb4,
    0xab,0xbc,0xab,0xbc,0xab,0xbc,0xab,0xbc,0xab,0xbc,0xab,0xbc,0xab,0xbc,0xab,0xbc,
    0xab,0xbc,0xab,0xbc,0x8b,0xbc,0x8b,0xb4,0x8b,0xb4,0x8b,0xb4,0x8b,0xb4,0x8c,0xbc,
    0x8c,0xbc,0x8b,0xbc,0x8b,0xb4,0x8b,0xb4,0x8b,0xb4,0x6b,0xb4,0x6b,0xb4,0x6b,0xac,
    0x6a,0xac,0x4a,0xac,0x2a,0xa4,0x0a,0xa4,0x0a,0xa4,0xea,0x9b,0x0a,0x9c,0x0b,0xa4,
    0x0b,0x9c,0x0b,0x9c,0x2b,0x9c,0xeb,0x93,0x49,0x83,0x67,0x6a,0xa4,0x49,0x22,0x39,
    0x60,0x20,0x20,0x18,0x20,0x18,0x20,0x10,0x20,0x18,0x21,0x18,0x21,0x18,0x21,0x20,
    0x41,0x20,0x41,0x20,0x41,0x20,0x61,0x28,0x81,0x30,0xc2,0x38,0xe2,0x40,0x02,0x49,
    0x42,0x49,0x22,0x51,0x42,0x51,0x62,0x59,0x82,0x61,0xa3,0x61,0xa2,0x61,0xa2,0x61,
    0xa2,0x69,0xa2,0x69,0xc2,0x71,0xe2,0x71,0x02,0x72,0x02,0x72,0x23,0x7a,0x43,0x7a,
    0x43,0x7a,0x64,0x82,0x64,0x82,0x64,0x82,0x64,0x82,0x84,0x82,0x85,0x8a,0xa5,0x8a,
    0xa5,0x8a,0xa4,0x82,0xa5,0x8a,0xa5,0x8a,0xa5,0x8a,0xa5,0x8a,0xa5,0x8a,0xa5,0x82,
    0xa6,0x82,0xa6,0x82,0xa5,0x82,0xa5,0x82,0xa5,0x82,0xe5,0x8a,0xc5,0x8a,0xc5,0x8a,
    0xc5,0x8a,0xc5,0x8a,0xc5,0x92,0xe5,0x92,0xe5,0x92,0xe5,0x8a,0xe5,0x92,0xc5,0x92,
    0xc5,0x92,0xc5,0x92,0xc5,0x92,0xe6,0x92,0xe6,0x92,0xe6,0x92,0xe6,0x92,0x06,0x93,
    0x06,0x93,0x06,0x93,0x06,0x93,0xe6,0x92,0x06,0x93,0x06,0x93,0x06,0x93,0x06,0x93,
    0x06,0x93,0xe6,0x92,0xe6,0x92,0xe6,0x92,0xe6,0x92,0xe6,0x92,0xe5,0x9a,0xe5,0x9a,
    0xe5,0x9a,0xe5,0x9a,0xe5,0x92,0xe5,0x92,0x05,0x93,0x05,0x93,0xe5,0x92,0xe5,0x92,
    0xe5,0x92,0xe5,0x92,0xe5,0x92,0xe5,0x92,0xe5,0x92,0x06,0x93,0x06,0x9b,0xe6,0x92,
    0xe5,0x92,0x06,0x93,0x06,0x9b,0x06,0x9b,0x06,0x93,0x05,0x93,0xe5,0x92,0xe5,0x92,
    0xe5,0x92,0x05,0x93,0xe5,0x92,0xe5,0x9a,0x05,0x93,0x05,0x93,0x05,0x93,0x05,0x93,
    0xe5,0x92,0xe5,0x8a,0xe5,0x8a,0xc5,0x8a,0xc5,0x92,0xc5,0x92,0xc5,0x92,0xc5,0x92,
    0xe5,0x92,0xe5,0x92,0xe5,0x92,0xe5,0x92,0xc5,0x8a,0xc5,0x8a,0xa4,0x8a,0xa4,0x8a,
    0xa5,0x8a,0xc5,0x8a,0xc5,0x8a,0x84,0x82,0x84,0x8a,0x64,0x82,0x23,0x7a,0x64,0x82,
    0x43,0x7a,0x02,0x72,0x23,0x72,0xe2,0x71,0xc2,0x69,0xc2,0x69,0xc2,0x69,0xc2,0x69,
    0xa1,0x61,0xa1,0x61,0xc2,0x61,0xe1,0x61,0xc1,0x61,0xc1,0x61,0xc1,0x61,0xe2,0x69,
    0xe2,0x69,0xe2,0x69,0x02,0x6a,0x43,0x72,0x84,0x7a,0xa4,0x7a,0xc5,0x82,0xe5,0x82,
    0x06,0x8b,0x26,0x93,0x67,0x93,0xa8,0x9b,0xa8,0x9b,0xc9,0xa3,0xe9,0xa3,0x0a,0xa4,
    0x2a,0xac,0x0a,0xac,0x2a,0xac,0x2a,0xac,0x2a,0xa4,0x2a,0xac,0x6b,0xb4,0x6b,0xb4,
    0x6b,0xb4,0x6b,0xb4,0xac,0xbc,0xcc,0xbc,0xac,0xbc,0xcc,0xbc,0xcc,0xbc,0xcc,0xbc,
    0xcc,0xbc,0xcc,0xbc,0xcc,0xbc,0xcc,0xbc,0xcc,0xbc,0xcc,0xbc,0xcc,0xbc,0xcc,0xbc,
    0xcc,0xbc,0xcc,0xbc,0xcc,0xbc,0xcc,0xbc,0xcc,0xbc,0xcc,0xbc,0xcc,0xbc,0xcc,0xbc,
    0xcc,0xbc,0xcc,0xbc,0xcc,0xbc,0xcc,0xbc,0xcc,0xbc,0x2e,0xcd,0x4e,0xcd,0x2d,0xc5,
    0x2d,0xc5,0x2d,0xc5,0x4d,0xc5,0x6e,0xcd,0x8e,0xcd,0xaf,0xd5,0xaf,0xd5,0x8f,0xd5,
    0x8f,0xd5,0x6f,0xcd,0x4e,0xcd,0x4e,0xcd,0x2e,0xc5,0x0d,0xc5,0xed,0xc4,0xcc,0xc4,
    0x8b,0xbc,0x6b,0xb4,0x8b,0xb4,0x8b,0xbc,0x8b,0xbc,0x8b,0xbc,0x8b,0xbc,0x8b,0xb4,
    0x8b,0xb4,0x8b,0xb4,0x8b,0xb4,0x8c,0xbc,0xac,0xbc,0xac,0xbc,0xac,0xbc,0xac,0xbc,
    0xac,0xbc,0xac,0xbc,0xac,0xbc,0xac,0xbc,0xac,0xbc,0xac,0xbc,0xac,0xbc,0xac,0xbc,
    0xac,0xbc,0xac,0xbc,0xac,0xbc,0x8b,0xb4,0x8b,0xb4,0x8b,0xbc,0x8b,0xbc,0x8b,0xbc,
    0x8b,0xbc,0xab,0xbc,0xab,0xbc,0xab,0xbc,0xab,0xbc,0xab,0xbc,0xab,0xbc,0xab,0xbc,
    0xab,0xbc,0xab,0xbc,0xab,0xbc,0x8b,0xbc,0x8b,0xb4,0x8b,0xb4,0x8b,0xb4,0x8b,0xb4,
    0xab,0xbc,0xab,0xbc,0xab,0xbc,0xab,0xbc,0xab,0xbc,0xab,0xbc,0xab,0xbc,0xab,0xbc,
    0xab,0xbc,0x8b,0xbc,0x8b,0xb4,0x8b,0xbc,0x8c,0xbc,0x8c,0xbc,0x8c,0xbc,0x8c,0xbc,
    0x8c,0xbc,0x8b,0xb4,0x8b,0xb4,0x8b,0xbc,0x8b,0xb4,0x6b,0xb4,0x6b,0xb4,0x6b,0xac,
    0x6a,0xac,0x4a,0xac,0x2a,0xa4,0x0a,0xa4,0x0a,0xa4,0x0a,0xa4,0x2b,0xa4,0x0b,0xa4,
    0x8a,0x93,0x08,0x83,0x86,0x6a,0xc3,0x49,0xc1,0x28,0x20,0x18,0x00,0x10,0x00,0x10,
    0x00,0x10,0x20,0x18,0x00,0x10,0x00,0x10,0x22,0x18,0x22,0x20,0x21,0x20,0x41,0x20,
    0x81,0x28,0xa1,0x28,0xc2,0x30,0xe2,0x38,0x23,0x41,0x43,0x49,0x63,0x51,0x83,0x59,
    0xc4,0x61,0xc4,0x61,0xc3,0x69,0xe3,0x69,0xe3,0x69,0xe3,0x69,0xe3,0x71,0xe2,0x71,
    0xe2,0x71,0x02,0x7a,0x03,0x7a,0x23,0x7a,0x43,0x7a,0x43,0x7a,0x43,0x7a,0x63,0x82,
    0x64,0x82,0x84,0x82,0x64,0x82,0x64,0x82,0x64,0x82,0x84,0x82,0x85,0x82,0x85,0x82,
    0x84,0x82,0x84,0x82,0x84,0x82,0xa4,0x82,0xa4,0x82,0xa4,0x82,0x84,0x82,0x84,0x82,
    0x85,0x82,0x85,0x82,0x84,0x82,0x84,0x82,0xa4,0x8a,0xc5,0x8a,0xa4,0x82,0x84,0x82,
    0xa4,0x8a,0xa4,0x8a,0xa4,0x8a,0xc5,0x8a,0xc5,0x8a,0xa5,0x8a,0xa5,0x8a,0xa5,0x8a,
    0xa5,0x8a,0xa5,0x8a,0xa5,0x8a,0xa5,0x8a,0xa5,0x8a,0xa5,0x8a,0xc5,0x8a,0xe5,0x92,
    0xe5,0x92,0xe5,0x92,0xe5,0x8a,0xc5,0x8a,0xe5,0x92,0xe5,0x92,0x06,0x93,0x06,0x93,
    0xe6,0x92,0xe6,0x92,0xe6,0x92,0xe6,0x92,0xe6,0x92,0xe6,0x92,0xe5,0x9a,0xe5,0x9a,
    0xe5,0x9a,0x05,0x93,0x05,0x93,0x05,0x93,0x05,0x93,0x25,0x93,0x06,0x93,0x06,0x93,
    0x06,0x93,0x05,0x93,0x05,0x93,0x05,0x93,0x05,0x93,0x05,0x93,0x05,0x93,0x05,0x93,
    0x26,0x9b,0x05,0x93,0x05,0x93,0x05,0x93,0x05,0x93,0x05,0x93,0x05,0x93,0x05,0x93,
    0x05,0x93,0xe5,0x92,0xc5,0x92,0xc5,0x9a,0xe5,0x92,0x04,0x93,0xe4,0x92,0xe4,0x92,
    0xe5,0x92,0x05,0x93,0xe5,0x92,0xe5,0x92,0xe5,0x92,0xc6,0x92,0xe6,0x92,0xe6,0x92,
    0x06,0x93,0x06,0x93,0x05,0x93,0x05,0x93,0xe6,0x92,0xe5,0x92,0xe5,0x92,0xc5,0x92,
    0xc5,0x92,0xe5,0x92,0xe5,0x92,0xe5,0x92,0xc5,0x92,0xe5,0x92,0xc5,0x92,0xc5,0x8a,
    0xc5,0x8a,0xa4,0x8a,0xa4,0x8a,0xc5,0x8a,0xc5,0x8a,0xa5,0x8a,0xa5,0x8a,0xc5,0x8a,
    0xc5,0x8a,0xa5,0x82,0xa5,0x82,0x84,0x7a,0x64,0x7a,0x64,0x72,0x44,0x72,0x23,0x72,
    0x23,0x72,0x43,0x7a,0x02,0x6a,0x02,0x6a,0x02,0x6a,0x02,0x6a,0xe1,0x61,0xc1,0x61,
    0xc1,0x61,0xa1,0x61,0xe1,0x61,0x02,0x6a,0xe2,0x69,0x02,0x6a,0x02,0x6a,0x43,0x72,
    0x63,0x7a,0x63,0x7a,0x84,0x7a,0xa5,0x82,0xc5,0x82,0xe6,0x8a,0x06,0x8b,0x47,0x93,
    0x68,0x9b,0xc9,0xa3,0xac,0xbc,0xac,0xbc,0xac,0xbc,0xcc,0xbc,0xcc,0xbc,0xcc,0xbc,
    0xcc,0xbc,0xcc,0xbc,0xcc,0xbc,0xcc,0xbc,0xcc,0xbc,0xcc,0xbc,0xcc,0xbc,0xcc,0xbc,
    0xcc,0xbc,0xcc,0xbc,0xcc,0xbc,0xcc,0xbc,0xcc,0xbc,0xcc,0xbc,0xcc,0xbc,0xcc,0xbc,
    0xcc,0xbc,0xcc,0xbc,0xcc,0xbc,0xac,0xbc,0xcc,0xbc,0x4e,0xcd,0x4e,0xcd,0x6e,0xcd,
    0x8e,0xcd,0x8f,0xd5,0x8f,0xd5,0xaf,0xd5,0xaf,0xd5,0xcf,0xdd,0xd0,0xdd,0xd0,0xdd,
    0xb0,0xdd,0xb0,0xd5,0x8f,0xd5,0x8f,0xd5,0x8f,0xd5,0x4e,0xcd,0x2d,0xcd,0xec,0xc4,
    0x8b,0xb4,0x6b,0xb4,0x8b,0xb4,0x8b,0xbc,0x8b,0xbc,0x8b,0xbc,0x8b,0xbc,0x8b,0xbc,
    0x8b,0xb4,0x8b,0xbc,0x8b,0xbc,0xab,0xbc,0xac,0xbc,0xac,0xbc,0xac,0xbc,0xac,0xbc,
    0xac,0xbc,0xac,0xbc,0xab,0xbc,0xab,0xbc,0xab,0xbc,0xab,0xbc,0xab,0xbc,0xab,0xbc,
    0xab,0xbc,0xab,0xbc,0x8b,0xbc,0x8b,0xb4,0x8b,0xb4,0x8b,0xbc,0x8b,0xbc,0x8b,0xbc,
    0x8b,0xbc,0xab,0xbc,0xab,0xbc,0xab,0xbc,0xab,0xbc,0xab,0xbc,0xab,0xbc,0xab,0xbc,
    0xab,0xbc,0xab,0xbc,0xab,0xbc,0x8b,0xbc,0x8b,0xb4,0x8b,0xb4,0x8b,0xb4,0x8b,0xbc,
    0x8b,0xbc,0x8b,0xbc,0x8b,0xbc,0xab,0xbc,0xac,0xbc,0xac,0xbc,0xac,0xbc,0xab,0xbc,
    0x8b,0xbc,0xab,0xbc,0xab,0xbc,0xab,0xbc,0xab,0xbc,0xab,0xbc,0xab,0xbc,0x8b,0xb4,
    0x8c,0xb4,0x8c,0xb4,0x8c,0xb4,0x8b,0xbc,0x8b,0xb4,0x6b,0xb4,0x6b,0xac,0x6b,0xac,
    0x6b,0xac,0x4a,0xa4,0x4b,0xa4,0x2b,0xa4,0x2b,0xa4,0xea,0x93,0x6a,0x8b,0xa7,0x72,
    0x83,0x49,0xa0,0x28,0x40,0x18,0x40,0x10,0x00,0x10,0x00,0x10,0x00,0x10,0x00,0x10,
    0x20,0x18,0x20,0x18,0x00,0x18,0x21,0x18,0x41,0x20,0x61,0x20,0x61,0x28,0x81,0x30,
    0xc1,0x30,0xe2,0x38,0x22,0x41,0x43,0x49,0x83,0x51,0x83,0x59,0xa3,0x61,0xc3,0x69,
    0xe4,0x71,0xe4,0x71,0x03,0x72,0x03,0x7a,0x23,0x7a,0x03,0x7a,0x03,0x7a,0x23,0x7a,
    0x23,0x7a,0x23,0x82,0x43,0x82,0x64,0x82,0x84,0x82,0x64,0x82,0x64,0x82,0x64,0x82,
    0x84,0x82,0xa5,0x8a,0xa4,0x8a,0x84,0x8a,0x84,0x82,0x84,0x82,0x84,0x82,0x84,0x82,
    0x84,0x82,0x84,0x82,0x84,0x82,0xa4,0x82,0x84,0x82,0x84,0x82,0x84,0x82,0x84,0x82,
    0x84,0x82,0x84,0x82,0x84,0x82,0x84,0x82,0xa4,0x8a,0xa4,0x8a,0x84,0x82,0x84,0x82,
    0x84,0x8a,0x84,0x8a,0x84,0x8a,0xa4,0x8a,0xa4,0x8a,0xa4,0x8a,0xa4,0x8a,0xa4,0x8a,
    0x84,0x8a,0x84,0x8a,0x84,0x8a,0x84,0x8a,0xa4,0x8a,0xa4,0x8a,0xa4,0x8a,0xa4,0x8a,
    0xa5,0x8a,0xa5,0x8a,0xa5,0x8a,0xa5,0x8a,0xa5,0x8a,0xc5,0x8a,0xc5,0x8a,0xc5,0x8a,
    0xc5,0x8a,0xa5,0x8a,0xc5,0x92,0xe6,0x92,0xe6,0x92,0xe6,0x92,0xe5,0x92,0xe5,0x92,
    0xe5,0x92,0xe5,0x92,0x05,0x93,0x05,0x93,0x05,0x93,0x06,0x93,0x06,0x93,0x06,0x93,
    0x06,0x93,0x06,0x93,0x06,0x93,0x06,0x93,0x06,0x93,0x05,0x93,0x05,0x93,0x26,0x93,
    0x26,0x9b,0x26,0x93,0x26,0x93,0x26,0x9b,0x26,0x9b,0x05,0x93,0x05,0x93,0x25,0x93,
    0x25,0x9b,0xe5,0x92,0xe5,0x9a,0xe5,0x9a,0xe5,0x9a,0x05,0x93,0x05,0x93,0x05,0x93,
    0x05,0x93,0x05,0x93,0x05,0x93,0xe5,0x92,0xe5,0x92,0xe6,0x9a,0x06,0x9b,0x06,0x9b,
    0x05,0x93,0x05,0x93,0xe5,0x92,0xe5,0x92,0xe5,0x92,0xe5,0x92,0xe5,0x92,0xe5,0x92,
    0xe5,0x92,0xc5,0x92,0xe5,0x92,0x05,0x93,0xe5,0x92,0xe5,0x92,0x05,0x93,0xe5,0x92,
    0xe5,0x92,0xe5,0x92,0xc5,0x8a,0xc5,0x92,0xe5,0x92,0xc5,0x8a,0xc5,0x8a,0xe5,0x8a,
    0xe5,0x92,0xe5,0x8a,0xc5,0x8a,0xc5,0x82,0xc5,0x82,0xc5,0x82,0xe6,0x8a,0xc6,0x8a,
    0xa5,0x82,0xc5,0x8a,0xa5,0x82,0xa4,0x82,0xa4,0x82,0xa4,0x82,0xa4,0x82,0x84,0x82,
    0x84,0x82,0x64,0x7a,0x63,0x7a,0x63,0x7a,0x43,0x7a,0x43,0x7a,0x22,0x72,0x22,0x7a,
    0x22,0x7a,0x22,0x72,0x02,0x72,0xe2,0x69,0xc1,0x69,0xe1,0x69,0xe1,0x69,0xe2,0x69,
    0xc1,0x69,0xa4,0x82,0xcc,0xbc,0xac,0xbc,0xac,0xbc,0xcc,0xbc,0xcc,0xbc,0xcc,0xbc,
    0xcc,0xbc,0xcc,0xbc,0xcc,0xbc,0xcc,0xbc,0xcc,0xbc,0xcc,0xbc,0xcc,0xbc,0xcc,0xbc,
    0xcc,0xbc,0xcc,0xbc,0xcc,0xbc,0xcc,0xbc,0xcc,0xbc,0xcc,0xbc,0xcc,0xbc,0xcc,0xbc,
    0xcc,0xbc,0xcc,0xbc,0xcc,0xbc,0xac,0xbc,0xec,0xbc,0x8f,0xd5,0x8f,0xd5,0xaf,0xd5,
    0xcf,0xdd,0xf0,0xdd,0xf0,0xdd,0xf0,0xdd,0xf0,0xdd,0xf0,0xdd,0xf0,0xdd,0xf0,0xdd,
    0xd0,0xdd,0xd0,0xdd,0xd0,0xdd,0xf0,0xdd,0xd0,0xdd,0x8f,0xd5,0x4e,0xcd,0xec,0xc4,
    0x8b,0xbc,0x8b,0xb4,0x8b,0xb4,0x8b,0xb4,0x8b,0xb4,0x8b,0xb4,0x8b,0xb4,0x8b,0xb4,
    0x8b,0xbc,0xab,0xbc,0xab,0xbc,0xab,0xbc,0xab,0xbc,0xab,0xbc,0xab,0xbc,0xac,0xbc,
    0xcc,0xbc,0xab,0xbc,0xab,0xbc,0xab,0xbc,0x8b,0xbc,0xab,0xbc,0xab,0xbc,0xab,0xbc,
    0xab,0xbc,0xab,0xbc,0xab,0xbc,0x8b,0xbc,0x8b,0xbc,0xac,0xbc,0xac,0xbc,0xac,0xbc,
    0xac,0xbc,0xac,0xbc,0xac,0xbc,0xac,0xbc,0xac,0xbc,0xac,0xbc,0xac,0xbc,0x8b,0xbc,
    0x8b,0xb4,0x8b,0xbc,0x8b,0xbc,0x8b,0xbc,0x8b,0xb4,0x8b,0xb4,0x8b,0xbc,0xac,0xbc,
    0x8b,0xb4,0x8b,0xb4,0x8b,0xb4,0x8b,0xbc,0xac,0xbc,0xac,0xbc,0xac,0xbc,0xac,0xbc,
    0xab,0xb4,0xab,0xbc,0xab,0xbc,0xab,0xbc,0x8b,0xbc,0x8b,0xbc,0xab,0xb4,0xab,0xb4,
    0xab,0xb4,0xab,0xb4,0xab,0xb4,0x8b,0xbc,0x8b,0xbc,0x8c,0xb4,0x6c,0xb4,0x6c,0xac,
    0x6c,0xa4,0x4b,0xa4,0xea,0x93,0xaa,0x8b,0xe7,0x72,0xc3,0x49,0x02,0x31,0x81,0x20,
    0x20,0x10,0x00,0x10,0x20,0x10,0x20,0x10,0x20,0x10,0x20,0x10,0x00,0x10,0x20,0x18,
    0x40,0x20,0x61,0x20,0x40,0x20,0x61,0x28,0x81,0x28,0xa1,0x30,0xe2,0x38,0x02,0x41,
    0x43,0x49,0x63,0x51,0x63,0x51,0x83,0x59,0xa3,0x61,0xc3,0x61,0xe3,0x69,0xe3,0x71,
    0x03,0x72,0x03,0x7a,0x03,0x7a,0x24,0x82,0x44,0x82,0x44,0x82,0x44,0x82,0x64,0x8a,
    0x84,0x8a,0x64,0x82,0x84,0x82,0xa5,0x8a,0xa5,0x8a,0xa5,0x8a,0xa5,0x8a,0xa5,0x8a,
    0xa5,0x8a,0xc5,0x8a,0xc5,0x8a,0xe5,0x92,0xe5,0x92,0xc5,0x8a,0xc5,0x8a,0xc5,0x8a,
    0xa5,0x8a,0xa5,0x8a,0xa5,0x8a,0xc5,0x8a,0x84,0x82,0x84,0x82,0x84,0x82,0x84,0x82,
    0xa5,0x8a,0xa5,0x8a,0xa5,0x8a,0xa5,0x8a,0xa4,0x8a,0xa4,0x8a,0xa4,0x8a,0xa4,0x8a,
    0xa4,0x8a,0xa4,0x8a,0xa4,0x8a,0xa4,0x8a,0xa4,0x8a,0xa4,0x8a,0xa5,0x8a,0xa4,0x8a,
    0xa4,0x8a,0xa4,0x8a,0xa4,0x8a,0xa4,0x8a,0xa4,0x8a,0xa4,0x8a,0xa4,0x8a,0x84,0x82,
    0x84,0x8a,0xa5,0x8a,0xa5,0x8a,0xa5,0x8a,0xa5,0x8a,0xa5,0x8a,0xa5,0x8a,0xa5,0x8a,
    0xa5,0x8a,0xa5,0x8a,0xa5,0x8a,0xc5,0x8a,0xc5,0x8a,0xc5,0x8a,0xc4,0x8a,0xc4,0x8a,
    0xc4,0x8a,0xc5,0x8a,0xe5,0x92,0xe5,0x92,0xe6,0x92,0xe6,0x92,0xe5,0x92,0xe5,0x92,
    0xe5,0x92,0xe5,0x92,0xe6,0x92,0xe6,0x92,0xe6,0x92,0x06,0x93,0x06,0x93,0x06,0x93,
    0x06,0x93,0x06,0x93,0x06,0x93,0x06,0x9b,0x26,0x9b,0x06,0x93,0x06,0x93,0x06,0x93,
    0x06,0x9b,0x06,0x9b,0x06,0x9b,0x06,0x9b,0x05,0x9b,0x05,0x93,0x26,0x93,0x46,0x9b,
    0x46,0x9b,0x26,0x9b,0x06,0x9b,0x06,0x93,0x06,0x9b,0x26,0xa3,0x06,0x9b,0x06,0x9b,
    0x05,0x9b,0x05,0x9b,0xe5,0x92,0xe5,0x92,0xe5,0x92,0xe5,0x92,0x05,0x9b,0x05,0x9b,
    0xe5,0x92,0xe5,0x92,0xc4,0x92,0xe5,0x92,0x06,0x93,0x05,0x93,0x05,0x93,0x05,0x93,
    0x05,0x93,0x05,0x93,0x05,0x93,0x05,0x93,0x05,0x93,0xe5,0x92,0xe5,0x92,0xe5,0x92,
    0xe5,0x92,0xe5,0x92,0x05,0x93,0xe5,0x92,0xe5,0x8a,0xe5,0x8a,0xe5,0x8a,0xe5,0x8a,
    0xe5,0x8a,0xe5,0x8a,0xc5,0x8a,0xc5,0x8a,0xc5,0x8a,0xe5,0x92,0xe5,0x92,0xe6,0x92,
    0xe5,0x92,0xe5,0x92,0xe5,0x92,0xe5,0x92,0xe5,0x92,0xe5,0x92,0xe5,0x92,0xe5,0x92,
    0xe5,0x92,0xe5,0x92,0xe5,0x92,0xa4,0x8a,0x84,0x82,0xa4,0x8a,0x84,0x82,0x84,0x82,
    0x43,0x7a,0xe5,0x8a,0xcc,0xbc,0xac,0xbc,0xac,0xbc,0xcc,0xbc,0xcc,0xbc,0xcc,0xbc,
    0xcc,0xbc,0xcc,0xbc,0xcc,0xbc,0xcc,0xbc,0xcc,0xbc,0xcc,0xbc,0xcc,0xbc,0xcc,0xbc,
    0xcc,0xbc,0xcc,0xbc,0xcc,0xbc,0xcc,0xbc,0xcc,0xbc,0xcc,0xbc,0xcc,0xbc,0xcc,0xbc,
    0xcc,0xbc,0xcc,0xbc,0xcc,0xbc,0xac,0xb4,0xed,0xc4,0xd0,0xdd,0xf0,0xdd,0xf0,0xdd,
    0xf0,0xdd,0xf0,0xdd,0x10,0xe6,0xf0,0xdd,0xf0,0xdd,0xf0,0xdd,0xf0,0xdd,0xd0,0xdd,
    0xf0,0xdd,0xf1,0xdd,0xd0,0xdd,0x8f,0xd5,0x6f,0xcd,0x4e,0xcd,0x0d,0xc5,0xec,0xc4,
    0xac,0xbc,0x8b,0xb4,0x8b,0xb4,0x8b,0xb4,0x8b,0xb4,0x8b,0xb4,0x8b,0xb4,0x8b,0xb4,
    0x8b,0xb4,0x8b,0xb4,0x8b,0xbc,0x8b,0xbc,0xab,0xbc,0xab,0xbc,0xab,0xbc,0xab,0xbc,
    0xac,0xbc,0xab,0xbc,0xab,0xbc,0xab,0xbc,0x8b,0xbc,0xab,0xbc,0xab,0xbc,0x8b,0xbc,
    0x8b,0xbc,0xab,0xbc,0xab,0xbc,0x8b,0xbc,0x8b,0xbc,0xac,0xbc,0xac,0xbc,0xac,0xbc,
    0xac,0xbc,0xac,0xbc,0xac,0xbc,0xac,0xbc,0xac,0xbc,0xac,0xbc,0xac,0xbc,0x8b,0xbc,
    0x8b,0xb4,0x8b,0xb4,0x8b,0xb4,0x8b,0xb4,0x8b,0xb4,0x8b,0xb4,0x8b,0xbc,0xac,0xbc,
    0x8b,0xb4,0x8b,0xbc,0x8b,0xbc,0xab,0xbc,0xac,0xbc,0xab,0xbc,0xab,0xbc,0xab,0xbc,
    0x8b,0xbc,0xab,0xbc,0xab,0xbc,0x8c,0xbc,0x8c,0xbc,0x8c,0xbc,0xac,0xbc,0xab,0xbc,
    0xab,0xb4,0xaa,0xb4,0xaa,0xb4,0xcc,0xb4,0x8c,0xb4,0x8c,0xac,0x8d,0xac,0x4c,0xa4,
    0xaa,0x8b,0xe7,0x72,0xa3,0x49,0x02,0x31,0x80,0x20,0x20,0x10,0x00,0x10,0x00,0x10,
    0x00,0x10,0x20,0x10,0x20,0x10,0x20,0x10,0x40,0x18,0x40,0x18,0x20,0x18,0x40,0x20,
    0x61,0x28,0x61,0x28,0xa1,0x30,0xc2,0x38,0xe2,0x38,0x03,0x41,0x23,0x49,0x63,0x51,
    0x84,0x51,0x84,0x59,0x84,0x61,0xa4,0x61,0xc4,0x69,0xe4,0x69,0xe3,0x71,0xe3,0x71,
    0x03,0x7a,0x24,0x82,0x44,0x82,0x44,0x82,0x64,0x8a,0x64,0x8a,0x64,0x8a,0x84,0x8a,
    0xa5,0x8a,0xa5,0x8a,0xa5,0x8a,0xc5,0x8a,0xc5,0x8a,0xa5,0x8a,0xc5,0x8a,0xc5,0x8a,
    0xc5,0x8a,0xc5,0x8a,0xc5,0x8a,0xc5,0x8a,0xe5,0x92,0xc5,0x8a,0xc5,0x8a,0xc5,0x8a,
    0xc5,0x8a,0xc5,0x8a,0xc5,0x8a,0xc5,0x8a,0xa5,0x8a,0xa5,0x8a,0xa5,0x8a,0xc5,0x8a,
    0xe5,0x92,0xe5,0x92,0xe5,0x92,0xe5,0x92,0xc5,0x8a,0xc5,0x8a,0xc5,0x8a,0xc5,0x8a,
    0xc5,0x8a,0xc5,0x8a,0xc5,0x8a,0xc5,0x8a,0xc5,0x8a,0xa5,0x8a,0xa4,0x8a,0xa5,0x8a,
    0xc5,0x8a,0xc5,0x8a,0xc5,0x8a,0xc5,0x8a,0xc5,0x8a,0xc5,0x8a,0xc5,0x8a,0xa5,0x8a,
    0xa5,0x8a,0xc5,0x8a,0xc5,0x8a,0xc5,0x8a,0xc5,0x8a,0xc5,0x8a,0xc5,0x8a,0xc5,0x8a,
    0xa5,0x8a,0xa5,0x8a,0xa4,0x8a,0xa4,0x8a,0xa5,0x8a,0xa5,0x8a,0xc4,0x8a,0xc4,0x8a,
    0xc4,0x8a,0xc5,0x92,0xe5,0x92,0xe5,0x92,0xe5,0x92,0xe5,0x92,0xe5,0x92,0xe5,0x92,
    0xe5,0x92,0xe5,0x92,0xe5,0x92,0xe5,0x92,0xe5,0x92,0xe5,0x92,0xe5,0x92,0xe5,0x92,
    0xe5,0x92,0xe5,0x92,0xe5,0x92,0xe5,0x92,0xe5,0x92,0x05,0x93,0x06,0x93,0x06,0x93,
    0x06,0x9b,0x06,0x9b,0x06,0x9b,0x05,0x9b,0x06,0x9b,0x26,0x9b,0x26,0x9b,0x26,0x9b,
    0x26,0x9b,0x26,0x9b,0x26,0x9b,0x26,0x9b,0x26,0x9b,0x26,0xa3,0x26,0xa3,0x26,0x9b,
    0x05,0x9b,0x05,0x9b,0x05,0x93,0xe5,0x92,0xe5,0x92,0x05,0x93,0x05,0x93,0x05,0x9b,
    0x05,0x93,0x05,0x93,0xe5,0x92,0xe5,0x92,0x06,0x93,0x06,0x93,0x06,0x93,0x06,0x93,
    0x06,0x93,0x06,0x93,0xe5,0x92,0x05,0x93,0x05,0x93,0xe5,0x92,0xe5,0x92,0xe5,0x92,
    0xe5,0x92,0xe5,0x92,0x05,0x93,0x26,0x93,0x26,0x93,0x06,0x93,0x05,0x93,0x26,0x93,
    0x06,0x93,0x06,0x93,0x05,0x93,0xe5,0x92,0xe5,0x92,0xe5,0x92,0x06,0x93,0x06,0x93,
    0x06,0x93,0x06,0x93,0x05,0x93,0x05,0x93,0x05,0x93,0x05,0x93,0xe5,0x92,0xe5,0x92,
    0xe5,0x92,0xe5,0x92,0xe5,0x92,0xe5,0x92,0x06,0x93,0x06,0x93,0x06,0x93,0x06,0x93,
    0xc5,0x8a,0x26,0x93,0xac,0xbc,0xcc,0xbc,0xcc,0xbc,0xcc,0xbc,0xcc,0xbc,0xcc,0xbc,
    0xcc,0xbc,0xcc,0xbc,0xcc,0xbc,0xcc,0xbc,0xcc,0xbc,0xcc,0xbc,0xcc,0xbc,0xcc,0xbc,
    0xcc,0xbc,0xcc,0xbc,0xcc,0xbc,0xcc,0xbc,0xcc,0xbc,0xcc,0xbc,0xcc,0xbc,0xcc,0xbc,
    0xcc,0xbc,0xcc,0xbc,0xcc,0xbc,0xcc,0xbc,0x0d,0xc5,0xd0,0xdd,0xf1,0xdd,0xf0,0xdd,
    0xf0,0xdd,0xf0,0xdd,0xf0,0xdd,0xf0,0xdd,0xf0,0xdd,0xd0,0xdd,0xd0,0xdd,0xb0,0xd5,
    0x8f,0xd5,0x6f,0xcd,0x2e,0xcd,0xed,0xc4,0xec,0xbc,0xed,0xc4,0xed,0xc4,0xec,0xc4,
    0xec,0xc4,0xab,0xbc,0x8b,0xb4,0x8b,0xb4,0x8b,0xb4,0x8b,0xb4,0x8b,0xb4,0x8b,0xb4,
    0x8b,0xb4,0x8b,0xb4,0x8b,0xb4,0x8b,0xbc,0x8b,0xbc,0xab,0xbc,0xab,0xbc,0xab,0xbc,
    0xab,0xbc,0xab,0xbc,0xab,0xbc,0xab,0xbc,0x8b,0xbc,0xab,0xbc,0x8b,0xbc,0x8b,0xb4,
    0x8b,0xb4,0xab,0xbc,0xab,0xbc,0x8b,0xbc,0x8b,0xbc,0xac,0xbc,0xac,0xbc,0xac,0xbc,
    0xac,0xbc,0xac,0xbc,0xac,0xbc,0xac,0xbc,0xac,0xbc,0xac,0xbc,0xac,0xbc,0x8b,0xbc,
    0x8b,0xb4,0x8b,0xb4,0x8b,0xb4,0x8b,0xb4,0x8b,0xb4,0x8b,0xb4,0x8b,0xbc,0xac,0xbc,
    0x8b,0xb4,0x8b,0xbc,0xac,0xbc,0xac,0xbc,0xab,0xbc,0xab,0xbc,0xab,0xbc,0xab,0xbc,
    0x8b,0xbc,0xab,0xbc,0xab,0xbc,0x8c,0xbc,0x8c,0xbc,0x8c,0xbc,0x8c,0xbc,0xab,0xbc,
    0xab,0xb4,0xcb,0xb4,0xcb,0xbc,0xad,0xac,0x8d,0xac,0xca,0x93,0xe8,0x72,0xe5,0x51,
    0x01,0x31,0x60,0x18,0x00,0x10,0x00,0x10,0x00,0x08,0x00,0x10,0x00,0x10,0x00,0x10,
    0x20,0x10,0x40,0x18,0x20,0x18,0x20,0x18,0x40,0x18,0x41,0x20,0x61,0x28,0x81,0x28,
    0xa1,0x30,0xa2,0x38,0xe2,0x40,0x03,0x49,0x43,0x51,0x43,0x51,0x63,0x51,0x63,0x59,
    0x83,0x59,0x83,0x61,0x83,0x61,0xa3,0x69,0xc3,0x69,0xe3,0x71,0x04,0x7a,0x03,0x7a,
    0x24,0x82,0x44,0x82,0x44,0x82,0x64,0x82,0x64,0x8a,0x64,0x82,0x64,0x8a,0x84,0x8a,
    0xa4,0x8a,0xc5,0x8a,0xa5,0x8a,0xa5,0x8a,0xa5,0x8a,0xa5,0x8a,0xa5,0x8a,0xa5,0x8a,
    0xc5,0x8a,0xc5,0x8a,0xe5,0x92,0xe5,0x92,0xe5,0x92,0xe5,0x92,0xc5,0x8a,0xc5,0x8a,
    0xc5,0x8a,0xc5,0x8a,0xe5,0x8a,0xe5,0x8a,0xe6,0x92,0xe6,0x92,0xe6,0x92,0xe5,0x92,
    0xe5,0x92,0xe5,0x92,0xe5,0x92,0xe5,0x92,0xe5,0x92,0xe5,0x92,0xe5,0x92,0xe5,0x92,
    0xe5,0x92,0xe5,0x92,0xe5,0x92,0xe5,0x92,0xe5,0x92,0xc5,0x8a,0xa4,0x8a,0xc5,0x8a,
    0xc5,0x8a,0xc5,0x8a,0xc5,0x8a,0xe5,0x92,0xe5,0x92,0xe5,0x92,0xe5,0x92,0xa5,0x8a,
    0xc5,0x8a,0xc5,0x92,0xc5,0x92,0xc5,0x8a,0xc5,0x8a,0xc5,0x8a,0xc5,0x8a,0xc5,0x8a,
    0xc5,0x8a,0xa5,0x8a,0xa5,0x8a,0xa5,0x8a,0xc5,0x8a,0xc5,0x8a,0xc4,0x8a,0xc4,0x8a,
    0xc4,0x8a,0xc5,0x92,0xc5,0x92,0xc5,0x92,0xe5,0x92,0xe5,0x92,0xc5,0x8a,0xc5,0x8a,
    0xc5,0x8a,0xc5,0x8a,0xe5,0x92,0xc5,0x8a,0xc5,0x8a,0xc5,0x8a,0xc4,0x8a,0xc4,0x8a,
    0xc4,0x8a,0xc4,0x8a,0xc4,0x8a,0xc5,0x8a,0xc5,0x8a,0xc5,0x8a,0xc5,0x8a,0xe5,0x92,
    0xe5,0x92,0xe5,0x92,0xe5,0x92,0xc5,0x92,0xc5,0x92,0x06,0x93,0x06,0x93,0xe5,0x92,
    0xe5,0x92,0xe5,0x92,0x06,0x93,0x06,0x93,0x06,0x9b,0x06,0x9b,0x06,0x9b,0x05,0x9b,
    0x06,0x9b,0x06,0x9b,0x05,0x93,0x05,0x93,0x05,0x93,0x06,0x9b,0x26,0x9b,0x26,0x9b,
    0x26,0x9b,0x06,0x9b,0x05,0x93,0x06,0x93,0x06,0x93,0x06,0x93,0x06,0x93,0x06,0x93,
    0x06,0x93,0x06,0x93,0x06,0x93,0x06,0x93,0x06,0x93,0x05,0x93,0xe5,0x92,0xe5,0x92,
    0x05,0x93,0x05,0x93,0x05,0x93,0x25,0x93,0x05,0x93,0x05,0x93,0x05,0x93,0x25,0x93,
    0x05,0x93,0x05,0x93,0x05,0x93,0x06,0x93,0x06,0x93,0x06,0x93,0x06,0x93,0x06,0x93,
    0x06,0x93,0xe5,0x92,0x05,0x93,0xe5,0x92,0x05,0x93,0x05,0x93,0x06,0x93,0x06,0x93,
    0x06,0x93,0x06,0x93,0xe6,0x92,0x26,0x9b,0x26,0x9b,0x06,0x93,0x26,0x9b,0x06,0x93,
    0xc5,0x92,0x26,0x93,0xcc,0xbc,0xcc,0xbc,0xcc,0xbc,0xcc,0xbc,0xcc,0xbc,0xcc,0xbc,
    0xcc,0xbc,0xcc,0xbc,0xcc,0xbc,0xcc,0xbc,0xcc,0xbc,0xcc,0xbc,0xcc,0xbc,0xcc,0xbc,
    0xcc,0xbc,0xcc,0xbc,0xcc,0xbc,0xcc,0xbc,0xcc,0xbc,0xcc,0xbc,0xcc,0xbc,0xcc,0xbc,
    0xcc,0xbc,0xcc,0xbc,0xcc,0xbc,0xcc,0xbc,0xed,0xbc,0xf0,0xdd,0xd0,0xdd,0xf0,0xdd,
    0xf0,0xdd,0xf0,0xdd,0xf0,0xdd,0xb0,0xdd,0xaf,0xd5,0x8f,0xd5,0x8f,0xd5,0x4e,0xcd,
    0x2e,0xc5,0xed,0xbc,0xcc,0xbc,0xcc,0xbc,0xed,0xbc,0x2e,0xc5,0x0d,0xc5,0xec,0xc4,
    0xcc,0xbc,0xab,0xbc,0x8b,0xb4,0x8b,0xb4,0x8b,0xb4,0x8b,0xb4,0x8b,0xb4,0x8b,0xb4,
    0x8b,0xb4,0x8b,0xb4,0x8b,0xb4,0xab,0xbc,0xab,0xbc,0x8b,0xbc,0xab,0xbc,0xab,0xbc,
    0xab,0xbc,0xab,0xbc,0x8b,0xbc,0x8b,0xbc,0x8b,0xb4,0x8b,0xbc,0x8b,0xbc,0x8b,0xbc,
    0xab,0xbc,0xab,0xbc,0xab,0xbc,0xab,0xbc,0xab,0xbc,0xac,0xbc,0xac,0xbc,0xac,0xbc,
    0xac,0xbc,0xac,0xbc,0xac,0xbc,0xac,0xbc,0xac,0xbc,0xac,0xbc,0xac,0xbc,0x8b,0xbc,
    0x8b,0xb4,0x8b,0xb4,0x8b,0xb4,0x6b,0xb4,0x8b,0xb4,0x8b,0xb4,0x8b,0xb4,0x8b,0xbc,
    0xac,0xbc,0xac,0xbc,0xac,0xbc,0xac,0xbc,0xab,0xbc,0xab,0xbc,0xab,0xbc,0x8b,0xbc,
    0x8b,0xbc,0x8c,0xbc,0x8c,0xbc,0xac,0xbc,0x8c,0xb4,0xac,0xbc,0xac,0xbc,0xad,0xbc,
    0xce,0xbc,0x8d,0xb4,0xeb,0x9b,0xc7,0x6a,0x05,0x52,0x22,0x39,0x60,0x18,0x00,0x10,
    0x00,0x10,0x00,0x10,0x00,0x10,0x01,0x10,0x01,0x10,0x00,0x10,0x00,0x10,0x20,0x10,
    0x40,0x18,0x61,0x20,0x41,0x18,0x41,0x20,0x81,0x28,0x81,0x28,0xc2,0x38,0xe2,0x38,
    0x02,0x41,0x23,0x49,0x23,0x51,0x43,0x51,0x63,0x59,0x83,0x59,0x83,0x61,0x83,0x61,
    0xa3,0x61,0xa3,0x69,0xa3,0x69,0xc3,0x71,0xc3,0x71,0xe4,0x79,0x04,0x7a,0x24,0x82,
    0x44,0x82,0x24,0x82,0x44,0x82,0x44,0x82,0x44,0x82,0x64,0x82,0x64,0x82,0x84,0x82,
    0x84,0x8a,0x84,0x8a,0x84,0x8a,0x84,0x8a,0x84,0x82,0x84,0x82,0x84,0x8a,0x85,0x8a,
    0xa5,0x8a,0xc5,0x8a,0xc5,0x8a,0xc5,0x8a,0xe5,0x92,0xe5,0x92,0xe5,0x92,0xe5,0x92,
    0xe5,0x8a,0xe5,0x8a,0xe6,0x92,0xe6,0x92,0xe5,0x8a,0xe5,0x8a,0xe5,0x8a,0xe5,0x8a,
    0xe5,0x92,0xe5,0x92,0xe5,0x92,0xe5,0x92,0xe5,0x92,0xe5,0x92,0xe5,0x92,0xe5,0x92,
    0xe5,0x92,0xe5,0x92,0xe5,0x92,0xe5,0x92,0xc5,0x8a,0xc5,0x8a,0xa5,0x8a,0xc5,0x8a,
    0xe5,0x92,0xe5,0x92,0xe5,0x92,0xe5,0x92,0xe5,0x92,0xe5,0x92,0xc5,0x8a,0xc5,0x8a,
    0xc5,0x92,0xe6,0x92,0xe6,0x92,0xe6,0x92,0xe6,0x92,0xe6,0x92,0xe5,0x92,0xc5,0x8a,
    0xc5,0x8a,0xc5,0x8a,0xe5,0x92,0xe5,0x92,0xe5,0x92,0xe5,0x92,0xc5,0x92,0xc4,0x8a,
    0xc4,0x8a,0xc5,0x8a,0xc5,0x92,0xc5,0x8a,0xc5,0x92,0xc5,0x8a,0xc5,0x8a,0xc5,0x8a,
    0xc5,0x8a,0xc5,0x8a,0xc5,0x8a,0xc5,0x8a,0xc5,0x8a,0xc5,0x8a,0xc4,0x8a,0xc4,0x8a,
    0xc4,0x8a,0xc4,0x8a,0xc4,0x8a,0xc4,0x8a,0xc4,0x8a,0xa4,0x8a,0xa4,0x8a,0xc4,0x8a,
    0xc4,0x8a,0xa4,0x8a,0xa4,0x8a,0xa4,0x8a,0xa4,0x8a,0xc5,0x8a,0xc5,0x8a,0xc5,0x8a,
    0xc5,0x8a,0xc5,0x8a,0xc5,0x8a,0xe5,0x92,0xe5,0x92,0xe5,0x92,0xe5,0x92,0xe5,0x92,
    0x06,0x93,0x06,0x93,0x06,0x93,0x05,0x93,0x06,0x93,0x06,0x93,0x06,0x93,0x06,0x93,
    0x26,0x9b,0x26,0x9b,0x26,0x9b,0x26,0x9b,0x26,0x9b,0x26,0x9b,0x06,0x93,0x06,0x93,
    0x06,0x93,0x06,0x93,0x06,0x93,0x06,0x93,0x05,0x93,0xe5,0x92,0x05,0x93,0x06,0x93,
    0x06,0x93,0x06,0x93,0x26,0x9b,0x05,0x93,0x25,0x93,0x25,0x93,0x25,0x93,0x25,0x93,
    0x25,0x93,0x05,0x93,0x05,0x93,0x06,0x93,0x06,0x93,0x26,0x9b,0x06,0x93,0x05,0x93,
    0x05,0x93,0x05,0x93,0x06,0x93,0x06,0x93,0x06,0x93,0x26,0x9b,0x05,0x93,0x05,0x93,
    0x05,0x93,0x05,0x93,0x06,0x93,0x26,0x9b,0x06,0x93,0x06,0x93,0x06,0x93,0x06,0x93,
    0xe5,0x92,0x47,0x9b,0xcc,0xbc,0xcc,0xbc,0xcc,0xbc,0xcc,0xbc,0xcc,0xbc,0xcc,0xbc,
    0xcc,0xbc,0xcc,0xbc,0xcc,0xbc,0xcc,0xbc,0xcc,0xbc,0xcc,0xbc,0xcc,0xbc,0xcc,0xbc,
    0xcc,0xbc,0xcc,0xbc,0xcc,0xbc,0xcc,0xbc,0xcc,0xbc,0xcc,0xbc,0xcc,0xbc,0xcc,0xbc,
    0xcc,0xbc,0xcc,0xbc,0xcc,0xbc,0xcc,0xbc,0xed,0xbc,0xf1,0xe5,0xf1,0xe5,0xd0,0xdd,
    0xd0,0xdd,0xb0,0xdd,0xb0,0xd5,0xaf,0xd5,0x6f,0xcd,0x2d,0xc5,0x0d,0xc5,0x0d,0xc5,
    0x0d,0xc5,0xed,0xbc,0xed,0xc4,0x0d,0xc5,0x0d,0xc5,0x0d,0xc5,0xed,0xc4,0xcc,0xc4,
    0xab,0xbc,0xab,0xbc,0x8b,0xbc,0x8b,0xb4,0x8b,0xb4,0x8b,0xb4,0x8b,0xb4,0x8b,0xb4,
    0x8b,0xb4,0x6b,0xb4,0x8b,0xb4,0xab,0xbc,0xab,0xbc,0x8b,0xbc,0xab,0xbc,0xab,0xbc,
    0xab,0xbc,0xab,0xbc,0x8b,0xbc,0x8b,0xb4,0x8b,0xb4,0x8b,0xbc,0x8b,0xbc,0xab,0xbc,
    0xab,0xbc,0xab,0xbc,0xab,0xbc,0xab,0xbc,0xab,0xbc,0xac,0xbc,0xac,0xbc,0xac,0xbc,
    0xac,0xbc,0xac,0xbc,0xac,0xbc,0xac,0xbc,0xac,0xbc,0xac,0xbc,0xac,0xbc,0x8b,0xbc,
    0xac,0xbc,0x8b,0xbc,0x8b,0xb4,0x8b,0xb4,0x8b,0xb4,0x8b,0xb4,0x8b,0xb4,0x8b,0xbc,
    0xac,0xbc,0xac,0xbc,0xac,0xbc,0xac,0xbc,0xcc,0xbc,0xac,0xbc,0xac,0xbc,0xac,0xbc,
    0xac,0xbc,0x8c,0xbc,0x8c,0xbc,0xcc,0xbc,0xcc,0xbc,0xcd,0xbc,0x8d,0xac,0xec,0x9b,
    0xe9,0x7a,0xe5,0x59,0xe2,0x38,0x60,0x18,0x00,0x08,0x00,0x10,0x00,0x10,0x00,0x10,
    0x00,0x10,0x21,0x10,0x01,0x10,0x22,0x18,0x22,0x18,0x21,0x18,0x41,0x18,0x41,0x18,
    0x61,0x20,0x81,0x20,0x81,0x28,0xa2,0x30,0xe2,0x38,0xe2,0x40,0xe2,0x40,0x02,0x49,
    0x22,0x51,0x43,0x51,0x43,0x59,0x63,0x59,0x83,0x61,0x83,0x61,0xa3,0x61,0xc3,0x69,
    0xc3,0x69,0xc3,0x71,0xe3,0x71,0xe4,0x79,0x04,0x7a,0x24,0x7a,0x24,0x7a,0x44,0x82,
    0x44,0x82,0x44,0x82,0x64,0x82,0x64,0x82,0x64,0x82,0x84,0x82,0x84,0x82,0x84,0x82,
    0x84,0x82,0x84,0x82,0x84,0x82,0x84,0x82,0x84,0x82,0x84,0x82,0x84,0x8a,0x84,0x8a,
    0xa5,0x8a,0xc5,0x8a,0xa5,0x8a,0xa4,0x8a,0xa5,0x8a,0xc5,0x8a,0xc5,0x8a,0xc5,0x8a,
    0xc5,0x8a,0xc5,0x8a,0xc5,0x8a,0xe5,0x8a,0xc5,0x8a,0xc5,0x8a,0xc5,0x8a,0xc5,0x8a,
    0xc5,0x8a,0xc5,0x8a,0xc5,0x8a,0xc5,0x8a,0xc5,0x8a,0xc5,0x8a,0xc5,0x8a,0xc5,0x8a,
    0xc5,0x8a,0xc5,0x8a,0xe5,0x92,0xc5,0x8a,0xc5,0x8a,0xc5,0x8a,0xc5,0x8a,0xc5,0x8a,
    0xe5,0x92,0xe5,0x92,0xe5,0x92,0xe5,0x92,0xe5,0x92,0xe5,0x92,0xe5,0x92,0xe6,0x92,
    0xe6,0x92,0xe6,0x92,0xe6,0x92,0x06,0x93,0xe6,0x92,0xe6,0x92,0xe5,0x92,0x06,0x93,
    0x06,0x93,0x06,0x93,0x06,0x93,0xe5,0x92,0xe5,0x92,0xe5,0x92,0xe5,0x92,0xe5,0x92,
    0xc4,0x92,0xc5,0x8a,0xc5,0x92,0xc5,0x92,0xc5,0x8a,0xc5,0x8a,0xc5,0x8a,0xc5,0x8a,
    0xc5,0x8a,0xc5,0x8a,0xc5,0x8a,0xe5,0x92,0xe5,0x92,0xe5,0x92,0xc5,0x8a,0xc5,0x8a,
    0xc5,0x8a,0xc5,0x8a,0xc5,0x8a,0xc5,0x8a,0xc5,0x8a,0xa4,0x8a,0xa4,0x8a,0xc4,0x8a,
    0xc4,0x8a,0xa4,0x8a,0xa4,0x8a,0xa4,0x92,0xa4,0x8a,0xc5,0x8a,0xc5,0x8a,0xc5,0x8a,
    0xc5,0x8a,0xc5,0x8a,0xa5,0x8a,0xc5,0x8a,0xc5,0x92,0xc5,0x92,0xc5,0x92,0xc5,0x92,
    0xc5,0x92,0xe5,0x8a,0xe5,0x8a,0xe5,0x8a,0xe5,0x92,0xe5,0x92,0xe5,0x92,0xe5,0x92,
    0x05,0x93,0x06,0x93,0x06,0x93,0x06,0x93,0x06,0x93,0x06,0x93,0xe5,0x92,0xe5,0x92,
    0xe5,0x92,0xe5,0x92,0xe5,0x92,0x05,0x93,0xe5,0x92,0xe5,0x92,0x05,0x93,0x06,0x93,
    0x06,0x93,0x26,0x9b,0x26,0x9b,0x05,0x9b,0x25,0x9b,0x26,0x9b,0x26,0x9b,0x26,0x9b,
    0x25,0x9b,0x05,0x93,0x05,0x93,0x26,0x9b,0x26,0x9b,0x26,0x9b,0x26,0x9b,0x05,0x93,
    0x05,0x93,0x05,0x93,0x06,0x93,0x06,0x93,0x06,0x93,0x06,0x93,0x06,0x93,0x06,0x93,
    0x06,0x93,0x26,0x9b,0x26,0x9b,0x26,0x9b,0x06,0x93,0x06,0x93,0x06,0x93,0x06,0x93,
    0xe5,0x92,0x67,0x9b,0xcc,0xbc,0xcc,0xbc,0xcc,0xbc,0xcc,0xbc,0xcc,0xbc,0xcc,0xbc,
    0xcc,0xbc,0xcc,0xbc,0xcc,0xbc,0xcc,0xbc,0xcc,0xbc,0xcc,0xbc,0xcc,0xbc,0xcc,0xbc,
    0xcc,0xbc,0xcc,0xbc,0xcc,0xbc,0xcc,0xbc,0xcc,0xbc,0xcc,0xbc,0xcc,0xbc,0xcc,0xbc,
    0xcc,0xbc,0xcc,0xbc,0xcc,0xbc,0xac,0xbc,0xed,0xc4,0xd0,0xdd,0xd0,0xdd,0xaf,0xd5,
    0x8f,0xd5,0x4e,0xcd,0x2e,0xcd,0x2e,0xc5,0x2d,0xc5,0x0d,0xc5,0x0d,0xc5,0x2d,0xc5,
    0x2d,0xc5,0x2e,0xc5,0x0d,0xc5,0x0d,0xc5,0xed,0xbc,0xcc,0xbc,0xcc,0xbc,0xac,0xbc,
    0xab,0xbc,0x8b,0xbc,0x8b,0xbc,0x8b,0xb4,0x8b,0xb4,0x8b,0xb4,0x8b,0xb4,0x8b,0xb4,
    0x8b,0xb4,0x6a,0xb4,0x8b,0xb4,0xab,0xbc,0xab,0xbc,0x8b,0xbc,0xab,0xbc,0xab,0xbc,
    0xab,0xbc,0xab,0xbc,0x8b,0xbc,0x8b,0xb4,0x8b,0xb4,0x8b,0xbc,0x8b,0xbc,0xab,0xbc,
    0xab,0xbc,0xab,0xbc,0xab,0xbc,0xab,0xbc,0xab,0xbc,0xac,0xbc,0xac,0xbc,0xac,0xbc,
    0xac,0xbc,0xac,0xbc,0xac,0xbc,0xac,0xbc,0xac,0xbc,0xac,0xbc,0xac,0xbc,0x8b,0xbc,
    0xac,0xbc,0xac,0xbc,0x8b,0xb4,0x8b,0xb4,0x8b,0xb4,0x8b,0xb4,0x8b,0xbc,0xac,0xbc,
    0xac,0xbc,0xac,0xbc,0xac,0xbc,0xac,0xbc,0xcc,0xbc,0xac,0xb4,0x8c,0xb4,0x8c,0xb4,
    0x8d,0xb4,0xae,0xbc,0xad,0xbc,0x8d,0xac,0xeb,0x9b,0x28,0x7b,0x05,0x5a,0x02,0x39,
    0x40,0x20,0x00,0x18,0x00,0x18,0x00,0x10,0x00,0x08,0x00,0x10,0x21,0x18,0x21,0x18,
    0x21,0x18,0x21,0x18,0x21,0x18,0x21,0x18,0x21,0x18,0x21,0x20,0x62,0x28,0x81,0x28,
    0xa1,0x30,0xc2,0x30,0xe2,0x38,0x03,0x41,0x43,0x49,0x43,0x51,0x42,0x51,0x42,0x51,
    0x62,0x59,0x62,0x59,0x83,0x61,0xa3,0x61,0xc3,0x61,0xc3,0x69,0xe3,0x69,0x03,0x72,
    0x03,0x72,0x23,0x72,0x04,0x7a,0x24,0x7a,0x44,0x82,0x44,0x82,0x44,0x82,0x64,0x82,
    0x64,0x82,0x64,0x82,0x85,0x82,0x85,0x82,0x85,0x82,0x84,0x82,0x84,0x82,0x84,0x82,
    0x84,0x82,0x84,0x82,0x84,0x82,0x84,0x82,0x84,0x82,0x84,0x82,0x84,0x8a,0x85,0x8a,
    0xa5,0x8a,0xa4,0x8a,0xa4,0x8a,0xa4,0x8a,0xa4,0x8a,0xa4,0x8a,0xa4,0x8a,0xa4,0x8a,
    0xc5,0x8a,0xc5,0x8a,0xc5,0x8a,0xc5,0x8a,0xc5,0x8a,0xc5,0x8a,0xc5,0x8a,0xc5,0x8a,
    0xa4,0x8a,0xa4,0x8a,0xa4,0x8a,0xa5,0x8a,0xc5,0x8a,0xc5,0x8a,0xc5,0x8a,0xc5,0x8a,
    0xc5,0x8a,0xc5,0x8a,0xc5,0x8a,0xc5,0x8a,0xc5,0x8a,0xc5,0x8a,0xc5,0x8a,0xc5,0x8a,
    0xe5,0x92,0xe5,0x92,0xe5,0x92,0xe6,0x92,0xe6,0x92,0xe5,0x92,0xe5,0x92,0xc5,0x92,
    0xc5,0x92,0xc5,0x92,0xc5,0x92,0xe6,0x92,0xe6,0x92,0x06,0x93,0x06,0x93,0x06,0x93,
    0x06,0x93,0x06,0x93,0x05,0x93,0xe5,0x92,0xe5,0x92,0xe5,0x92,0xe5,0x92,0xe5,0x92,
    0xe5,0x92,0xc5,0x92,0xe5,0x92,0xe5,0x92,0xc5,0x92,0xc5,0x92,0xc5,0x8a,0xc5,0x8a,
    0xc5,0x8a,0xe5,0x92,0xe5,0x92,0xe5,0x92,0xe6,0x92,0xe5,0x92,0xe5,0x92,0xe5,0x92,
    0xe5,0x92,0xe5,0x92,0xe5,0x92,0xe5,0x92,0xe5,0x92,0xc4,0x8a,0xc4,0x8a,0xc4,0x8a,
    0xc5,0x8a,0xc5,0x92,0xc5,0x92,0xc5,0x92,0xc5,0x92,0xc5,0x92,0xc5,0x92,0xc5,0x92,
    0xc5,0x92,0xc5,0x8a,0xa5,0x8a,0xc5,0x8a,0xc5,0x92,0xa5,0x8a,0xa5,0x8a,0xc5,0x8a,
    0xc5,0x8a,0xc5,0x8a,0xc5,0x8a,0xc5,0x8a,0xc5,0x8a,0xc5,0x8a,0xc5,0x8a,0xc5,0x8a,
    0xc5,0x8a,0xc5,0x8a,0xc5,0x8a,0xc5,0x8a,0xc5,0x8a,0xc5,0x8a,0xc5,0x8a,0xc5,0x8a,
    0xc5,0x8a,0xc5,0x8a,0xc5,0x8a,0xe5,0x92,0xe5,0x92,0xe5,0x92,0x05,0x93,0x05,0x93,
    0xe5,0x92,0x05,0x93,0x05,0x93,0x06,0x93,0x06,0x93,0x06,0x9b,0x06,0x9b,0x06,0x93,
    0x05,0x93,0xe5,0x92,0x05,0x93,0x26,0x9b,0x26,0x9b,0x26,0x9b,0x26,0x9b,0x26,0x9b,
    0x26,0x9b,0x26,0x9b,0x26,0x93,0x06,0x93,0x06,0x93,0x06,0x93,0x26,0x9b,0x26,0x9b,
    0x26,0x9b,0x26,0x9b,0x26,0x9b,0x26,0x9b,0x06,0x93,0x06,0x93,0x06,0x93,0x06,0x93,
    0xe6,0x92,0x67,0x9b,0xcc,0xbc,0xcc,0xbc,0xcc,0xbc,0xcc,0xbc,0xcc,0xbc,0xcc,0xbc,
    0xcc,0xbc,0xcc,0xbc,0xcc,0xbc,0xcc,0xbc,0xcc,0xbc,0xcc,0xbc,0xcc,0xbc,0xcc,0xbc,
    0xcc,0xbc,0xcc,0xbc,0xcc,0xbc,0xcc,0xbc,0xcc,0xbc,0xcc,0xbc,0xcc,0xbc,0xcc,0xbc,
    0xcc,0xbc,0xcc,0xbc,0xcc,0xbc,0xcc,0xbc,0xed,0xbc,0x4e,0xcd,0x4e,0xcd,0x2e,0xcd,
    0x2e,0xc5,0x0d,0xc5,0x0d,0xc5,0x0d,0xc5,0x0d,0xc5,0x0d,0xc5,0x2d,0xc5,0x2d,0xc5,
    0x0d,0xc5,0xed,0xbc,0xcc,0xbc,0xac,0xb4,0xab,0xb4,0x8b,0xb4,0x8b,0xb4,0x8b,0xbc,
    0x8b,0xbc,0x8b,0xbc,0x8b,0xbc,0x8b,0xb4,0x8b,0xb4,0x8b,0xb4,0x8b,0xb4,0x8b,0xb4,
    0x8b,0xb4,0x6a,0xb4,0x6b,0xb4,0xab,0xbc,0x8b,0xbc,0x8b,0xb4,0xab,0xbc,0xab,0xbc,
    0xab,0xbc,0xab,0xbc,0x8b,0xbc,0x8b,0xb4,0x8b,0xb4,0x8b,0xbc,0x8b,0xbc,0xab,0xbc,
    0xab,0xbc,0xab,0xbc,0xab,0xbc,0xab,0xbc,0xab,0xbc,0xac,0xbc,0xac,0xbc,0xac,0xbc,
    0xac,0xbc,0xac,0xbc,0xac,0xbc,0xac,0xbc,0xac,0xbc,0xac,0xbc,0xac,0xbc,0x8b,0xbc,
    0xac,0xbc,0xac,0xbc,0x8b,0xbc,0x8b,0xb4,0x8b,0xbc,0x8b,0xbc,0xac,0xbc,0xac,0xbc,
    0xac,0xbc,0xac,0xbc,0xac,0xbc,0xac,0xbc,0xac,0xb4,0xac,0xb4,0xad,0xb4,0xad,0xb4,
    0x6c,0xac,0xca,0x9b,0xa6,0x72,0xa4,0x51,0xe1,0x30,0x60,0x20,0x20,0x18,0x00,0x18,
    0x00,0x10,0x00,0x18,0x01,0x18,0x01,0x10,0x01,0x10,0x01,0x10,0x21,0x18,0x21,0x18,
    0x41,0x18,0x21,0x18,0x41,0x20,0x61,0x20,0x41,0x20,0x82,0x28,0xe3,0x38,0xe3,0x38,
    0x03,0x41,0x23,0x49,0x23,0x49,0x43,0x49,0x64,0x51,0x83,0x59,0x83,0x59,0x82,0x59,
    0x82,0x61,0x82,0x61,0xc3,0x61,0xe3,0x61,0xe3,0x69,0x03,0x6a,0x24,0x72,0x43,0x72,
    0x44,0x7a,0x44,0x7a,0x44,0x7a,0x64,0x82,0x85,0x82,0x85,0x82,0x64,0x82,0x64,0x7a,
    0x64,0x7a,0x64,0x7a,0x64,0x82,0x64,0x82,0x64,0x82,0x84,0x82,0x84,0x82,0x84,0x82,
    0x84,0x82,0x84,0x82,0x84,0x82,0x84,0x82,0x84,0x82,0x84,0x82,0x84,0x8a,0x85,0x8a,
    0xa4,0x8a,0xa4,0x8a,0xa4,0x8a,0x84,0x82,0xa4,0x8a,0xa4,0x8a,0xa5,0x8a,0xc5,0x8a,
    0xa5,0x8a,0xa5,0x8a,0xc5,0x8a,0xc5,0x8a,0xc5,0x8a,0xc5,0x8a,0xc5,0x8a,0xc5,0x8a,
    0xa4,0x8a,0xa4,0x8a,0xa5,0x8a,0xc5,0x8a,0xc5,0x8a,0xc5,0x8a,0xc5,0x8a,0xc5,0x8a,
    0xa5,0x8a,0xc5,0x8a,0xc5,0x8a,0xc5,0x8a,0xc5,0x8a,0xc5,0x8a,0xc5,0x8a,0xc5,0x8a,
    0xe5,0x92,0xe5,0x92,0xe5,0x92,0xc5,0x8a,0xc5,0x8a,0xc5,0x8a,0xc5,0x8a,0xc5,0x8a,
    0xc5,0x8a,0xc5,0x8a,0xc5,0x8a,0xc5,0x92,0xe6,0x92,0x06,0x93,0x06,0x93,0xe5,0x92,
    0xe5,0x92,0xe5,0x92,0xe5,0x92,0xe5,0x92,0xe5,0x92,0xe5,0x92,0xe5,0x92,0xe5,0x92,
    0xe5,0x92,0xe5,0x92,0xe5,0x92,0xe5,0x92,0xe5,0x92,0xe5,0x92,0xe5,0x92,0xe5,0x92,
    0xe5,0x92,0xe5,0x92,0xe5,0x92,0xe6,0x92,0x06,0x93,0x06,0x93,0x05,0x93,0x05,0x93,
    0x05,0x93,0xe5,0x92,0xe5,0x92,0xe5,0x92,0xe5,0x92,0xe5,0x92,0x05,0x93,0x05,0x93,
    0x05,0x93,0xe5,0x92,0xe5,0x92,0xe5,0x92,0xe5,0x92,0xe6,0x92,0xe6,0x92,0xe6,0x92,
    0xc6,0x92,0xc5,0x8a,0xa5,0x8a,0xc5,0x8a,0xe5,0x92,0xc5,0x92,0xc5,0x92,0xe5,0x92,
    0xc5,0x8a,0xc5,0x8a,0xc5,0x8a,0xc5,0x8a,0xc5,0x8a,0xe5,0x8a,0xe5,0x8a,0xc5,0x8a,
    0xc5,0x8a,0xc5,0x8a,0xc5,0x8a,0xc5,0x8a,0xc5,0x92,0xc5,0x8a,0xc5,0x8a,0xc5,0x8a,
    0xc5,0x92,0xc5,0x92,0xc5,0x92,0xe5,0x92,0xe5,0x92,0xc5,0x8a,0x05,0x93,0xe5,0x92,
    0xe5,0x92,0xe5,0x92,0xe5,0x92,0xe6,0x92,0x06,0x9b,0x06,0x9b,0x06,0x9b,0xe6,0x92,
    0xe6,0x92,0xc5,0x92,0xe5,0x92,0x05,0x93,0x05,0x93,0x05,0x93,0x05,0x93,0x05,0x93,
    0x05,0x93,0x05,0x93,0x06,0x93,0x06,0x93,0x06,0x93,0x06,0x93,0x06,0x93,0x06,0x93,
    0x06,0x93,0x06,0x93,0x26,0x9b,0x26,0x9b,0x06,0x93,0x06,0x93,0x26,0x9b,0x26,0x9b,
    0x06,0x93,0x67,0x9b,0xcc,0xbc,0xcc,0xbc,0xcc,0xbc,0xcc,0xbc,0xcc,0xbc,0xcc,0xbc,
    0xcc,0xbc,0xcc,0xbc,0xcc,0xbc,0xcc,0xbc,0xcc,0xbc,0xcc,0xbc,0xcc,0xbc,0xcc,0xbc,
    0xcc,0xbc,0xcc,0xbc,0xcc,0xbc,0xcc,0xbc,0xcc,0xbc,0xcc,0xbc,0xcc,0xbc,0xcc,0xbc,
    0xcc,0xbc,0xcc,0xbc,0xcc,0xbc,0xac,0xbc,0xcc,0xbc,0x0d,0xc5,0xed,0xc4,0x0d,0xc5,
    0x0d,0xc5,0x2e,0xcd,0x2e,0xcd,0x2e,0xcd,0x0d,0xc5,0xcd,0xc4,0xcc,0xbc,0xac,0xbc,
    0xac,0xbc,0xab,0xbc,0x8b,0xb4,0x8b,0xb4,0x8b,0xb4,0x8b,0xb4,0xab,0xbc,0x8b,0xbc,
    0x8b,0xb4,0x8b,0xb4,0x6b,0xb4,0x6b,0xb4,0x6b,0xb4,0x6b,0xb4,0x6b,0xb4,0x6b,0xb4,
    0x6b,0xb4,0x6b,0xb4,0x8b,0xb4,0x8b,0xb4,0x8b,0xbc,0x8b,0xbc,0xab,0xbc,0xab,0xbc,
    0xab,0xbc,0x8b,0xbc,0x8b,0xbc,0x8b,0xbc,0x8b,0xbc,0xab,0xbc,0xab,0xbc,0xab,0xbc,
    0xab,0xbc,0x8b,0xbc,0x8b,0xbc,0x8b,0xbc,0x8b,0xbc,0xab,0xbc,0x8b,0xbc,0x8b,0xb4,
    0x8b,0xbc,0xab,0xbc,0xab,0xbc,0xab,0xbc,0x8c,0xbc,0x8c,0xbc,0xac,0xbc,0xac,0xbc,
    0xac,0xbc,0xab,0xbc,0xab,0xb4,0x8a,0xb4,0xab,0xbc,0xab,0xbc,0xab,0xb4,0xac,0xbc,
    0xac,0xbc,0xad,0xbc,0xad,0xb4,0xce,0xbc,0xce,0xb4,0x8d,0xac,0xeb,0x9b,0xe8,0x72,
    0x05,0x5a,0xe1,0x30,0x40,0x18,0x00,0x10,0x00,0x10,0x00,0x10,0x20,0x18,0x20,0x18,
    0x20,0x18,0x20,0x18,0x20,0x18,0x20,0x10,0x21,0x18,0x21,0x18,0x41,0x18,0x61,0x20,
    0x61,0x28,0x61,0x28,0x81,0x30,0xc2,0x38,0xe2,0x38,0x02,0x41,0x23,0x49,0x43,0x49,
    0x63,0x51,0x63,0x51,0x63,0x51,0x62,0x59,0x63,0x59,0x82,0x59,0x82,0x61,0xa2,0x61,
    0xa2,0x61,0xc3,0x69,0xe3,0x69,0x03,0x72,0x23,0x72,0x23,0x72,0x23,0x72,0x44,0x7a,
    0x64,0x7a,0x85,0x82,0x85,0x82,0x85,0x82,0x85,0x8a,0x85,0x82,0x84,0x82,0x84,0x82,
    0x84,0x82,0x84,0x82,0x84,0x82,0x84,0x82,0x84,0x82,0x64,0x82,0x64,0x82,0x84,0x82,
    0x84,0x82,0x64,0x82,0x64,0x82,0x64,0x82,0x64,0x82,0x64,0x82,0x64,0x82,0x84,0x82,
    0x84,0x82,0x84,0x82,0xa4,0x8a,0xa4,0x8a,0xa4,0x8a,0xa4,0x8a,0xa4,0x8a,0xa4,0x8a,
    0xa5,0x8a,0xa5,0x8a,0xa5,0x8a,0xa5,0x8a,0xa5,0x8a,0xa5,0x8a,0xa5,0x8a,0xc5,0x8a,
    0xc5,0x8a,0xc5,0x8a,0xc5,0x8a,0xa5,0x8a,0xc5,0x8a,0xc5,0x8a,0xc5,0x8a,0xa4,0x8a,
    0xc4,0x8a,0xa4,0x8a,0xc4,0x8a,0xc5,0x8a,0xc4,0x8a,0xc4,0x8a,0xc4,0x8a,0xa5,0x8a,
    0xa5,0x8a,0xc5,0x8a,0xc5,0x92,0xc5,0x92,0xc5,0x8a,0xa5,0x8a,0xa5,0x8a,0xa5,0x8a,
    0xa5,0x8a,0xa5,0x8a,0xc5,0x8a,0xc5,0x92,0xc5,0x92,0xe5,0x92,0xe5,0x92,0xe5,0x92,
    0xe5,0x92,0xe5,0x92,0xe5,0x92,0xe5,0x92,0xe5,0x92,0xe5,0x92,0x05,0x93,0x05,0x93,
    0x05,0x93,0xe5,0x92,0xe5,0x92,0xe5,0x92,0xe5,0x92,0xe5,0x92,0xe5,0x92,0xe5,0x92,
    0xe5,0x92,0xe5,0x92,0x05,0x93,0x05,0x93,0x05,0x93,0x05,0x93,0x05,0x93,0x05,0x93,
    0x05,0x93,0xe5,0x92,0xe5,0x92,0xe5,0x92,0xe5,0x92,0x05,0x93,0x05,0x93,0x05,0x93,
    0x05,0x9b,0x05,0x93,0x05,0x93,0x05,0x93,0x06,0x9b,0x06,0x93,0x06,0x93,0x06,0x93,
    0x06,0x93,0xe5,0x92,0xe5,0x92,0xe5,0x92,0xe5,0x92,0xc5,0x92,0xe5,0x92,0xe5,0x92,
    0xc5,0x92,0xc5,0x8a,0xc5,0x8a,0xc5,0x8a,0xe5,0x92,0xe5,0x8a,0xc5,0x8a,0xc5,0x8a,
    0xc5,0x8a,0xc5,0x8a,0xc5,0x8a,0xe5,0x92,0xc5,0x92,0xc5,0x92,0xc5,0x92,0xc5,0x92,
    0xe5,0x92,0xc5,0x92,0xc5,0x92,0xe5,0x92,0xe5,0x92,0xe5,0x92,0xe5,0x92,0xe5,0x92,
    0xe5,0x92,0xe5,0x92,0xe5,0x92,0x06,0x93,0x06,0x93,0x06,0x93,0xe6,0x92,0xc5,0x92,
    0xc5,0x92,0xc5,0x92,0xc5,0x92,0xe5,0x92,0xc5,0x92,0xc5,0x8a,0xc5,0x92,0xe5,0x92,
    0xe5,0x92,0xe5,0x92,0x06,0x93,0x06,0x93,0x06,0x93,0x06,0x93,0xe5,0x92,0x06,0x93,
    0x06,0x93,0x06,0x93,0xe6,0x92,0xe6,0x92,0xe6,0x92,0x06,0x93,0xe6,0x92,0x06,0x93,
    0xe6,0x92,0x47,0x9b,0xcc,0xbc,0xcc,0xbc,0xac,0xbc,0xcc,0xbc,0xcc,0xbc,0xcc,0xbc,
    0xcc,0xbc,0xcc,0xbc,0xcc,0xbc,0xcc,0xbc,0xcc,0xbc,0xcc,0xbc,0xcc,0xbc,0xcc,0xbc,
    0xcc,0xbc,0xcc,0xbc,0xcc,0xbc,0xcc,0xbc,0xcc,0xbc,0xcc,0xbc,0xcc,0xbc,0xcc,0xbc,
    0xcc,0xbc,0xcc,0xbc,0xcc,0xbc,0xac,0xbc,0xcc,0xbc,0x2e,0xcd,0x0d,0xcd,0x2e,0xcd,
    0x2e,0xcd,0x0d,0xc5,0x0d,0xc5,0xed,0xc4,0xcc,0xbc,0xac,0xbc,0xab,0xbc,0xab,0xbc,
    0xab,0xbc,0xab,0xbc,0xab,0xbc,0xab,0xbc,0xab,0xbc,0xab,0xbc,0xab,0xbc,0xab,0xbc,
    0x8b,0xb4,0x8b,0xb4,0x6a,0xb4,0x6b,0xb4,0x6b,0xb4,0x6b,0xb4,0x6b,0xb4,0x6b,0xb4,
    0x6b,0xb4,0x6b,0xb4,0x8b,0xb4,0x8b,0xb4,0x8b,0xbc,0xab,0xbc,0xab,0xbc,0xab,0xbc,
    0xab,0xbc,0x8b,0xbc,0x8b,0xbc,0x8b,0xbc,0x8b,0xbc,0xab,0xbc,0xab,0xbc,0xab,0xbc,
    0xab,0xbc,0x8b,0xbc,0x8b,0xbc,0x8b,0xbc,0x8b,0xbc,0x8c,0xbc,0x8c,0xbc,0x8b,0xb4,
    0x8b,0xbc,0xac,0xbc,0xab,0xbc,0xab,0xbc,0x8c,0xbc,0xac,0xbc,0xac,0xbc,0xac,0xbc,
    0xcc,0xbc,0xab,0xbc,0xaa,0xb4,0x8a,0xb4,0xaa,0xb4,0xab,0xb4,0xac,0xb4,0xac,0xb4,
    0xad,0xb4,0xce,0xb4,0xaf,0xb4,0x0c,0x9c,0x08,0x7b,0x05,0x5a,0x22,0x39,0x40,0x18,
    0x00,0x10,0x00,0x10,0x20,0x10,0x20,0x10,0x20,0x10,0x20,0x10,0x21,0x10,0x41,0x18,
    0x41,0x18,0x41,0x18,0x41,0x18,0x40,0x18,0x40,0x18,0x61,0x20,0x61,0x28,0x81,0x28,
    0xa1,0x30,0xc2,0x38,0xe2,0x40,0x22,0x49,0x22,0x49,0x42,0x51,0x63,0x51,0x63,0x59,
    0x83,0x59,0x83,0x59,0x83,0x59,0x82,0x61,0x82,0x61,0x82,0x61,0xa2,0x61,0xa2,0x61,
    0xc3,0x69,0xe3,0x69,0x03,0x72,0x23,0x7a,0x44,0x7a,0x64,0x7a,0x64,0x82,0x85,0x82,
    0xa5,0x8a,0xa5,0x8a,0x85,0x8a,0x85,0x8a,0x85,0x8a,0x84,0x82,0x84,0x82,0x85,0x82,
    0x85,0x8a,0xa5,0x8a,0xa5,0x8a,0x84,0x8a,0x84,0x82,0x84,0x82,0x84,0x82,0x84,0x82,
    0x84,0x82,0x64,0x82,0x64,0x82,0x64,0x82,0x64,0x82,0x84,0x82,0x84,0x82,0x84,0x82,
    0x84,0x82,0xa4,0x8a,0xc5,0x8a,0xa5,0x8a,0xa4,0x8a,0xa4,0x8a,0xa4,0x8a,0xa4,0x8a,
    0xa5,0x8a,0xa5,0x8a,0xa5,0x8a,0xa5,0x8a,0xa5,0x8a,0xa5,0x8a,0xa5,0x8a,0xa5,0x8a,
    0xc5,0x8a,0xc5,0x8a,0xa5,0x8a,0xa4,0x8a,0xa4,0x82,0xc5,0x8a,0xa4,0x82,0xa4,0x82,
    0xa4,0x8a,0xa4,0x8a,0xa4,0x8a,0xa4,0x8a,0xc4,0x8a,0xc4,0x8a,0xc4,0x8a,0xa5,0x8a,
    0xa5,0x8a,0xa5,0x8a,0xa5,0x92,0xa5,0x92,0xa5,0x92,0xa5,0x8a,0xa5,0x8a,0xc5,0x8a,
    0xc5,0x8a,0xc5,0x8a,0xc5,0x8a,0xc5,0x8a,0xc5,0x8a,0xc5,0x8a,0xc5,0x92,0xc5,0x92,
    0xc5,0x92,0xc5,0x92,0xe5,0x92,0xe4,0x92,0xe5,0x92,0xe5,0x92,0xe5,0x92,0xe5,0x92,
    0xe5,0x92,0xe5,0x92,0xe5,0x92,0xe5,0x92,0xe5,0x92,0xe5,0x92,0xe5,0x92,0xe5,0x92,
    0xe5,0x92,0xe5,0x92,0xe5,0x92,0xe5,0x92,0xe5,0x92,0xe5,0x92,0x05,0x93,0x05,0x93,
    0x05,0x93,0x05,0x93,0x05,0x93,0x05,0x93,0x05,0x9b,0x05,0x9b,0x26,0x9b,0x26,0x9b,
    0x26,0x9b,0x26,0x9b,0x26,0x9b,0x26,0x9b,0x26,0x9b,0x06,0x93,0x06,0x93,0x06,0x93,
    0x06,0x93,0xe6,0x92,0xe5,0x92,0xe5,0x92,0xc5,0x92,0xc5,0x92,0xc5,0x92,0xe5,0x92,
    0xc5,0x92,0xc5,0x92,0xc5,0x92,0xc5,0x92,0xe5,0x92,0xe5,0x92,0xc5,0x8a,0xc5,0x8a,
    0xc5,0x8a,0xc5,0x8a,0xc5,0x8a,0xc5,0x92,0xc5,0x92,0xc5,0x92,0xc5,0x92,0xc5,0x92,
    0xe5,0x92,0xc5,0x92,0xc5,0x92,0xc5,0x92,0xc5,0x92,0xe5,0x92,0xe5,0x92,0xe5,0x92,
    0xe5,0x92,0xe5,0x92,0xe5,0x92,0x05,0x93,0x05,0x93,0x05,0x93,0xe5,0x92,0xe5,0x92,
    0xe5,0x92,0xe5,0x92,0xe5,0x92,0xc5,0x92,0xc5,0x92,0xc5,0x8a,0xc5,0x92,0xe5,0x92,
    0xe5,0x92,0xe5,0x92,0x06,0x93,0x06,0x93,0xe6,0x92,0xe6,0x92,0xe6,0x92,0xe6,0x92,
    0xe6,0x92,0xe6,0x92,0xa5,0x8a,0xc5,0x8a,0xc5,0x8a,0xc5,0x8a,0xc5,0x8a,0xc5,0x8a,
    0xa5,0x8a,0x26,0x93,0xcc,0xbc,0xcc,0xbc,0xac,0xbc,0xcc,0xbc,0xcc,0xbc,0xcc,0xbc,
    0xcc,0xbc,0xcc,0xbc,0xcc,0xbc,0xcc,0xbc,0xcc,0xbc,0xcc,0xbc,0xcc,0xbc,0xcc,0xbc,
    0xcc,0xbc,0xcc,0xbc,0xcc,0xbc,0xcc,0xbc,0xcc,0xbc,0xcc,0xbc,0xcc,0xbc,0xcc,0xbc,
    0xcc,0xbc,0xcc,0xbc,0xcc,0xbc,0xac,0xbc,0xcc,0xbc,0x2e,0xcd,0x0d,0xc5,0xcc,0xbc,
    0xcc,0xbc,0xac,0xbc,0xac,0xbc,0xac,0xbc,0xac,0xbc,0x8b,0xb4,0x8b,0xbc,0xab,0xbc,
    0xab,0xbc,0xab,0xbc,0xab,0xbc,0xab,0xbc,0xab,0xbc,0xab,0xbc,0xab,0xbc,0xab,0xbc,
    0x8b,0xb4,0x8b,0xb4,0x8b,0xb4,0x8b,0xb4,0x8b,0xb4,0x8b,0xb4,0x6b,0xb4,0x6b,0xb4,
    0x6b,0xb4,0x6b,0xb4,0x8b,0xb4,0x8b,0xb4,0x8b,0xbc,0xab,0xbc,0xab,0xbc,0xab,0xbc,
    0xab,0xbc,0xab,0xbc,0xab,0xbc,0xab,0xbc,0xab,0xbc,0xab,0xbc,0xab,0xbc,0xab,0xbc,
    0xab,0xbc,0xab,0xbc,0xab,0xbc,0xab,0xbc,0xab,0xbc,0xac,0xbc,0xac,0xbc,0x8c,0xbc,
    0xac,0xbc,0xac,0xbc,0xac,0xbc,0xac,0xbc,0xac,0xbc,0xab,0xbc,0xab,0xbc,0xac,0xbc,
    0xcc,0xbc,0xac,0xbc,0x8b,0xb4,0x8b,0xb4,0xac,0xb4,0xcc,0xb4,0xad,0xb4,0x8d,0xac,
    0x0c,0x94,0x09,0x73,0x46,0x5a,0x23,0x39,0x60,0x20,0x00,0x10,0x00,0x10,0x20,0x10,
    0x00,0x10,0x21,0x10,0x21,0x10,0x21,0x10,0x21,0x10,0x41,0x18,0x41,0x18,0x41,0x18,
    0x40,0x18,0x61,0x20,0x61,0x20,0x60,0x20,0x80,0x28,0xa1,0x30,0xc1,0x30,0xc2,0x38,
    0x02,0x41,0x23,0x49,0x43,0x51,0x42,0x51,0x42,0x51,0x62,0x59,0x83,0x59,0xa3,0x61,
    0xc3,0x69,0xa3,0x61,0xa3,0x61,0xc3,0x69,0xc3,0x69,0xc3,0x69,0xc3,0x69,0xe3,0x69,
    0xe3,0x69,0x03,0x72,0x03,0x72,0x23,0x7a,0x44,0x7a,0x44,0x7a,0x64,0x82,0x64,0x82,
    0x65,0x82,0x85,0x82,0x85,0x82,0x85,0x82,0x85,0x82,0x84,0x82,0x84,0x82,0x85,0x8a,
    0x85,0x8a,0xa5,0x8a,0xa5,0x8a,0x84,0x8a,0x84,0x8a,0x84,0x8a,0xa5,0x8a,0xa5,0x8a,
    0xa5,0x8a,0xa5,0x8a,0xa5,0x8a,0xa5,0x8a,0xa5,0x8a,0x84,0x8a,0xa5,0x8a,0xa5,0x8a,
    0xa5,0x8a,0xc5,0x8a,0xc5,0x8a,0xc5,0x8a,0xa5,0x8a,0xc5,0x8a,0xc5,0x8a,0xc5,0x8a,
    0xc5,0x8a,0xc5,0x8a,0xc5,0x8a,0xc5,0x8a,0xa5,0x8a,0xc5,0x8a,0xc5,0x8a,0xc5,0x8a,
    0xc5,0x8a,0xc5,0x8a,0xc5,0x8a,0xa5,0x8a,0xa4,0x8a,0x84,0x8a,0x84,0x8a,0xa4,0x8a,
    0xa4,0x8a,0xa4,0x8a,0xa4,0x8a,0xc4,0x8a,0xc4,0x8a,0xc4,0x8a,0xc4,0x8a,0xa5,0x8a,
    0xa5,0x8a,0xa5,0x8a,0xc5,0x8a,0xa5,0x8a,0xa5,0x8a,0xa5,0x8a,0xa5,0x8a,0xc5,0x8a,
    0xc5,0x8a,0xe5,0x8a,0xc5,0x8a,0xc5,0x8a,0xc5,0x8a,0xe5,0x8a,0xc5,0x92,0xc5,0x92,
    0xc5,0x92,0xc5,0x92,0xc5,0x92,0xc4,0x92,0xc4,0x92,0xc4,0x92,0xe5,0x92,0xe5,0x92,
    0xe5,0x92,0xe5,0x92,0xe5,0x92,0xe5,0x92,0xe5,0x92,0xe5,0x92,0xe5,0x92,0xe5,0x92,
    0xe5,0x92,0xe5,0x92,0xe5,0x92,0xe5,0x92,0xe5,0x92,0xe5,0x92,0xe5,0x92,0xe5,0x92,
    0x05,0x93,0x05,0x93,0x05,0x9b,0x05,0x9b,0x26,0x9b,0x05,0x9b,0x05,0x9b,0x26,0x9b,
    0x26,0x9b,0x05,0x9b,0x05,0x9b,0x05,0x9b,0x06,0x93,0x06,0x93,0x06,0x93,0x06,0x93,
    0xe5,0x92,0xe5,0x92,0xc5,0x8a,0xc5,0x8a,0xc5,0x8a,0xc5,0x8a,0xc5,0x92,0xc5,0x92,
    0xc5,0x92,0xc5,0x92,0xc5,0x92,0xc5,0x92,0xe5,0x92,0xe5,0x92,0xc5,0x8a,0xc5,0x8a,
    0xc5,0x8a,0xc5,0x8a,0xe5,0x92,0xe5,0x92,0xc5,0x92,0xc5,0x92,0xc5,0x92,0xc5,0x92,
    0xc5,0x92,0xc5,0x92,0xc5,0x8a,0xc5,0x92,0xc5,0x92,0xc5,0x92,0xe5,0x92,0xe5,0x92,
    0xe5,0x92,0xe5,0x92,0xe5,0x92,0xe5,0x92,0xe5,0x92,0xe5,0x92,0xe5,0x92,0xe5,0x92,
    0xe5,0x92,0xe5,0x9a,0xe5,0x92,0xc5,0x8a,0xc5,0x92,0xe5,0x92,0xc5,0x92,0xc5,0x92,
    0xe5,0x92,0xe5,0x92,0x06,0x93,0x06,0x93,0xe6,0x92,0xe6,0x92,0xe5,0x92,0xe5,0x92,
    0xc5,0x8a,0xa5,0x8a,0xa5,0x8a,0xa5,0x8a,0xa5,0x8a,0xa5,0x8a,0xc5,0x8a,0xc5,0x8a,
    0xc5,0x8a,0x26,0x93,0xcc,0xbc,0xcc,0xbc,0xac,0xbc,0xcc,0xbc,0xcc,0xbc,0xcc,0xbc,
    0xcc,0xbc,0xcc,0xbc,0xcc,0xbc,0xcc,0xbc,0xcc,0xbc,0xcc,0xbc,0xcc,0xbc,0xcc,0xbc,
    0xcc,0xbc,0xcc,0xbc,0xcc,0xbc,0xcc,0xbc,0xcc,0xbc,0xcc,0xbc,0xcc,0xbc,0xcc,0xbc,
    0xcc,0xbc,0xcc,0xbc,0xcc,0xbc,0xcc,0xbc,0xcc,0xbc,0xed,0xc4,0xac,0xbc,0x8b,0xb4,
    0x8b,0xbc,0xac,0xbc,0xac,0xbc,0xac,0xbc,0xac,0xbc,0xac,0xbc,0xac,0xbc,0xab,0xbc,
    0xab,0xbc,0xab,0xbc,0xab,0xbc,0xab,0xbc,0xab,0xbc,0xab,0xbc,0xab,0xbc,0xab,0xbc,
    0x8b,0xb4,0x8b,0xb4,0x8b,0xb4,0x8b,0xb4,0x8b,0xb4,0x8b,0xb4,0x6b,0xb4,0x6b,0xb4,
    0x6b,0xb4,0x6b,0xb4,0x8b,0xb4,0x8b,0xb4,0x8b,0xbc,0xab,0xbc,0xab,0xbc,0xab,0xbc,
    0xab,0xbc,0xab,0xbc,0xab,0xbc,0xab,0xbc,0xab,0xbc,0xab,0xbc,0xab,0xbc,0xab,0xbc,
    0xab,0xbc,0xab,0xbc,0xab,0xbc,0xab,0xbc,0xab,0xbc,0xac,0xbc,0xac,0xbc,0xac,0xbc,
    0xac,0xbc,0xac,0xbc,0xac,0xbc,0xac,0xbc,0xab,0xbc,0xab,0xbc,0xab,0xbc,0xcc,0xbc,
    0xac,0xbc,0xac,0xb4,0xad,0xb4,0xad,0xb4,0xad,0xac,0x2c,0x9c,0x08,0x7b,0xe4,0x51,
    0x22,0x31,0x80,0x18,0x20,0x08,0x00,0x08,0x00,0x10,0x20,0x10,0x20,0x10,0x21,0x10,
    0x21,0x10,0x21,0x10,0x21,0x10,0x41,0x10,0x41,0x18,0x41,0x18,0x41,0x18,0x61,0x20,
    0x81,0x20,0xa2,0x28,0xc2,0x30,0xc1,0x30,0xe1,0x38,0x22,0x41,0x43,0x49,0x42,0x49,
    0x43,0x51,0x63,0x51,0x63,0x59,0x82,0x59,0x82,0x61,0xa3,0x61,0xc3,0x69,0xc3,0x69,
    0xe3,0x71,0xc3,0x71,0xc3,0x69,0xe3,0x69,0xe3,0x69,0xe3,0x69,0xe3,0x69,0xe3,0x71,
    0x03,0x72,0x23,0x72,0x23,0x7a,0x44,0x7a,0x64,0x82,0x64,0x82,0x64,0x82,0x64,0x82,
    0x64,0x82,0x64,0x82,0x84,0x82,0x84,0x82,0x84,0x82,0x84,0x82,0x85,0x8a,0x85,0x8a,
    0xa5,0x8a,0xa5,0x8a,0xa5,0x8a,0xa5,0x8a,0x84,0x8a,0xa5,0x8a,0xa5,0x8a,0xc5,0x8a,
    0xc5,0x8a,0xa5,0x8a,0xa5,0x8a,0xa5,0x8a,0xa5,0x8a,0xa5,0x8a,0xc5,0x8a,0xc5,0x8a,
    0xa5,0x8a,0xc5,0x8a,0xe5,0x92,0xc5,0x8a,0xc5,0x8a,0xc5,0x8a,0xc5,0x8a,0xe5,0x92,
    0xc5,0x8a,0xc5,0x8a,0xc5,0x8a,0xc5,0x8a,0xc5,0x8a,0xc5,0x8a,0xc5,0x8a,0xc5,0x92,
    0xc5,0x92,0xc5,0x8a,0xc5,0x8a,0xc5,0x8a,0xc5,0x92,0xa4,0x8a,0xa5,0x8a,0xe5,0x8a,
    0xe5,0x8a,0xe5,0x8a,0xe5,0x8a,0xc4,0x8a,0xc4,0x8a,0xc4,0x8a,0xc4,0x8a,0xa5,0x8a,
    0xa5,0x8a,0xc5,0x8a,0xc5,0x8a,0xa5,0x8a,0xa5,0x8a,0xa4,0x8a,0xa4,0x8a,0xa4,0x82,
    0xa4,0x82,0xa4,0x82,0xc4,0x8a,0xc5,0x8a,0xc5,0x8a,0xc5,0x8a,0xc5,0x8a,0xa5,0x92,
    0xc5,0x92,0xc5,0x92,0xc5,0x92,0xc4,0x92,0xc4,0x92,0xc4,0x92,0xc5,0x92,0xc5,0x92,
    0xc5,0x92,0xc5,0x92,0xc5,0x92,0xc5,0x92,0xc5,0x92,0xe5,0x92,0xe5,0x92,0xe5,0x92,
    0xe5,0x92,0xe5,0x92,0xc5,0x8a,0xc5,0x8a,0xc5,0x8a,0xe5,0x92,0xe5,0x92,0xe5,0x92,
    0xe5,0x92,0xe5,0x92,0xe5,0x92,0xe5,0x92,0x05,0x93,0xe5,0x92,0xe5,0x92,0xe5,0x92,
    0xe5,0x92,0xe5,0x92,0xe5,0x92,0xe5,0x92,0xe5,0x92,0xe6,0x92,0xe6,0x92,0xe5,0x92,
    0xe5,0x92,0xc5,0x8a,0xc5,0x8a,0xc5,0x8a,0xc5,0x8a,0xc5,0x8a,0xc5,0x8a,0xc5,0x92,
    0xc5,0x92,0xc5,0x92,0xc5,0x92,0xc5,0x92,0xc5,0x92,0xc5,0x92,0xc5,0x8a,0xc5,0x8a,
    0xc5,0x8a,0xc5,0x92,0xe5,0x92,0xe5,0x92,0xe5,0x92,0xe5,0x92,0xe5,0x92,0xc5,0x92,
    0xc5,0x92,0xc5,0x8a,0xc5,0x8a,0xc5,0x8a,0xc5,0x92,0xc5,0x92,0xc5,0x92,0xc5,0x92,
    0xc5,0x92,0xc5,0x92,0xc5,0x92,0xe5,0x92,0xe5,0x92,0xe5,0x92,0xe5,0x92,0xc5,0x92,
    0xc5,0x92,0xc5,0x92,0xc5,0x92,0xa5,0x8a,0xc5,0x92,0xe5,0x92,0xe5,0x92,0xc5,0x92,
    0xe5,0x92,0xe5,0x92,0x06,0x93,0x06,0x93,0xe6,0x92,0xe6,0x92,0xe5,0x92,0xc5,0x8a,
    0xa4,0x8a,0x84,0x82,0xa5,0x8a,0xc5,0x8a,0xc5,0x8a,0xc5,0x8a,0xa5,0x8a,0xa5,0x8a,
    0x84,0x8a,0x26,0x93,0xcc,0xbc,0xcc,0xbc,0xac,0xbc,0xcc,0xbc,0xcc,0xbc,0xcc,0xbc,
    0xcc,0xbc,0xcc,0xbc,0xcc,0xbc,0xcc,0xbc,0xcc,0xbc,0xcc,0xbc,0xcc,0xbc,0xcc,0xbc,
    0xcc,0xbc,0xcc,0xbc,0xcc,0xbc,0xcc,0xbc,0xcc,0xbc,0xcc,0xbc,0xcc,0xbc,0xcc,0xbc,
    0xcc,0xbc,0xcc,0xbc,0xcc,0xbc,0xcc,0xbc,0xac,0xbc,0xac,0xbc,0xac,0xbc,0xac,0xbc,
    0xac,0xbc,0xac,0xbc,0xac,0xbc,0xac,0xbc,0xac,0xbc,0xac,0xbc,0xac,0xbc,0x8b,0xbc,
    0xab,0xbc,0xab,0xbc,0xab,0xbc,0xab,0xbc,0xab,0xbc,0xab,0xbc,0xab,0xbc,0xab,0xbc,
    0xab,0xbc,0x8b,0xbc,0x8b,0xb4,0x8b,0xb4,0x8b,0xb4,0x6b,0xb4,0x8b,0xb4,0x8b,0xb4,
    0x8b,0xb4,0x8b,0xb4,0x8b,0xb4,0x8b,0xb4,0xab,0xbc,0xab,0xbc,0x8b,0xbc,0x8b,0xbc,
    0x8b,0xbc,0xab,0xbc,0xab,0xbc,0xab,0xbc,0xab,0xbc,0xab,0xbc,0xab,0xbc,0xab,0xbc,
    0xab,0xbc,0xab,0xbc,0xab,0xbc,0xab,0xbc,0xab,0xbc,0xcb,0xbc,0xcb,0xbc,0xab,0xb4,
    0xab,0xb4,0xcb,0xbc,0xcc,0xbc,0xcc,0xbc,0xab,0xbc,0xab,0xbc,0xcd,0xbc,0xad,0xb4,
    0xad,0xb4,0xae,0xb4,0xec,0x9b,0x08,0x7b,0xe5,0x51,0x22,0x39,0x60,0x18,0x20,0x10,
    0x00,0x08,0x20,0x08,0x20,0x10,0x41,0x10,0x40,0x10,0x40,0x10,0x40,0x10,0x41,0x10,
    0x41,0x10,0x41,0x10,0x41,0x10,0x61,0x18,0x61,0x20,0x81,0x20,0x81,0x28,0xc1,0x30,
    0xe2,0x30,0x02,0x39,0x23,0x41,0x42,0x49,0x62,0x51,0x62,0x51,0x82,0x59,0x62,0x59,
    0x82,0x59,0x83,0x61,0xa3,0x61,0xc3,0x69,0xc3,0x69,0xe3,0x69,0xe3,0x71,0x03,0x72,
    0x03,0x72,0x03,0x7a,0x03,0x72,0x03,0x72,0x23,0x72,0x23,0x72,0x44,0x7a,0x44,0x7a,
    0x64,0x7a,0x64,0x7a,0x64,0x82,0x64,0x82,0x64,0x82,0x64,0x82,0x64,0x82,0x64,0x82,
    0x64,0x82,0x64,0x82,0x84,0x82,0x84,0x82,0x84,0x82,0x64,0x82,0x64,0x82,0x84,0x82,
    0x84,0x82,0x85,0x8a,0xa5,0x8a,0xa5,0x8a,0xa5,0x8a,0xc5,0x8a,0xc5,0x8a,0xa5,0x8a,
    0x84,0x8a,0xa5,0x8a,0xa5,0x8a,0xa5,0x8a,0xa5,0x8a,0xa5,0x8a,0xa5,0x8a,0xa5,0x8a,
    0xc5,0x8a,0xc5,0x8a,0xc5,0x8a,0xc5,0x8a,0xc5,0x8a,0xc5,0x8a,0xc5,0x8a,0xe5,0x92,
    0xc5,0x92,0xc5,0x8a,0xc5,0x8a,0xc5,0x8a,0xa5,0x8a,0xe6,0x92,0xe6,0x92,0xc5,0x8a,
    0xc5,0x8a,0xa5,0x8a,0xc5,0x8a,0xc5,0x92,0xc5,0x8a,0xc5,0x8a,0xc5,0x8a,0xc5,0x8a,
    0xe5,0x8a,0x05,0x8b,0xe5,0x8a,0xe5,0x8a,0xe5,0x8a,0xc4,0x82,0xc4,0x8a,0xc5,0x8a,
    0xc5,0x8a,0xe5,0x8a,0xc5,0x8a,0xe5,0x8a,0xc5,0x8a,0xa4,0x82,0xc4,0x8a,0xc4,0x8a,
    0xc4,0x82,0xc4,0x82,0xc4,0x82,0xe5,0x8a,0xe5,0x8a,0xc4,0x8a,0xc5,0x8a,0xc5,0x8a,
    0xc5,0x8a,0xc5,0x8a,0xc5,0x8a,0xc4,0x8a,0xc4,0x8a,0xc4,0x92,0xc4,0x92,0xc5,0x92,
    0xc5,0x92,0xc5,0x92,0xa4,0x8a,0xa4,0x8a,0xa4,0x8a,0xc4,0x8a,0xc5,0x8a,0xc5,0x8a,
    0xc5,0x8a,0xc5,0x8a,0xc4,0x8a,0xc5,0x8a,0xc5,0x8a,0xc5,0x92,0xc5,0x92,0xc5,0x92,
    0xe5,0x92,0xe5,0x92,0xc5,0x92,0xc5,0x92,0xc5,0x8a,0xc5,0x8a,0xc5,0x8a,0xc5,0x92,
    0xe5,0x92,0xc5,0x8a,0xc5,0x8a,0xc5,0x8a,0xc5,0x92,0xe5,0x92,0xe5,0x92,0xe5,0x92,
    0xe5,0x92,0xe5,0x92,0xe5,0x92,0xe5,0x92,0xc5,0x8a,0xc5,0x8a,0xc5,0x8a,0xc5,0x8a,
    0xa5,0x8a,0xa5,0x8a,0xc5,0x8a,0xc5,0x8a,0xc5,0x92,0xc5,0x92,0xc5,0x92,0xc5,0x92,
    0xc5,0x92,0xe6,0x92,0xc5,0x92,0xc5,0x92,0xc5,0x92,0xc5,0x92,0xc5,0x8a,0xc5,0x92,
    0xc5,0x92,0xc5,0x8a,0xc5,0x8a,0xc5,0x8a,0xc5,0x8a,0xc5,0x8a,0xc5,0x8a,0xc5,0x8a,
    0xc5,0x8a,0xc5,0x8a,0xc5,0x8a,0xc5,0x8a,0xc5,0x8a,0xc5,0x8a,0xc5,0x92,0xc5,0x92,
    0xc5,0x92,0xc5,0x92,0xc5,0x92,0xc5,0x92,0xe5,0x92,0xe5,0x92,0xe5,0x92,0xe5,0x92,
    0xe5,0x92,0xe5,0x92,0xc5,0x92,0xc5,0x8a,0xc5,0x8a,0xe5,0x92,0xc5,0x8a,0xc5,0x8a,
    0xa5,0x8a,0xa4,0x8a,0xa5,0x8a,0xc5,0x8a,0xa5,0x8a,0xa5,0x8a,0xc5,0x8a,0xa5,0x8a,
    0x84,0x82,0x06,0x93,0xcc,0xbc,0xcc,0xbc,0xcc,0xbc,0xcc,0xbc,0xcc,0xbc,0xcc,0xbc,
    0xcc,0xbc,0xcc,0xbc,0xcc,0xbc,0xcc,0xbc,0xcc,0xbc,0xcc,0xbc,0xcc,0xbc,0xcc,0xbc,
    0xcc,0xbc,0xcc,0xbc,0xcc,0xbc,0xcc,0xbc,0xcc,0xbc,0xcc,0xbc,0xcc,0xbc,0xcc,0xbc,
    0xcc,0xbc,0xcc,0xbc,0xcc,0xbc,0xcc,0xbc,0xac,0xbc,0x8b,0xbc,0xac,0xbc,0xac,0xbc,
    0xac,0xbc,0xac,0xbc,0xac,0xbc,0xac,0xbc,0xac,0xbc,0xac,0xbc,0xac,0xbc,0x8b,0xbc,
    0xab,0xbc,0xab,0xbc,0xab,0xbc,0xab,0xbc,0xab,0xbc,0xab,0xbc,0xab,0xbc,0xab,0xbc,
    0xab,0xbc,0x8b,0xbc,0x8b,0xb4,0x8b,0xb4,0x8b,0xb4,0x6b,0xb4,0x8b,0xb4,0x8b,0xb4,
    0x8b,0xb4,0x8b,0xb4,0x8b,0xb4,0x8b,0xb4,0xab,0xbc,0xab,0xbc,0x8b,0xbc,0x8b,0xbc,
    0x8b,0xbc,0xab,0xbc,0xab,0xbc,0xab,0xbc,0xab,0xbc,0xab,0xbc,0xab,0xbc,0xab,0xbc,
    0xab,0xbc,0xab,0xbc,0xab,0xbc,0xab,0xbc,0xab,0xbc,0xcb,0xbc,0xcb,0xb4,0xcb,0xb4,
    0xcb,0xb4,0xab,0xb4,0xac,0xb4,0xcc,0xbc,0xed,0xbc,0x8d,0xb4,0xae,0xb4,0x0c,0x9c,
    0x09,0x7b,0x46,0x5a,0x22,0x31,0x60,0x18,0x20,0x10,0x20,0x10,0x20,0x10,0x20,0x10,
    0x20,0x10,0x21,0x10,0x21,0x10,0x41,0x10,0x40,0x10,0x40,0x18,0x40,0x18,0x60,0x18,
    0x60,0x18,0x80,0x20,0x81,0x20,0x81,0x28,0xa2,0x30,0xe2,0x38,0x23,0x41,0x22,0x41,
    0x42,0x49,0x62,0x49,0x62,0x51,0x82,0x51,0x82,0x59,0x82,0x59,0x82,0x61,0xa2,0x61,
    0xc2,0x69,0xc3,0x71,0xe3,0x71,0xe3,0x69,0xe3,0x71,0x03,0x72,0x03,0x72,0x23,0x7a,
    0x23,0x7a,0x23,0x7a,0x43,0x7a,0x44,0x7a,0x64,0x7a,0x64,0x7a,0x64,0x82,0x84,0x82,
    0x84,0x82,0x84,0x82,0x64,0x82,0x44,0x82,0x44,0x82,0x44,0x82,0x64,0x82,0x64,0x82,
    0x64,0x82,0x64,0x82,0x84,0x82,0x84,0x82,0x84,0x82,0x64,0x82,0x64,0x82,0x84,0x82,
    0x84,0x82,0x84,0x82,0x84,0x8a,0xa5,0x8a,0xa5,0x8a,0xa5,0x8a,0xa5,0x8a,0x84,0x82,
    0x84,0x82,0x84,0x82,0x84,0x82,0x84,0x82,0x84,0x8a,0xa5,0x8a,0xa5,0x8a,0xa5,0x8a,
    0xa5,0x8a,0xc5,0x8a,0xa5,0x8a,0xc5,0x8a,0xc5,0x8a,0xc5,0x8a,0xc5,0x8a,0xc5,0x8a,
    0xc5,0x8a,0xc5,0x8a,0xc5,0x8a,0xa5,0x8a,0xa5,0x8a,0xc5,0x8a,0xc5,0x8a,0xc5,0x8a,
    0xc5,0x8a,0xe5,0x92,0x06,0x93,0xe5,0x8a,0xe5,0x8a,0xe5,0x8a,0xe5,0x92,0x06,0x93,
    0x25,0x8b,0x05,0x8b,0x05,0x8b,0xe5,0x8a,0xe4,0x8a,0xc4,0x82,0xe4,0x82,0xe5,0x8a,
    0xc5,0x8a,0xc5,0x8a,0xc5,0x8a,0xe5,0x8a,0xc4,0x8a,0xc5,0x8a,0x05,0x8b,0xe5,0x8a,
    0x05,0x8b,0x05,0x8b,0xe5,0x8a,0xe4,0x8a,0x05,0x8b,0xe4,0x82,0xc5,0x8a,0xe5,0x8a,
    0xe5,0x8a,0xc5,0x8a,0xc4,0x82,0xc4,0x8a,0x05,0x8b,0x05,0x93,0xe5,0x92,0xc5,0x92,
    0xe5,0x92,0xc5,0x92,0xc4,0x8a,0xc4,0x8a,0xc4,0x8a,0xc5,0x8a,0xc5,0x8a,0xc5,0x8a,
    0xc5,0x8a,0xc5,0x8a,0xc4,0x8a,0xc5,0x8a,0xc5,0x8a,0xc5,0x8a,0xc5,0x92,0xc5,0x92,
    0xe5,0x92,0xe5,0x92,0xc5,0x92,0xc5,0x8a,0xa5,0x8a,0xc5,0x8a,0xc5,0x8a,0xc5,0x92,
    0xe5,0x92,0xc5,0x92,0xc5,0x92,0xc5,0x92,0xc5,0x92,0xe5,0x92,0xe5,0x92,0xe5,0x92,
    0xe5,0x92,0xe5,0x92,0xe5,0x92,0xe5,0x92,0xc5,0x8a,0xc5,0x8a,0xc5,0x8a,0xc5,0x8a,
    0xa5,0x8a,0xc5,0x8a,0xc5,0x8a,0xc5,0x8a,0xc5,0x92,0xc5,0x92,0xc5,0x92,0xc5,0x92,
    0xc5,0x92,0xe6,0x92,0xc5,0x92,0xc5,0x92,0xc5,0x92,0xc5,0x92,0xc5,0x8a,0xc5,0x8a,
    0xc5,0x92,0xc5,0x92,0xc5,0x8a,0xc5,0x92,0xc5,0x8a,0xc5,0x8a,0xc5,0x8a,0xc5,0x8a,
    0xc5,0x8a,0xc5,0x8a,0xc5,0x8a,0xa4,0x8a,0xa4,0x8a,0xa4,0x8a,0xa4,0x8a,0xc5,0x92,
    0xc5,0x92,0xc5,0x92,0xc5,0x92,0xc5,0x92,0xc5,0x92,0xc5,0x92,0xc5,0x92,0xc5,0x92,
    0xc5,0x92,0xc5,0x8a,0xc5,0x8a,0xc5,0x8a,0xc5,0x8a,0xc5,0x8a,0xc5,0x8a,0xc5,0x8a,
    0xc5,0x8a,0xc5,0x8a,0xc5,0x8a,0xe6,0x92,0xc5,0x92,0xc5,0x8a,0xc5,0x8a,0xc5,0x8a,
    0xa5,0x8a,0x06,0x93,0xcc,0xbc,0xcc,0xbc,0xcc,0xbc,0xcc,0xbc,0xcc,0xbc,0xcc,0xbc,
    0xcc,0xbc,0xcc,0xbc,0xcc,0xbc,0xcc,0xbc,0xcc,0xbc,0xcc,0xbc,0xcc,0xbc,0xcc,0xbc,
    0xcc,0xbc,0xcc,0xbc,0xcc,0xbc,0xcc,0xbc,0xcc,0xbc,0xcc,0xbc,0xcc,0xbc,0xcc,0xbc,
    0xcc,0xbc,0xcc,0xbc,0xcc,0xbc,0xcc,0xbc,0xac,0xbc,0x8b,0xbc,0xac,0xbc,0xac,0xbc,
    0xac,0xbc,0xac,0xbc,0xac,0xbc,0xac,0xbc,0xac,0xbc,0xac,0xbc,0xac,0xbc,0x8b,0xbc,
    0xab,0xbc,0xab,0xbc,0xab,0xbc,0xab,0xbc,0xab,0xbc,0xab,0xbc,0xab,0xbc,0xab,0xbc,
    0xab,0xbc,0x8b,0xbc,0x8b,0xb4,0x8b,0xb4,0x8b,0xb4,0x6b,0xb4,0x8b,0xb4,0x8b,0xb4,
    0x8b,0xb4,0x8b,0xb4,0x8b,0xb4,0x8b,0xb4,0xab,0xbc,0xab,0xbc,0x8b,0xbc,0x8b,0xbc,
    0x8b,0xbc,0xab,0xbc,0xab,0xbc,0xab,0xbc,0xab,0xbc,0xab,0xbc,0xab,0xbc,0xab,0xbc,
    0xab,0xbc,0xab,0xbc,0xab,0xbc,0xab,0xbc,0xab,0xbc,0xcc,0xbc,0xac,0xb4,0xac,0xb4,
    0xac,0xbc,0xed,0xbc,0xcd,0xbc,0x8d,0xb4,0x2c,0xa4,0x09,0x7b,0x25,0x5a,0x63,0x41,
    0x80,0x20,0x20,0x10,0x00,0x08,0x00,0x08,0x21,0x08,0x41,0x10,0x21,0x10,0x00,0x08,
    0x21,0x10,0x21,0x10,0x21,0x18,0x41,0x18,0x41,0x20,0x61,0x20,0x61,0x20,0x61,0x28,
    0x81,0x28,0xa1,0x30,0xe2,0x38,0xe2,0x40,0x02,0x41,0x43,0x49,0x63,0x51,0x83,0x51,
    0x83,0x59,0x82,0x59,0xa2,0x59,0xa2,0x61,0xa2,0x61,0xc2,0x61,0xc2,0x69,0xe2,0x71,
    0xe2,0x71,0x03,0x7a,0x03,0x7a,0x03,0x72,0x23,0x72,0x23,0x72,0x24,0x7a,0x43,0x7a,
    0x43,0x7a,0x44,0x7a,0x64,0x7a,0x64,0x82,0x84,0x82,0x84,0x82,0x63,0x82,0x63,0x82,
    0x63,0x82,0x83,0x82,0x64,0x82,0x64,0x82,0x44,0x82,0x44,0x82,0x64,0x82,0x64,0x82,
    0x64,0x82,0x64,0x82,0x84,0x82,0x84,0x82,0x84,0x82,0x64,0x82,0x64,0x82,0x84,0x82,
    0x84,0x82,0x84,0x82,0x84,0x82,0x84,0x82,0x84,0x82,0x84,0x82,0x84,0x82,0x84,0x82,
    0x84,0x82,0x84,0x82,0x84,0x82,0x84,0x82,0x84,0x82,0x84,0x82,0x84,0x82,0x84,0x82,
    0x84,0x8a,0xa4,0x8a,0xa4,0x8a,0xa4,0x8a,0xa4,0x8a,0xa4,0x8a,0xa5,0x8a,0xa5,0x8a,
    0xa5,0x8a,0xa5,0x8a,0xa5,0x8a,0xa5,0x8a,0xa5,0x8a,0xa5,0x8a,0xa5,0x8a,0xc5,0x8a,
    0xc5,0x82,0xe5,0x8a,0x05,0x8b,0x05,0x8b,0x05,0x8b,0xe5,0x8a,0x26,0x93,0x67,0x93,
    0xa8,0xa3,0x29,0xac,0xe8,0xa3,0xa8,0x9b,0xa7,0x9b,0x87,0x9b,0xa7,0x9b,0xc8,0xa3,
    0x67,0x9b,0x05,0x8b,0x05,0x8b,0xe5,0x8a,0xe5,0x8a,0x26,0x8b,0x67,0x9b,0xc8,0xa3,
    0xc8,0xa3,0xe8,0xab,0x09,0xac,0x29,0xac,0x29,0xac,0x09,0xac,0xe8,0xa3,0xe9,0xa3,
    0xe9,0xa3,0x88,0x9b,0x46,0x93,0x46,0x93,0x25,0x8b,0x05,0x8b,0x05,0x93,0x05,0x93,
    0xe5,0x8a,0xc5,0x8a,0xc5,0x8a,0xe5,0x8a,0xe5,0x8a,0xe5,0x8a,0xc5,0x8a,0xc5,0x8a,
    0xc5,0x8a,0xc5,0x8a,0xc5,0x8a,0xc5,0x8a,0xe5,0x92,0xc5,0x92,0xc5,0x92,0xc5,0x92,
    0xe5,0x92,0xc5,0x92,0xc5,0x8a,0xc5,0x8a,0xa5,0x8a,0xc5,0x8a,0xc5,0x8a,0xc5,0x92,
    0xe5,0x92,0xe5,0x92,0xe5,0x92,0xe5,0x92,0xe5,0x92,0xe5,0x92,0xe5,0x92,0xc5,0x8a,
    0xc5,0x8a,0xe5,0x92,0xe5,0x92,0xe5,0x92,0xc5,0x92,0xc5,0x92,0xc5,0x92,0xc5,0x92,
    0xc5,0x8a,0xc5,0x8a,0xc5,0x92,0xc5,0x92,0xa5,0x92,0xa5,0x92,0xa5,0x92,0xa5,0x92,
    0xc5,0x92,0xe6,0x92,0xc5,0x92,0xc5,0x92,0xc5,0x92,0xc5,0x92,0xc5,0x8a,0xc5,0x92,
    0xe5,0x92,0xc5,0x92,0xc5,0x92,0xc5,0x92,0xc5,0x8a,0xc5,0x8a,0xc5,0x8a,0xc5,0x8a,
    0xc5,0x8a,0xc5,0x8a,0xc5,0x8a,0xa4,0x8a,0xa4,0x8a,0xa4,0x8a,0xc4,0x8a,0xc4,0x92,
    0xc4,0x92,0xa4,0x92,0xc5,0x92,0xc5,0x8a,0xc5,0x8a,0xc5,0x8a,0xc5,0x8a,0xc5,0x8a,
    0xc5,0x8a,0xa5,0x8a,0xc5,0x8a,0xc5,0x8a,0xc5,0x8a,0xc5,0x8a,0xc5,0x8a,0xc5,0x8a,
    0xc5,0x8a,0xc5,0x8a,0xc5,0x8a,0xe6,0x92,0xe6,0x92,0xc5,0x8a,0xa5,0x8a,0xc5,0x8a,
    0xa5,0x8a,0x26,0x93,0xcc,0xbc,0xcc,0xbc,0xcc,0xbc,0xcc,0xbc,0xcc,0xbc,0xcc,0xbc,
    0xcc,0xbc,0xcc,0xbc,0xcc,0xbc,0xcc,0xbc,0xcc,0xbc,0xcc,0xbc,0xcc,0xbc,0xcc,0xbc,
    0xcc,0xbc,0xcc,0xbc,0xcc,0xbc,0xcc,0xbc,0xcc,0xbc,0xcc,0xbc,0xcc,0xbc,0xcc,0xbc,
    0xcc,0xbc,0xcc,0xbc,0xcc,0xbc,0xcc,0xbc,0xac,0xbc,0x8b,0xbc,0xac,0xbc,0xac,0xbc,
    0xac,0xbc,0xac,0xbc,0xac,0xbc,0xac,0xbc,0xac,0xbc,0xac,0xbc,0xac,0xbc,0x8b,0xbc,
    0xab,0xbc,0xab,0xbc,0xab,0xbc,0xab,0xbc,0xab,0xbc,0xab,0xbc,0xab,0xbc,0xab,0xbc,
    0xab,0xbc,0x8b,0xbc,0x8b,0xb4,0x8b,0xb4,0x8b,0xb4,0x6b,0xb4,0x8b,0xb4,0x8b,0xb4,
    0x8b,0xb4,0x8b,0xb4,0x8b,0xb4,0x8b,0xbc,0xab,0xbc,0xab,0xbc,0x8b,0xbc,0x8b,0xbc,
    0xab,0xbc,0xab,0xbc,0xab,0xbc,0xab,0xbc,0xab,0xbc,0xab,0xbc,0xab,0xbc,0xab,0xbc,
    0xab,0xbc,0xab,0xbc,0xab,0xbc,0xab,0xbc,0xac,0xbc,0xcd,0xbc,0xcd,0xbc,0xce,0xbc,
    0x8d,0xb4,0xcb,0x9b,0xc8,0x7a,0xe4,0x59,0x43,0x41,0x60,0x20,0x00,0x10,0x00,0x10,
    0x00,0x10,0x20,0x10,0x21,0x10,0x41,0x08,0x21,0x08,0x22,0x10,0x22,0x10,0x21,0x10,
    0x21,0x18,0x21,0x18,0x20,0x18,0x41,0x20,0x82,0x28,0x82,0x28,0x82,0x30,0xa2,0x30,
    0xa1,0x38,0xe2,0x40,0x02,0x41,0x23,0x49,0x43,0x51,0x63,0x51,0x63,0x59,0xa3,0x59,
    0xa2,0x61,0xa2,0x61,0xa2,0x61,0xc2,0x69,0xc2,0x69,0xe2,0x69,0xe2,0x71,0xe2,0x71,
    0xe2,0x79,0x02,0x7a,0x23,0x7a,0x23,0x72,0x44,0x72,0x44,0x7a,0x44,0x7a,0x64,0x7a,
    0x64,0x82,0x64,0x82,0x64,0x82,0x64,0x82,0x64,0x82,0x84,0x82,0x84,0x82,0x84,0x82,
    0x84,0x82,0x84,0x82,0x64,0x82,0x64,0x82,0x64,0x82,0x64,0x82,0x64,0x82,0x64,0x82,
    0x64,0x82,0x64,0x82,0x84,0x82,0x84,0x82,0x84,0x82,0x64,0x82,0x84,0x82,0x84,0x82,
    0x84,0x82,0x84,0x82,0x64,0x82,0x84,0x82,0x84,0x82,0x64,0x82,0x64,0x82,0x84,0x82,
    0x84,0x82,0x84,0x82,0x84,0x82,0x84,0x82,0x84,0x82,0x84,0x82,0x84,0x82,0x84,0x82,
    0x84,0x82,0x84,0x82,0x84,0x82,0xa4,0x8a,0x84,0x82,0x84,0x82,0xa4,0x8a,0xa4,0x8a,
    0xa4,0x8a,0x84,0x8a,0x84,0x82,0xa4,0x8a,0xa5,0x8a,0x84,0x82,0x84,0x82,0xc5,0x8a,
    0x06,0x8b,0x46,0x93,0xc9,0xa3,0x2a,0xb4,0x2a,0xac,0x09,0xac,0x6b,0xb4,0xcc,0xc4,
    0x4e,0xcd,0xcf,0xdd,0xcf,0xdd,0xcf,0xdd,0xaf,0xdd,0xaf,0xdd,0xaf,0xdd,0xaf,0xdd,
    0x2d,0xcd,0xcc,0xc4,0xcc,0xc4,0x8b,0xbc,0x8b,0xbc,0xec,0xc4,0x2d,0xcd,0x8e,0xd5,
    0xaf,0xdd,0xcf,0xdd,0xd0,0xe5,0xf0,0xe5,0xf0,0xe5,0xf0,0xe5,0xaf,0xdd,0xd0,0xdd,
    0xd0,0xdd,0x6e,0xd5,0xec,0xc4,0x8a,0xb4,0x08,0xa4,0x86,0x93,0x26,0x93,0x05,0x8b,
    0xe4,0x8a,0xc4,0x8a,0xe5,0x8a,0xe5,0x8a,0xe5,0x8a,0xe5,0x8a,0xc5,0x8a,0xc5,0x8a,
    0xc5,0x8a,0xc5,0x8a,0xc5,0x8a,0xe5,0x92,0xe5,0x92,0xc5,0x92,0xc5,0x92,0xc5,0x92,
    0xe5,0x92,0xc5,0x92,0xc5,0x8a,0xa5,0x8a,0xa5,0x8a,0xc5,0x8a,0xc5,0x8a,0xc5,0x92,
    0xe5,0x92,0xe5,0x92,0xe5,0x92,0xe5,0x92,0xe5,0x92,0xe5,0x8a,0xc5,0x8a,0xc5,0x8a,
    0xc5,0x8a,0xe5,0x92,0xe5,0x92,0xe5,0x92,0xc5,0x92,0xc5,0x92,0xc5,0x92,0xc5,0x92,
    0xc5,0x8a,0xc5,0x8a,0xc5,0x92,0xc5,0x92,0xc5,0x92,0xc5,0x92,0xc5,0x92,0xc5,0x92,
    0xc5,0x92,0xe6,0x92,0xc5,0x92,0xc5,0x92,0xc5,0x92,0xc5,0x92,0xc5,0x8a,0xc5,0x92,
    0xe5,0x92,0xc5,0x92,0xc5,0x92,0xc5,0x92,0xc5,0x8a,0xc5,0x8a,0xc5,0x8a,0xc5,0x8a,
    0xc5,0x8a,0xc5,0x8a,0xc5,0x8a,0xc5,0x8a,0xc5,0x8a,0xc5,0x8a,0xc5,0x92,0xc5,0x92,
    0xc5,0x92,0xc5,0x92,0xc5,0x92,0xc5,0x8a,0xc5,0x8a,0xc5,0x8a,0xa5,0x8a,0xa4,0x8a,
    0xa4,0x8a,0xa4,0x8a,0xa5,0x8a,0xc5,0x8a,0xc5,0x8a,0xc5,0x8a,0xc5,0x8a,0xc5,0x8a,
    0xc5,0x8a,0xc5,0x8a,0xa5,0x8a,0xc5,0x8a,0xc5,0x8a,0xa5,0x8a,0xa5,0x8a,0xc5,0x8a,
    0xc5,0x8a,0x26,0x93,0xac,0xbc,0xcc,0xbc,0xcc,0xbc,0xcc,0xbc,0xcc,0xbc,0xcc,0xbc,
    0xcc,0xbc,0xcc,0xbc,0xcc,0xbc,0xcc,0xbc,0xcc,0xbc,0xcc,0xbc,0xcc,0xbc,0xcc,0xbc,
    0xcc,0xbc,0xcc,0xbc,0xcc,0xbc,0xcc,0xbc,0xcc,0xbc,0xcc,0xbc,0xcc,0xbc,0xcc,0xbc,
    0xcc,0xbc,0xcc,0xbc,0xcc,0xbc,0xcc,0xbc,0xac,0xbc,0xac,0xbc,0xac,0xbc,0xac,0xbc,
    0xac,0xbc,0xac,0xbc,0xac,0xbc,0xac,0xbc,0xac,0xbc,0xac,0xbc,0xac,0xbc,0xac,0xbc,
    0xac,0xbc,0xac,0xbc,0xac,0xbc,0xac,0xbc,0xac,0xbc,0xac,0xbc,0xac,0xbc,0xac,0xbc,
    0xac,0xbc,0xac,0xbc,0x8b,0xbc,0x8b,0xbc,0x8b,0xb4,0x8b,0xb4,0x8c,0xbc,0x8c,0xbc,
    0x8b,0xb4,0x8b,0xbc,0x8b,0xbc,0x8b,0xbc,0x8b,0xbc,0x8b,0xbc,0x8b,0xbc,0xac,0xbc,
    0xcc,0xbc,0xac,0xbc,0xac,0xb4,0xac,0xb4,0xac,0xb4,0xab,0xb4,0xab,0xb4,0x8b,0xb4,
    0xcc,0xbc,0xac,0xb4,0xcc,0xb4,0xcd,0xb4,0xad,0xb4,0x6d,0xa4,0x0c,0x9c,0x09,0x7b,
    0xe5,0x51,0xe2,0x38,0x20,0x20,0x00,0x10,0x00,0x10,0x00,0x10,0x20,0x10,0x20,0x10,
    0x21,0x10,0x21,0x10,0x21,0x10,0x01,0x10,0x21,0x10,0x21,0x18,0x41,0x18,0x41,0x20,
    0x41,0x20,0x61,0x28,0x81,0x30,0x81,0x30,0x82,0x38,0xc2,0x38,0xe2,0x40,0x02,0x41,
    0x01,0x49,0x22,0x49,0x62,0x51,0x62,0x59,0x63,0x61,0x83,0x61,0xa3,0x69,0xc3,0x69,
    0xc2,0x69,0xe2,0x69,0x02,0x6a,0xe2,0x71,0xe2,0x71,0xe2,0x71,0xe2,0x71,0x03,0x7a,
    0x23,0x7a,0x23,0x7a,0x23,0x7a,0x43,0x7a,0x43,0x7a,0x43,0x82,0x64,0x82,0x84,0x82,
    0x64,0x82,0x64,0x82,0x64,0x82,0x64,0x82,0x64,0x82,0x84,0x82,0x84,0x82,0x84,0x82,
    0x84,0x82,0x84,0x82,0x64,0x82,0x64,0x82,0x64,0x82,0x64,0x82,0x84,0x82,0x64,0x82,
    0x64,0x82,0x64,0x82,0x64,0x82,0x64,0x82,0x84,0x82,0x84,0x82,0x84,0x82,0x84,0x82,
    0x84,0x82,0x84,0x82,0x84,0x82,0x84,0x82,0x84,0x8a,0x84,0x82,0x84,0x82,0x84,0x82,
    0x84,0x82,0x84,0x82,0x84,0x82,0x84,0x82,0x84,0x82,0x84,0x82,0x84,0x82,0x84,0x82,
    0x84,0x82,0x84,0x82,0x84,0x82,0x84,0x8a,0x64,0x82,0x63,0x82,0x84,0x82,0xa4,0x82,
    0xa4,0x8a,0x84,0x82,0x84,0x82,0xa4,0x8a,0xa4,0x82,0xc5,0x8a,0x26,0x93,0xe9,0xab,
    0x6a,0xb4,0x0c,0xc5,0x8f,0xd5,0xd0,0xdd,0xd0,0xdd,0x10,0xe6,0x31,0xee,0x71,0xee,
    0x92,0xee,0x91,0xee,0x92,0xee,0x92,0xee,0x92,0xee,0x92,0xee,0x92,0xee,0x51,0xee,
    0x31,0xee,0x30,0xe6,0x30,0xe6,0x10,0xe6,0x30,0xe6,0x51,0xee,0x71,0xee,0x71,0xee,
    0x92,0xee,0x92,0xee,0x92,0xee,0x71,0xee,0x72,0xee,0x92,0xee,0x92,0xee,0x71,0xee,
    0x71,0xe6,0x51,0xe6,0x30,0xe6,0x10,0xde,0x6e,0xcd,0xeb,0xbc,0x09,0xac,0x46,0x93,
    0x05,0x8b,0x25,0x93,0x25,0x93,0x25,0x8b,0x25,0x8b,0x05,0x8b,0xe5,0x8a,0xe5,0x8a,
    0xe5,0x8a,0xe5,0x8a,0xc4,0x8a,0xe5,0x8a,0xe5,0x92,0xc5,0x92,0xc5,0x92,0xc5,0x92,
    0xc5,0x92,0xc5,0x92,0xc5,0x8a,0xc5,0x8a,0xc5,0x8a,0xc5,0x8a,0xc5,0x8a,0xc5,0x8a,
    0xc5,0x8a,0xc5,0x8a,0xc5,0x8a,0xc5,0x8a,0xc5,0x8a,0xc5,0x8a,0xc5,0x8a,0xc5,0x8a,
    0xc5,0x8a,0xc5,0x8a,0xe5,0x92,0xe5,0x92,0xe6,0x92,0xe6,0x92,0xe6,0x92,0xc5,0x92,
    0xc5,0x8a,0xc5,0x8a,0xc5,0x8a,0xc5,0x8a,0xc5,0x8a,0xc5,0x8a,0xc5,0x8a,0xc5,0x8a,
    0xe5,0x92,0xe5,0x92,0xe5,0x92,0xc5,0x92,0xa5,0x92,0xa5,0x92,0xa5,0x92,0xc5,0x92,
    0xc5,0x92,0xc5,0x92,0xc5,0x92,0xc5,0x92,0xe5,0x92,0xc5,0x92,0xc5,0x92,0xc5,0x92,
    0xc5,0x92,0xe5,0x92,0xe5,0x92,0xc5,0x92,0xc5,0x92,0xc5,0x92,0xc5,0x92,0xc5,0x8a,
    0xc5,0x8a,0xc5,0x8a,0xc5,0x8a,0xc5,0x8a,0xc5,0x8a,0xc5,0x8a,0xa5,0x8a,0x84,0x8a,
    0x84,0x8a,0x84,0x8a,0xa5,0x8a,0xa5,0x8a,0xa5,0x8a,0xc5,0x92,0xc5,0x8a,0xa5,0x8a,
    0xc5,0x8a,0xa5,0x8a,0xa4,0x8a,0xc4,0x8a,0xc4,0x8a,0xc5,0x8a,0xc5,0x8a,0xc5,0x8a,
    0xa4,0x8a,0x26,0x93,0xcc,0xbc,0xcc,0xbc,0xac,0xbc,0xcc,0xbc,0xcc,0xbc,0xcc,0xbc,
    0xcc,0xbc,0xcc,0xbc,0xcc,0xbc,0xcc,0xbc,0xcc,0xbc,0xcc,0xbc,0xcc,0xbc,0xcc,0xbc,
    0xcc,0xbc,0xcc,0xbc,0xcc,0xbc,0xcc,0xbc,0xcc,0xbc,0xcc,0xbc,0xcc,0xbc,0xcc,0xbc,
    0xcc,0xbc,0xcc,0xbc,0xcc,0xbc,0xcc,0xbc,0xac,0xbc,0xac,0xbc,0xac,0xbc,0xac,0xbc,
    0xac,0xbc,0xac,0xbc,0xac,0xbc,0xac,0xbc,0xac,0xbc,0xac,0xbc,0xac,0xbc,0xac,0xbc,
    0xac,0xbc,0xac,0xbc,0xac,0xbc,0xac,0xbc,0xac,0xbc,0x8b,0xbc,0xac,0xbc,0xac,0xbc,
    0xac,0xbc,0xac,0xbc,0x8b,0xbc,0x8b,0xb4,0x6b,0xb4,0x6b,0xb4,0x8c,0xbc,0x8b,0xb4,
    0x8b,0xb4,0x6b,0xb4,0x6b,0xb4,0x8b,0xbc,0x8b,0xbc,0xab,0xbc,0x8b,0xbc,0xac,0xbc,
    0xac,0xbc,0xac,0xbc,0xac,0xb4,0xac,0xb4,0xac,0xb4,0xac,0xb4,0xcc,0xb4,0xac,0xb4,
    0xad,0xb4,0x6c,0xac,0x8d,0xac,0x2c,0x9c,0xe7,0x72,0xe4,0x51,0x01,0x31,0x60,0x20,
    0x00,0x10,0x00,0x10,0x00,0x10,0x21,0x18,0x21,0x18,0x20,0x10,0x20,0x10,0x21,0x10,
    0x41,0x10,0x41,0x10,0x41,0x18,0x41,0x18,0x61,0x20,0x61,0x20,0x81,0x28,0x81,0x28,
    0xa2,0x30,0xc2,0x38,0xe2,0x40,0x02,0x41,0x02,0x49,0x23,0x49,0x43,0x51,0x42,0x51,
    0x42,0x51,0x82,0x59,0xa2,0x61,0xa3,0x61,0xa3,0x69,0xc3,0x69,0xe3,0x69,0xe3,0x69,
    0x02,0x72,0x22,0x72,0x23,0x72,0x23,0x7a,0x23,0x7a,0x23,0x7a,0x23,0x7a,0x23,0x7a,
    0x44,0x82,0x44,0x82,0x43,0x7a,0x43,0x82,0x63,0x82,0x64,0x82,0x64,0x82,0x84,0x82,
    0x64,0x82,0x64,0x82,0x64,0x82,0x64,0x82,0x64,0x82,0x84,0x82,0x84,0x8a,0x84,0x8a,
    0x84,0x8a,0x84,0x8a,0x84,0x82,0x84,0x82,0x84,0x82,0x84,0x82,0x64,0x82,0x64,0x82,
    0x64,0x82,0x64,0x82,0x84,0x82,0x84,0x82,0x84,0x82,0x84,0x82,0x64,0x82,0x64,0x82,
    0x64,0x82,0x84,0x82,0x84,0x82,0x84,0x82,0x84,0x8a,0x84,0x82,0x84,0x82,0x84,0x82,
    0x84,0x82,0x84,0x82,0x84,0x82,0x84,0x82,0x84,0x82,0x84,0x82,0x84,0x82,0x84,0x82,
    0x84,0x82,0x84,0x82,0x85,0x82,0x85,0x8a,0x84,0x8a,0x84,0x8a,0x84,0x82,0xa4,0x82,
    0xc4,0x8a,0xe5,0x8a,0x05,0x8b,0x26,0x93,0x87,0x9b,0x4a,0xb4,0xec,0xc4,0x6e,0xd5,
    0xcf,0xdd,0x31,0xe6,0x51,0xee,0x51,0xee,0x72,0xee,0x72,0xee,0x72,0xee,0x92,0xee,
    0x92,0xee,0x92,0xee,0x92,0xee,0x91,0xee,0x71,0xee,0x71,0xee,0x71,0xee,0x71,0xee,
    0x71,0xee,0x51,0xe6,0x51,0xe6,0x71,0xee,0x71,0xee,0x71,0xee,0x71,0xee,0x71,0xe6,
    0x71,0xe6,0x71,0xee,0x91,0xee,0x71,0xe6,0x92,0xee,0x92,0xee,0x92,0xee,0x91,0xee,
    0x91,0xee,0x71,0xe6,0x71,0xee,0x71,0xee,0x51,0xe6,0xef,0xdd,0x8f,0xdd,0x4e,0xd5,
    0xec,0xc4,0x8b,0xbc,0x4a,0xb4,0x09,0xa4,0x87,0x9b,0x25,0x8b,0xe5,0x8a,0x05,0x8b,
    0x05,0x8b,0xe5,0x8a,0xe5,0x8a,0xe5,0x8a,0xe5,0x8a,0xc5,0x92,0xa5,0x92,0xc5,0x92,
    0xc5,0x92,0xc5,0x92,0xc5,0x8a,0xc5,0x8a,0xc5,0x8a,0xe5,0x92,0xc5,0x8a,0xc5,0x8a,
    0xc5,0x8a,0xc5,0x8a,0xc5,0x8a,0xc5,0x8a,0xc5,0x8a,0xc5,0x8a,0xc5,0x8a,0xc5,0x8a,
    0xc5,0x8a,0xe5,0x92,0xe5,0x92,0xe5,0x92,0xe6,0x92,0xe6,0x92,0xe6,0x92,0xc5,0x92,
    0xc5,0x8a,0xc5,0x8a,0xc5,0x8a,0xc5,0x8a,0xc5,0x8a,0xc5,0x8a,0xc5,0x8a,0xc5,0x8a,
    0xe5,0x92,0xe5,0x92,0xe5,0x92,0xc5,0x92,0xc5,0x8a,0xc5,0x8a,0xc5,0x8a,0xc5,0x8a,
    0xc5,0x92,0xc5,0x92,0xc5,0x92,0xc5,0x92,0xc5,0x92,0xc5,0x8a,0xc5,0x8a,0xc5,0x8a,
    0xc5,0x92,0xc5,0x92,0xc5,0x92,0xc5,0x92,0xc5,0x92,0xc5,0x92,0xc5,0x92,0xc5,0x92,
    0xc5,0x92,0xc5,0x92,0xc5,0x92,0xc5,0x92,0xc5,0x92,0xc5,0x92,0xc5,0x92,0xc5,0x92,
    0xc5,0x92,0xc5,0x92,0xc5,0x8a,0xc5,0x8a,0xc5,0x92,0xc5,0x92,0xc5,0x92,0xc5,0x92,
    0xc5,0x92,0xc5,0x92,0xc4,0x8a,0xc4,0x8a,0xc5,0x8a,0xc5,0x8a,0xc5,0x8a,0xc5,0x8a,
    0xa4,0x8a,0x26,0x93,0xcc,0xbc,0xcc,0xbc,0xac,0xbc,0xcc,0xbc,0xcc,0xbc,0xcc,0xbc,
    0xcc,0xbc,0xcc,0xbc,0xcc,0xbc,0xcc,0xbc,0xcc,0xbc,0xcc,0xbc,0xcc,0xbc,0xcc,0xbc,
    0xcc,0xbc,0xcc,0xbc,0xcc,0xbc,0xcc,0xbc,0xcc,0xbc,0xcc,0xbc,0xcc,0xbc,0xcc,0xbc,
    0xcc,0xbc,0xcc,0xbc,0xcc,0xbc,0xcc,0xbc,0xac,0xbc,0xac,0xbc,0xac,0xbc,0x8b,0xbc,
    0xac,0xbc,0xac,0xbc,0xac,0xbc,0xac,0xbc,0xac,0xbc,0xac,0xbc,0x8b,0xbc,0xac,0xbc,
    0xac,0xbc,0xac,0xbc,0xac,0xbc,0xac,0xbc,0x8b,0xbc,0x8b,0xb4,0xac,0xbc,0xac,0xbc,
    0xac,0xbc,0xac,0xbc,0x8b,0xb4,0x8b,0xb4,0x6b,0xb4,0x6b,0xb4,0x8b,0xb4,0x8b,0xb4,
    0x8b,0xb4,0x6a,0xb4,0x6a,0xb4,0x8a,0xb4,0xaa,0xbc,0xab,0xbc,0xac,0xbc,0xac,0xbc,
    0x8b,0xb4,0xac,0xbc,0xac,0xb4,0xac,0xb4,0xac,0xbc,0xce,0xbc,0xef,0xbc,0x8e,0xac,
    0xcb,0x93,0x86,0x62,0xc4,0x49,0x22,0x31,0x80,0x20,0x20,0x10,0x00,0x08,0x00,0x08,
    0x00,0x10,0x00,0x10,0x20,0x10,0x00,0x10,0x20,0x10,0x40,0x10,0x40,0x18,0x40,0x18,
    0x40,0x18,0x61,0x18,0x61,0x20,0x81,0x20,0xa1,0x28,0xa1,0x30,0xc1,0x30,0xc1,0x38,
    0x02,0x41,0x22,0x49,0x43,0x49,0x63,0x51,0x63,0x59,0x83,0x59,0x83,0x59,0x82,0x61,
    0x82,0x61,0xa2,0x61,0xc2,0x69,0xe3,0x71,0x03,0x72,0x03,0x72,0x03,0x72,0x23,0x72,
    0x43,0x7a,0x63,0x7a,0x63,0x7a,0x64,0x82,0x64,0x82,0x64,0x82,0x64,0x82,0x64,0x82,
    0x85,0x8a,0x84,0x82,0x64,0x82,0x64,0x82,0x84,0x82,0x84,0x8a,0x84,0x82,0x64,0x82,
    0x64,0x82,0x64,0x82,0x64,0x82,0x64,0x82,0x64,0x82,0x84,0x82,0x84,0x8a,0xa5,0x8a,
    0xa5,0x8a,0xa5,0x8a,0x85,0x8a,0x85,0x8a,0x85,0x8a,0x85,0x8a,0x85,0x8a,0x84,0x82,
    0x84,0x82,0x84,0x82,0x84,0x82,0x85,0x82,0x85,0x8a,0x85,0x82,0x84,0x82,0x84,0x82,
    0x84,0x82,0x84,0x82,0x84,0x82,0x84,0x82,0x84,0x8a,0x84,0x82,0x84,0x82,0x84,0x82,
    0x84,0x82,0x84,0x8a,0x84,0x8a,0x84,0x8a,0x84,0x8a,0x84,0x82,0x84,0x82,0x84,0x82,
    0x84,0x82,0x85,0x8a,0x85,0x8a,0x85,0x8a,0x84,0x8a,0x84,0x82,0x84,0x82,0xe5,0x8a,
    0x46,0x93,0xa7,0x9b,0x4a,0xac,0x8b,0xb4,0x2d,0xcd,0xcf,0xdd,0xf0,0xe5,0x31,0xe6,
    0x51,0xee,0x51,0xee,0x72,0xee,0x72,0xee,0x72,0xee,0x72,0xee,0x72,0xee,0x72,0xee,
    0x71,0xee,0x71,0xee,0x71,0xee,0x71,0xee,0x71,0xee,0x71,0xee,0x71,0xee,0x91,0xee,
    0x91,0xee,0x71,0xe6,0x71,0xe6,0x71,0xe6,0x71,0xe6,0x71,0xe6,0x71,0xe6,0x71,0xe6,
    0x71,0xee,0x92,0xee,0x71,0xee,0x51,0xe6,0x71,0xe6,0x71,0xe6,0x91,0xe6,0x91,0xe6,
    0x91,0xe6,0xb2,0xee,0x91,0xee,0xb2,0xee,0xb2,0xee,0x71,0xee,0x72,0xee,0x51,0xee,
    0x11,0xe6,0xf0,0xe5,0xcf,0xdd,0x6e,0xd5,0xab,0xbc,0xe8,0xa3,0xc8,0xa3,0x87,0x9b,
    0x05,0x8b,0xe5,0x8a,0x05,0x93,0xe5,0x8a,0xe5,0x8a,0xc5,0x8a,0xc5,0x92,0xc5,0x92,
    0xc5,0x92,0xc5,0x92,0xc5,0x8a,0xc5,0x8a,0xc5,0x8a,0xe5,0x92,0xe5,0x92,0xc5,0x8a,
    0xc5,0x8a,0xe5,0x92,0xe5,0x92,0xe5,0x92,0xe5,0x92,0xc5,0x8a,0xc5,0x8a,0xc5,0x8a,
    0xe5,0x92,0xe5,0x92,0xe5,0x92,0xe6,0x92,0xe6,0x92,0xe6,0x92,0xe6,0x92,0xc5,0x92,
    0xc5,0x92,0xc5,0x92,0xc5,0x92,0xc5,0x92,0xc5,0x8a,0xc5,0x8a,0xc5,0x8a,0xc5,0x8a,
    0xe5,0x92,0xe5,0x92,0xe5,0x92,0xc5,0x92,0xc5,0x8a,0xc5,0x8a,0xc5,0x8a,0xc5,0x8a,
    0xc5,0x92,0xc5,0x92,0xc5,0x92,0xc5,0x8a,0xc5,0x8a,0xa5,0x8a,0xa5,0x8a,0xc5,0x8a,
    0xc5,0x8a,0xc5,0x92,0xc5,0x92,0xc5,0x92,0xc5,0x92,0xc5,0x92,0xc5,0x92,0xc5,0x92,
    0xc5,0x92,0xc5,0x92,0xc5,0x92,0xc5,0x92,0xc5,0x92,0xc5,0x92,0xe5,0x92,0xe5,0x92,
    0xe5,0x92,0xe5,0x92,0xc5,0x92,0xc5,0x92,0xe5,0x92,0xe5,0x92,0xc5,0x92,0xc5,0x92,
    0xc5,0x92,0xc5,0x92,0xc5,0x8a,0xc5,0x8a,0xe5,0x92,0xe5,0x92,0xc5,0x8a,0xc5,0x8a,
    0xc4,0x8a,0x26,0x93,0xcc,0xbc,0xcc,0xbc,0xac,0xbc,0xcc,0xbc,0xcc,0xbc,0xcc,0xbc,
    0xcc,0xbc,0xcc,0xbc,0xcc,0xbc,0xcc,0xbc,0xcc,0xbc,0xcc,0xbc,0xcc,0xbc,0xcc,0xbc,
    0xcc,0xbc,0xcc,0xbc,0xcc,0xbc,0xcc,0xbc,0xcc,0xbc,0xcc,0xbc,0xcc,0xbc,0xcc,0xbc,
    0xcc,0xbc,0xcc,0xbc,0xcc,0xbc,0xcc,0xbc,0xac,0xbc,0xac,0xbc,0xac,0xbc,0x8b,0xbc,
    0xac,0xbc,0xac,0xbc,0xac,0xbc,0xac,0xbc,0xac,0xbc,0x8b,0xbc,0x8b,0xbc,0x8b,0xbc,
    0x8b,0xbc,0xac,0xbc,0xac,0xbc,0x8b,0xbc,0x8b,0xbc,0x8b,0xbc,0xac,0xbc,0xac,0xbc,
    0x8b,0xbc,0x8b,0xbc,0x8b,0xb4,0x8b,0xb4,0x6b,0xb4,0x6b,0xb4,0x8b,0xbc,0x8b,0xb4,
    0x8b,0xb4,0x6a,0xb4,0x6a,0xac,0x8a,0xb4,0xaa,0xbc,0xcb,0xbc,0xac,0xbc,0xac,0xb4,
    0x8c,0xb4,0x8c,0xb4,0xad,0xb4,0xad,0xb4,0x6d,0xac,0xec,0x9b,0xc8,0x72,0xc5,0x51,
    0xe2,0x30,0x20,0x18,0x00,0x08,0x00,0x08,0x00,0x08,0x00,0x08,0x00,0x08,0x00,0x08,
    0x20,0x10,0x21,0x10,0x20,0x10,0x00,0x10,0x20,0x10,0x40,0x18,0x40,0x18,0x40,0x18,
    0x60,0x20,0x81,0x20,0x81,0x28,0xa1,0x28,0xc1,0x30,0xe1,0x38,0xe1,0x38,0x01,0x41,
    0x21,0x49,0x42,0x51,0x62,0x51,0x82,0x59,0xa2,0x61,0xa2,0x61,0xa2,0x61,0xa2,0x69,
    0xc2,0x69,0xe2,0x71,0x03,0x7a,0x23,0x7a,0x43,0x7a,0x23,0x7a,0x23,0x72,0x63,0x7a,
    0x63,0x7a,0x83,0x82,0x84,0x82,0x64,0x82,0x64,0x82,0x64,0x82,0x64,0x82,0x84,0x82,
    0xa5,0x8a,0xa5,0x8a,0x84,0x8a,0x84,0x8a,0x84,0x8a,0x84,0x8a,0x84,0x8a,0x84,0x82,
    0x64,0x82,0x64,0x82,0x64,0x82,0x64,0x82,0x64,0x82,0x64,0x82,0x84,0x8a,0xa5,0x8a,
    0xa5,0x8a,0xa5,0x8a,0xa5,0x8a,0xa5,0x8a,0xa5,0x8a,0xa5,0x8a,0xa5,0x8a,0xa5,0x8a,
    0xa5,0x8a,0xa5,0x8a,0x84,0x8a,0xa5,0x8a,0xa5,0x8a,0xa5,0x8a,0xa5,0x8a,0xa5,0x8a,
    0xa5,0x8a,0x84,0x8a,0x84,0x8a,0x84,0x8a,0x85,0x8a,0x84,0x8a,0x84,0x8a,0x84,0x8a,
    0x84,0x8a,0x84,0x8a,0xa5,0x8a,0xa5,0x8a,0x85,0x8a,0x85,0x8a,0x84,0x8a,0x84,0x82,
    0x84,0x8a,0x85,0x8a,0xa5,0x92,0xa5,0x92,0xc5,0x92,0xc5,0x92,0x06,0x93,0x88,0x9b,
    0x6a,0xb4,0x0c,0xc5,0x6e,0xcd,0xaf,0xd5,0x10,0xde,0x31,0xe6,0x51,0xe6,0x51,0xe6,
    0x51,0xe6,0x72,0xee,0x72,0xee,0x51,0xee,0x51,0xe6,0x51,0xe6,0x51,0xee,0x51,0xee,
    0x51,0xe6,0x51,0xee,0x71,0xee,0x71,0xee,0x71,0xee,0x71,0xee,0x71,0xe6,0x71,0xe6,
    0x91,0xe6,0x71,0xe6,0x71,0xe6,0x71,0xe6,0x71,0xe6,0x91,0xe6,0x71,0xe6,0x71,0xe6,
    0x71,0xe6,0x71,0xee,0x71,0xee,0x71,0xee,0x92,0xee,0x92,0xee,0x91,0xe6,0x91,0xe6,
    0x91,0xe6,0x91,0xe6,0x91,0xe6,0x92,0xe6,0x92,0xee,0x71,0xe6,0x72,0xee,0x52,0xee,
    0x31,0xee,0x31,0xee,0x10,0xe6,0x31,0xe6,0xf0,0xe5,0xaf,0xdd,0x6e,0xd5,0xec,0xc4,
    0x09,0xac,0x87,0x9b,0x26,0x93,0xe5,0x8a,0xe5,0x8a,0xc5,0x8a,0xc5,0x8a,0xc5,0x8a,
    0xc5,0x8a,0xc5,0x8a,0xc5,0x8a,0xe5,0x92,0xe5,0x92,0xe5,0x92,0xe5,0x92,0xc5,0x8a,
    0xc5,0x8a,0xe5,0x92,0xe5,0x92,0xe5,0x92,0xe5,0x92,0xc5,0x8a,0xc5,0x8a,0xc5,0x8a,
    0xe5,0x92,0xe5,0x92,0xe5,0x92,0xe5,0x92,0xe6,0x92,0xe6,0x92,0xe6,0x92,0xc5,0x92,
    0xe6,0x92,0xe6,0x92,0xe6,0x92,0xe6,0x92,0xe5,0x92,0xe5,0x92,0xe5,0x92,0xe5,0x92,
    0xe5,0x92,0xe5,0x92,0xe5,0x92,0xe5,0x92,0xe5,0x92,0xe5,0x92,0xe5,0x92,0xc5,0x8a,
    0xc5,0x8a,0xc5,0x8a,0xc5,0x8a,0xc5,0x8a,0xa5,0x8a,0xa5,0x8a,0xa5,0x8a,0xc5,0x8a,
    0xc5,0x92,0xc5,0x92,0xc5,0x92,0xc5,0x92,0xc5,0x92,0xc5,0x92,0xc5,0x92,0xc5,0x92,
    0xc5,0x92,0xc5,0x92,0xc5,0x92,0xc5,0x92,0xc5,0x92,0xc5,0x92,0xc5,0x92,0xc5,0x92,
    0xc5,0x92,0xc5,0x92,0xe5,0x92,0xe5,0x92,0xe5,0x92,0xe5,0x92,0xe5,0x92,0xe5,0x92,
    0xe5,0x92,0xe5,0x92,0xc5,0x8a,0xe5,0x92,0xe5,0x92,0xe5,0x92,0xe5,0x92,0xe5,0x92,
    0xc4,0x8a,0x26,0x93,0xcc,0xbc,0xcc,0xbc,0xac,0xbc,0xcc,0xbc,0xcc,0xbc,0xcc,0xbc,
    0xcc,0xbc,0xcc,0xbc,0xcc,0xbc,0xcc,0xbc,0xcc,0xbc,0xcc,0xbc,0xcc,0xbc,0xcc,0xbc,
    0xcc,0xbc,0xcc,0xbc,0xcc,0xbc,0xcc,0xbc,0xcc,0xbc,0xcc,0xbc,0xcc,0xbc,0xcc,0xbc,
    0xcc,0xbc,0xcc,0xbc,0xcc,0xbc,0xcc,0xbc,0xac,0xbc,0xac,0xbc,0xac,0xbc,0xac,0xbc,
    0xac,0xbc,0xac,0xbc,0xac,0xbc,0x8b,0xbc,0x8b,0xbc,0x8b,0xbc,0x8b,0xbc,0x8b,0xb4,
    0x8b,0xb4,0xac,0xbc,0xac,0xbc,0xac,0xbc,0xac,0xbc,0xac,0xbc,0xac,0xbc,0x8b,0xbc,
    0x8b,0xb4,0x8b,0xb4,0x8b,0xb4,0x6b,0xb4,0x4a,0xb4,0x4a,0xac,0x6a,0xb4,0x6a,0xb4,
    0x6b,0xb4,0x6a,0xb4,0x4a,0xac,0x6a,0xac,0x8b,0xb4,0xac,0xb4,0x8d,0xb4,0x8d,0xb4,
    0x6d,0xac,0x0c,0x9c,0xaa,0x93,0xc7,0x72,0xc4,0x51,0x02,0x39,0x40,0x18,0x00,0x10,
    0x00,0x10,0x00,0x10,0x20,0x10,0x00,0x08,0x01,0x08,0x01,0x10,0x21,0x10,0x21,0x10,
    0x41,0x18,0x41,0x18,0x21,0x18,0x20,0x18,0x40,0x18,0x40,0x20,0x60,0x20,0x60,0x28,
    0xa1,0x30,0xc1,0x38,0xe2,0x38,0x02,0x41,0x21,0x41,0x41,0x49,0x41,0x49,0x41,0x49,
    0x62,0x59,0x82,0x59,0xa2,0x61,0xa2,0x61,0xc2,0x69,0xc2,0x69,0xe2,0x69,0xe2,0x71,
    0x02,0x72,0x02,0x7a,0x23,0x7a,0x43,0x7a,0x43,0x7a,0x43,0x7a,0x43,0x7a,0x83,0x82,
    0x84,0x82,0x84,0x82,0xa4,0x82,0x84,0x82,0x84,0x82,0x84,0x82,0x84,0x82,0x84,0x8a,
    0xa4,0x8a,0xc5,0x8a,0xc5,0x8a,0xa4,0x8a,0xa4,0x8a,0x84,0x8a,0x84,0x8a,0x84,0x82,
    0x84,0x82,0x84,0x82,0x64,0x82,0x64,0x82,0x84,0x82,0x84,0x8a,0x84,0x8a,0x84,0x8a,
    0xa5,0x8a,0xa5,0x8a,0xa5,0x8a,0xa5,0x8a,0xa5,0x8a,0xa5,0x8a,0xa5,0x8a,0xa5,0x92,
    0xa5,0x92,0xa5,0x92,0xa5,0x8a,0xa5,0x8a,0xa4,0x8a,0xa5,0x8a,0xa5,0x8a,0xa5,0x8a,
    0xa5,0x8a,0xa5,0x8a,0xa5,0x8a,0xa5,0x8a,0xa5,0x8a,0xa5,0x8a,0xa5,0x8a,0x85,0x8a,
    0x84,0x8a,0x84,0x8a,0xa5,0x8a,0x85,0x8a,0x84,0x8a,0xa5,0x8a,0x84,0x8a,0xa5,0x92,
    0x07,0x9b,0x48,0xa3,0x68,0xab,0xa9,0xb3,0xc9,0xb3,0xe9,0xb3,0x4a,0xbc,0xcc,0xc4,
    0x8e,0xd5,0xcf,0xd5,0x10,0xde,0x31,0xe6,0x51,0xe6,0x51,0xe6,0x51,0xe6,0x51,0xe6,
    0x51,0xe6,0x51,0xe6,0x51,0xe6,0x51,0xe6,0x51,0xe6,0x51,0xe6,0x51,0xe6,0x51,0xe6,
    0x51,0xe6,0x51,0xee,0x71,0xee,0x71,0xee,0x71,0xee,0x71,0xee,0x71,0xee,0x91,0xe6,
    0x91,0xe6,0x71,0xe6,0x71,0xe6,0x71,0xe6,0x71,0xe6,0x71,0xe6,0x71,0xe6,0x71,0xe6,
    0x71,0xe6,0x71,0xe6,0x71,0xe6,0x71,0xe6,0x71,0xe6,0x71,0xe6,0x91,0xe6,0x91,0xe6,
    0x91,0xe6,0x91,0xe6,0x91,0xe6,0x91,0xe6,0x71,0xe6,0x71,0xe6,0x51,0xe6,0x51,0xee,
    0x51,0xee,0x51,0xe6,0x31,0xe6,0x31,0xe6,0x51,0xe6,0x51,0xee,0x31,0xee,0x11,0xe6,
    0x8f,0xd5,0xec,0xc4,0x4a,0xb4,0x87,0x9b,0x26,0x93,0xe5,0x8a,0xc5,0x8a,0xa4,0x8a,
    0xa4,0x8a,0xc5,0x8a,0xc5,0x8a,0xc5,0x92,0xe5,0x92,0xc5,0x8a,0xc5,0x8a,0xc5,0x8a,
    0xc5,0x8a,0xe5,0x92,0xe5,0x92,0xe5,0x92,0xe5,0x92,0xe5,0x92,0xe5,0x92,0xe5,0x92,
    0xe5,0x92,0xe5,0x92,0xe5,0x92,0xe5,0x92,0xc5,0x92,0xc5,0x92,0xc5,0x92,0xc5,0x92,
    0xc5,0x92,0xc5,0x92,0xc5,0x92,0xc5,0x92,0xe5,0x92,0xe5,0x92,0xe5,0x92,0xe5,0x92,
    0xe5,0x92,0xe5,0x92,0xe5,0x92,0xe5,0x92,0xe5,0x92,0xe5,0x92,0xe5,0x92,0xe5,0x92,
    0xc5,0x8a,0xc5,0x8a,0xc5,0x8a,0xc5,0x92,0xc5,0x92,0xc5,0x8a,0xc5,0x8a,0xc5,0x8a,
    0xe5,0x92,0xe5,0x92,0xc5,0x8a,0xc5,0x8a,0xc5,0x8a,0xc5,0x8a,0xc5,0x8a,0xc5,0x92,
    0xc5,0x8a,0xc5,0x8a,0xc5,0x8a,0xc5,0x8a,0xc5,0x92,0xc5,0x92,0xe5,0x92,0xe5,0x92,
    0xe5,0x92,0xe5,0x92,0xe5,0x92,0xe5,0x92,0xe5,0x92,0xe5,0x92,0xe5,0x92,0xe5,0x92,
    0xe5,0x92,0xe5,0x92,0xe5,0x92,0xe5,0x92,0xe5,0x92,0xe5,0x92,0xe5,0x92,0xe5,0x92,
    0xc4,0x8a,0x26,0x93,0xcc,0xbc,0xcc,0xbc,0xac,0xbc,0xcc,0xbc,0xcc,0xbc,0xcc,0xbc,
    0xcc,0xbc,0xcc,0xbc,0xcc,0xbc,0xcc,0xbc,0xcc,0xbc,0xcc,0xbc,0xcc,0xbc,0xcc,0xbc,
    0xcc,0xbc,0xcc,0xbc,0xcc,0xbc,0xcc,0xbc,0xcc,0xbc,0xcc,0xbc,0xcc,0xbc,0xcc,0xbc,
    0xcc,0xbc,0xcc,0xbc,0xcc,0xbc,0xcc,0xbc,0xac,0xbc,0xac,0xbc,0xac,0xbc,0xac,0xbc,
    0xac,0xbc,0xac,0xbc,0xac,0xbc,0x8b,0xbc,0x8b,0xbc,0x8b,0xbc,0x8b,0xbc,0x8b,0xb4,
    0x8b,0xb4,0xac,0xbc,0x8b,0xbc,0x8b,0xbc,0x8b,0xbc,0x8b,0xbc,0xac,0xbc,0x8b,0xbc,
    0x8b,0xb4,0x8b,0xb4,0x8b,0xb4,0x6b,0xb4,0x4a,0xb4,0x4a,0xac,0x6a,0xb4,0x6a,0xb4,
    0x6a,0xb4,0x6b,0xb4,0x4b,0xac,0x4b,0xac,0x8c,0xac,0x8d,0xac,0x4d,0xa4,0xaa,0x8b,
    0xa7,0x6a,0xa4,0x49,0xe2,0x30,0x40,0x20,0x00,0x10,0x20,0x10,0x00,0x10,0x20,0x10,
    0x00,0x10,0x20,0x10,0x21,0x10,0x21,0x10,0x21,0x10,0x01,0x10,0x21,0x10,0x21,0x18,
    0x41,0x20,0x41,0x20,0x41,0x20,0x61,0x28,0x61,0x28,0x60,0x28,0xa1,0x30,0xc2,0x38,
    0xe2,0x40,0x02,0x49,0x22,0x49,0x42,0x51,0x62,0x51,0x62,0x51,0x82,0x59,0x82,0x59,
    0xa2,0x61,0xa2,0x61,0xc2,0x69,0xe2,0x69,0x02,0x72,0x02,0x72,0x02,0x72,0x22,0x72,
    0x23,0x7a,0x43,0x7a,0x63,0x82,0x63,0x82,0x63,0x82,0x63,0x82,0x84,0x82,0x63,0x82,
    0x64,0x82,0x84,0x82,0x84,0x82,0xa4,0x8a,0xa4,0x8a,0xa4,0x8a,0xa4,0x8a,0xa5,0x8a,
    0xa5,0x8a,0xa5,0x8a,0xa5,0x8a,0xa4,0x8a,0xc5,0x92,0x06,0x93,0x06,0x93,0xe5,0x92,
    0xc4,0x8a,0x84,0x82,0x84,0x82,0x84,0x8a,0xa5,0x8a,0xa5,0x8a,0xa5,0x8a,0xa5,0x8a,
    0xa5,0x8a,0xa5,0x8a,0xa5,0x8a,0xa5,0x8a,0xa5,0x8a,0xa5,0x8a,0xa5,0x8a,0xa5,0x92,
    0xa5,0x92,0xa5,0x92,0xa5,0x92,0xa5,0x8a,0xa4,0x8a,0xa5,0x8a,0xa5,0x8a,0xa5,0x8a,
    0xa5,0x8a,0xa5,0x8a,0xa5,0x8a,0xa5,0x8a,0xa5,0x8a,0xa5,0x92,0xa5,0x8a,0xa5,0x8a,
    0x85,0x8a,0xa5,0x8a,0x85,0x8a,0x84,0x8a,0x64,0x82,0x84,0x8a,0xe6,0x92,0x68,0xa3,
    0xa9,0xb3,0x89,0xb3,0x68,0xab,0xa9,0xb3,0x0a,0xbc,0xad,0xcc,0x6f,0xdd,0xf1,0xe5,
    0x31,0xe6,0x31,0xe6,0x51,0xe6,0x51,0xe6,0x51,0xe6,0x51,0xe6,0x51,0xde,0x51,0xe6,
    0x51,0xe6,0x51,0xe6,0x51,0xe6,0x51,0xe6,0x51,0xe6,0x51,0xe6,0x51,0xe6,0x51,0xe6,
    0x51,0xe6,0x71,0xee,0x71,0xee,0x71,0xee,0x71,0xee,0x71,0xee,0x71,0xee,0x91,0xe6,
    0x71,0xe6,0x71,0xe6,0x71,0xe6,0x71,0xe6,0x71,0xe6,0x71,0xe6,0x71,0xe6,0x51,0xe6,
    0x51,0xe6,0x51,0xe6,0x51,0xe6,0x71,0xe6,0x71,0xe6,0x71,0xe6,0x71,0xe6,0x91,0xe6,
    0x91,0xe6,0x91,0xe6,0x91,0xe6,0x71,0xee,0x71,0xe6,0x51,0xe6,0x51,0xe6,0x51,0xe6,
    0x51,0xe6,0x51,0xe6,0x31,0xe6,0x31,0xe6,0x31,0xe6,0x31,0xe6,0x31,0xe6,0x31,0xee,
    0x11,0xe6,0xd0,0xe5,0xaf,0xdd,0xec,0xc4,0xe8,0xa3,0x67,0x93,0xe5,0x8a,0xa4,0x82,
    0xc5,0x8a,0xe5,0x8a,0xc5,0x8a,0xc5,0x8a,0xc5,0x8a,0xc5,0x92,0xe5,0x92,0xe5,0x92,
    0xe5,0x92,0xe5,0x92,0xe5,0x92,0xe5,0x92,0xe5,0x92,0xe5,0x92,0xe5,0x92,0xe5,0x92,
    0xe5,0x92,0xc5,0x8a,0xc5,0x8a,0xc5,0x8a,0xc5,0x92,0xc5,0x92,0xc5,0x92,0xc5,0x92,
    0xc5,0x92,0xc5,0x92,0xc5,0x92,0xc5,0x92,0xe5,0x92,0xe5,0x92,0xe5,0x92,0xe5,0x92,
    0xe5,0x92,0xe5,0x92,0xe5,0x92,0xe5,0x92,0xe5,0x92,0xe5,0x92,0xe5,0x92,0xe5,0x92,
    0xe5,0x8a,0xe5,0x8a,0xe5,0x8a,0xc5,0x92,0xc5,0x92,0xc5,0x92,0xc5,0x8a,0xc5,0x8a,
    0xe5,0x92,0xe5,0x92,0xc5,0x92,0xc5,0x92,0xc5,0x92,0xc5,0x92,0xc5,0x92,0xc5,0x92,
    0xc5,0x92,0xc5,0x8a,0xc5,0x8a,0xc5,0x8a,0xc5,0x92,0xc5,0x92,0xe5,0x92,0xe5,0x92,
    0xe5,0x92,0xe5,0x92,0xe5,0x92,0xe5,0x92,0xe5,0x92,0xe5,0x8a,0xe5,0x92,0xe5,0x92,
    0xe5,0x92,0xe5,0x92,0xe5,0x92,0xe5,0x92,0xe5,0x92,0xe5,0x92,0xe5,0x92,0xe5,0x92,
    0xc4,0x8a,0x26,0x93,0xcc,0xbc,0xcc,0xbc,0xac,0xbc,0xcc,0xbc,0xcc,0xbc,0xcc,0xbc,
    0xcc,0xbc,0xcc,0xbc,0xcc,0xbc,0xcc,0xbc,0xcc,0xbc,0xcc,0xbc,0xcc,0xbc,0xcc,0xbc,
    0xcc,0xbc,0xcc,0xbc,0xcc,0xbc,0xcc,0xbc,0xcc,0xbc,0xcc,0xbc,0xcc,0xbc,0xcc,0xbc,
    0xcc,0xbc,0xcc,0xbc,0xcc,0xbc,0xcc,0xbc,0xac,0xbc,0xac,0xbc,0xac,0xbc,0xac,0xbc,
    0xac,0xbc,0xac,0xbc,0xac,0xbc,0x8b,0xbc,0x8b,0xbc,0x8b,0xbc,0x8b,0xbc,0x8b,0xb4,
    0x8b,0xb4,0xac,0xbc,0x8b,0xbc,0x8b,0xb4,0x8b,0xb4,0x8b,0xb4,0x8b,0xbc,0x8b,0xbc,
    0x8b,0xb4,0x8b,0xb4,0x8b,0xb4,0x6b,0xb4,0x4b,0xb4,0x4a,0xac,0x69,0xb4,0x69,0xb4,
    0x4a,0xb4,0x6b,0xb4,0xea,0x9b,0x69,0x8b,0x49,0x83,0x66,0x62,0xa4,0x41,0xc1,0x28,
    0x40,0x18,0x00,0x10,0x00,0x10,0x00,0x10,0x21,0x10,0x41,0x10,0x21,0x10,0x21,0x10,
    0x00,0x10,0x00,0x10,0x21,0x18,0x41,0x20,0x41,0x20,0x20,0x18,0x40,0x20,0x41,0x20,
    0x61,0x28,0x81,0x30,0x82,0x38,0xa2,0x38,0xc2,0x40,0x03,0x41,0x23,0x49,0x23,0x51,
    0x23,0x51,0x22,0x51,0x43,0x59,0x63,0x61,0xa3,0x59,0xa3,0x61,0xa3,0x61,0xc3,0x61,
    0xc3,0x69,0xe3,0x71,0x03,0x72,0x23,0x72,0x23,0x72,0x43,0x72,0x43,0x7a,0x43,0x7a,
    0x63,0x7a,0x63,0x82,0x84,0x82,0xa4,0x82,0xa4,0x8a,0xa4,0x8a,0xa4,0x8a,0x84,0x82,
    0x84,0x82,0x84,0x82,0xa5,0x8a,0xc5,0x8a,0xc5,0x8a,0xc5,0x92,0xc5,0x92,0xc5,0x8a,
    0xc5,0x8a,0xa4,0x8a,0xa4,0x8a,0xc4,0x8a,0x26,0x9b,0x87,0xa3,0xc8,0xab,0xa8,0xab,
    0x67,0xa3,0x26,0x9b,0x06,0x9b,0xe6,0x92,0xc5,0x8a,0x85,0x8a,0xa5,0x8a,0xa5,0x8a,
    0xc5,0x8a,0xc5,0x8a,0xa4,0x8a,0xa4,0x8a,0xa4,0x8a,0xa4,0x8a,0xa5,0x92,0xa5,0x92,
    0xa5,0x92,0xc5,0x92,0xa5,0x92,0xa5,0x92,0xa5,0x92,0xa5,0x92,0xa5,0x92,0xa5,0x92,
    0xa5,0x92,0xa5,0x92,0xa5,0x92,0xa5,0x92,0xa5,0x92,0xc5,0x92,0xa5,0x92,0xa5,0x92,
    0xa5,0x8a,0xa5,0x8a,0x85,0x8a,0xa5,0x92,0xc6,0x92,0x07,0x9b,0x88,0xab,0xa9,0xb3,
    0x89,0xab,0x48,0xab,0x07,0xab,0x07,0xa3,0x48,0xab,0x8c,0xcc,0xb0,0xe5,0xf1,0xe5,
    0x10,0xe6,0x30,0xe6,0x30,0xe6,0x30,0xe6,0x50,0xe6,0x50,0xe6,0x50,0xde,0x50,0xde,
    0x31,0xe6,0x31,0xe6,0x51,0xe6,0x51,0xe6,0x51,0xe6,0x51,0xe6,0x51,0xe6,0x51,0xe6,
    0x51,0xe6,0x71,0xee,0x71,0xee,0x71,0xee,0x71,0xee,0x71,0xee,0x71,0xee,0x91,0xee,
    0x71,0xe6,0x71,0xe6,0x71,0xe6,0x50,0xe6,0x50,0xe6,0x50,0xe6,0x50,0xe6,0x51,0xe6,
    0x51,0xe6,0x51,0xe6,0x51,0xe6,0x51,0xe6,0x71,0xe6,0x71,0xe6,0x71,0xe6,0x71,0xe6,
    0x71,0xe6,0x71,0xee,0x71,0xee,0x51,0xee,0x51,0xe6,0x30,0xe6,0x31,0xe6,0x31,0xe6,
    0x31,0xe6,0x31,0xe6,0x31,0xe6,0x31,0xe6,0x31,0xe6,0x31,0xe6,0x31,0xe6,0x51,0xe6,
    0x52,0xee,0x31,0xee,0x31,0xee,0xf0,0xe5,0x6f,0xd5,0x0d,0xcd,0x4a,0xb4,0xc8,0xa3,
    0x67,0x9b,0x05,0x93,0xe5,0x92,0xe5,0x92,0xc5,0x92,0xe5,0x92,0xe5,0x92,0xe5,0x92,
    0xe5,0x92,0xe5,0x92,0xe5,0x92,0xe5,0x92,0xe5,0x92,0xe5,0x92,0xe5,0x92,0xe5,0x92,
    0xc5,0x8a,0xc5,0x8a,0xc5,0x8a,0xc5,0x8a,0xc5,0x8a,0xc5,0x92,0xc5,0x92,0xc5,0x92,
    0xc5,0x92,0xc5,0x92,0xc5,0x92,0xc5,0x92,0xe5,0x92,0xe5,0x92,0xe5,0x92,0xe5,0x92,
    0xe5,0x92,0xe5,0x92,0xe5,0x92,0xe5,0x92,0xe5,0x8a,0xe5,0x8a,0xe5,0x8a,0xe5,0x8a,
    0xe5,0x8a,0xe5,0x8a,0xe5,0x8a,0xe5,0x92,0xe5,0x92,0xc5,0x92,0xc5,0x92,0xc5,0x8a,
    0xe5,0x92,0xe5,0x92,0xc5,0x92,0xc5,0x92,0xc5,0x92,0xc5,0x92,0xc5,0x92,0xe5,0x92,
    0xc5,0x92,0xc5,0x92,0xc5,0x8a,0xc5,0x8a,0xc5,0x92,0xc5,0x92,0xe5,0x92,0xe6,0x92,
    0xe6,0x92,0xe6,0x92,0xe6,0x92,0xe5,0x92,0xe5,0x8a,0xe5,0x8a,0xe5,0x8a,0xe5,0x8a,
    0xe5,0x8a,0xe5,0x92,0xe5,0x92,0xe5,0x92,0xe5,0x92,0xe5,0x92,0xe5,0x92,0xe5,0x92,
    0xc4,0x8a,0x26,0x93,0xcc,0xbc,0xcc,0xbc,0xac,0xbc,0xcc,0xbc,0xcc,0xbc,0xcc,0xbc,
    0xcc,0xbc,0xcc,0xbc,0xcc,0xbc,0xcc,0xbc,0xcc,0xbc,0xcc,0xbc,0xcc,0xbc,0xcc,0xbc,
    0xcc,0xbc,0xcc,0xbc,0xcc,0xbc,0xcc,0xbc,0xcc,0xbc,0xcc,0xbc,0xcc,0xbc,0xcc,0xbc,
    0xcc,0xbc,0xcc,0xbc,0xcc,0xbc,0xcc,0xbc,0xac,0xbc,0xac,0xbc,0x8b,0xbc,0xac,0xbc,
    0xac,0xbc,0xac,0xbc,0xac,0xbc,0x8b,0xbc,0x8b,0xbc,0x8b,0xbc,0x8b,0xbc,0x8b,0xb4,
    0x8b,0xbc,0xab,0xbc,0x8b,0xbc,0x8b,0xb4,0x8b,0xb4,0x8b,0xb4,0x8b,0xbc,0x8b,0xbc,
    0x8b,0xb4,0x8b,0xb4,0x8b,0xb4,0x8b,0xb4,0x6a,0xb4,0x4a,0xb4,0x49,0xb4,0x49,0xb4,
    0x6a,0xb4,0x4b,0xac,0xc6,0x72,0x01,0x39,0xa1,0x28,0x20,0x18,0x00,0x10,0x00,0x10,
    0x00,0x10,0x21,0x18,0x41,0x18,0x21,0x10,0x21,0x18,0x21,0x18,0x21,0x10,0x21,0x18,
    0x21,0x18,0x20,0x18,0x41,0x20,0x41,0x28,0x61,0x28,0x81,0x30,0xa1,0x30,0xa1,0x38,
    0xc2,0x40,0x02,0x49,0x22,0x49,0x43,0x51,0x43,0x59,0x63,0x59,0x63,0x59,0x63,0x59,
    0x63,0x61,0x83,0x61,0xa4,0x69,0xc4,0x71,0xc3,0x69,0xe3,0x69,0xe3,0x69,0xe3,0x71,
    0xe3,0x71,0x03,0x72,0x03,0x7a,0x23,0x7a,0x63,0x7a,0x63,0x7a,0x63,0x7a,0x64,0x82,
    0x84,0x82,0x84,0x82,0xa4,0x8a,0xa4,0x8a,0xa4,0x8a,0xc5,0x8a,0xc5,0x92,0xe5,0x92,
    0xe5,0x92,0xe6,0x92,0xe6,0x92,0xe5,0x92,0xe5,0x92,0xe5,0x92,0xe5,0x92,0xc5,0x92,
    0xc5,0x92,0xc5,0x92,0xa4,0x8a,0xc4,0x8a,0x26,0x9b,0xa8,0xab,0xc9,0xb3,0xa8,0xab,
    0xa8,0xab,0xa9,0xb3,0x88,0xab,0x88,0xab,0x47,0xa3,0xe6,0x92,0xa5,0x8a,0xa5,0x8a,
    0xc5,0x8a,0xc5,0x92,0xa5,0x92,0xa5,0x92,0xa5,0x92,0xa5,0x92,0xa4,0x92,0xa5,0x92,
    0xc5,0x92,0xc5,0x92,0xc5,0x92,0xc5,0x92,0x84,0x8a,0xa4,0x8a,0xa5,0x92,0xa5,0x92,
    0xa5,0x92,0xc5,0x92,0xc5,0x92,0xc5,0x92,0xc5,0x92,0xc5,0x92,0xc5,0x92,0xc5,0x92,
    0xc5,0x92,0xa5,0x8a,0xa5,0x8a,0xe6,0x9a,0x48,0xa3,0x89,0xb3,0x68,0xab,0x68,0xab,
    0x48,0xab,0x28,0xab,0x08,0xab,0xc7,0xa2,0xe7,0xa2,0x4c,0xc4,0xb0,0xe5,0x11,0xe6,
    0x10,0xe6,0x30,0xde,0x30,0xe6,0x51,0xe6,0x51,0xe6,0x51,0xe6,0x51,0xe6,0x31,0xe6,
    0x51,0xe6,0x51,0xe6,0x51,0xe6,0x51,0xe6,0x51,0xe6,0x51,0xe6,0x51,0xe6,0x51,0xe6,
    0x51,0xe6,0x71,0xee,0x71,0xee,0x71,0xee,0x51,0xee,0x51,0xee,0x51,0xee,0x71,0xe6,
    0x71,0xe6,0x51,0xe6,0x51,0xe6,0x50,0xe6,0x50,0xe6,0x50,0xe6,0x50,0xe6,0x51,0xe6,
    0x51,0xe6,0x51,0xe6,0x51,0xe6,0x51,0xe6,0x51,0xe6,0x71,0xe6,0x71,0xe6,0x71,0xe6,
    0x51,0xee,0x51,0xee,0x51,0xee,0x51,0xee,0x31,0xe6,0x31,0xe6,0x30,0xe6,0x30,0xe6,
    0x30,0xe6,0x30,0xe6,0x31,0xe6,0x31,0xe6,0x31,0xe6,0x31,0xe6,0x31,0xe6,0x31,0xe6,
    0x31,0xe6,0x31,0xe6,0x31,0xe6,0x31,0xee,0x31,0xee,0x11,0xe6,0xaf,0xdd,0x2d,0xcd,
    0x8b,0xbc,0xa8,0xa3,0x66,0x9b,0x05,0x93,0xe5,0x92,0xe5,0x92,0xe6,0x92,0xe5,0x92,
    0xc5,0x92,0xe5,0x92,0xe5,0x92,0xe5,0x92,0xe5,0x92,0xe5,0x92,0xe5,0x92,0xc5,0x8a,
    0xc5,0x8a,0xc5,0x8a,0xc5,0x8a,0xc5,0x8a,0xc5,0x8a,0xc5,0x8a,0xc5,0x8a,0xc5,0x8a,
    0xc5,0x92,0xc5,0x92,0xc5,0x92,0xc5,0x92,0xe5,0x92,0xe5,0x92,0xe5,0x92,0xe5,0x92,
    0xe5,0x92,0xe5,0x92,0xe5,0x92,0xe5,0x92,0xe5,0x92,0xe5,0x92,0xe5,0x92,0xe5,0x8a,
    0xe5,0x8a,0xe5,0x8a,0xe5,0x92,0xe5,0x92,0xe5,0x92,0xc5,0x92,0xc5,0x92,0xc5,0x8a,
    0xe5,0x92,0xe5,0x92,0xc5,0x92,0xc5,0x92,0xc5,0x92,0xc5,0x92,0xc5,0x92,0xc5,0x92,
    0xc5,0x92,0xc5,0x92,0xc5,0x8a,0xc5,0x8a,0xc5,0x92,0xc5,0x92,0xe5,0x92,0xe5,0x92,
    0xe5,0x92,0xe5,0x92,0xe5,0x92,0xe5,0x8a,0xe5,0x8a,0xe5,0x8a,0xe5,0x8a,0xe5,0x8a,
    0xe5,0x8a,0xe5,0x8a,0xe5,0x92,0xe5,0x92,0xe5,0x92,0xe5,0x92,0xe5,0x92,0xe5,0x92,
    0xc5,0x8a,0x46,0x93,0xcc,0xbc,0xcc,0xbc,0xcc,0xbc,0xcc,0xbc,0xcc,0xbc,0xcc,0xbc,
    0xcc,0xbc,0xcc,0xbc,0xcc,0xbc,0xcc,0xbc,0xcc,0xbc,0xcc,0xbc,0xcc,0xbc,0xcc,0xbc,
    0xcc,0xbc,0xcc,0xbc,0xcc,0xbc,0xcc,0xbc,0xcc,0xbc,0xcc,0xbc,0xcc,0xbc,0xcc,0xbc,
    0xcc,0xbc,0xcc,0xbc,0xcc,0xbc,0xcc,0xbc,0xac,0xbc,0x8b,0xbc,0x8b,0xb4,0x8c,0xbc,
    0x8c,0xbc,0x8c,0xbc,0x8c,0xbc,0x8b,0xbc,0x8b,0xbc,0x8c,0xbc,0x8b,0xbc,0x8b,0xbc,
    0xab,0xbc,0xab,0xbc,0xab,0xbc,0x8b,0xbc,0x8b,0xb4,0x8b,0xb4,0x8b,0xb4,0x8b,0xbc,
    0x8b,0xbc,0x8b,0xbc,0x8b,0xbc,0x8b,0xb4,0x6a,0xb4,0x4a,0xb4,0x49,0xb4,0x6a,0xb4,
    0x6b,0xac,0x4c,0xac,0xa6,0x6a,0x40,0x20,0x20,0x10,0x20,0x10,0x20,0x10,0x20,0x10,
    0x21,0x10,0x21,0x18,0x21,0x18,0x21,0x18,0x00,0x18,0x00,0x20,0x41,0x20,0x20,0x20,
    0x61,0x28,0x61,0x28,0x81,0x30,0xa1,0x30,0xc2,0x38,0xe2,0x40,0x02,0x41,0x22,0x49,
    0x42,0x51,0xa3,0x61,0xa3,0x61,0xc3,0x61,0xc3,0x69,0xa3,0x69,0xc3,0x71,0xc3,0x71,
    0xc3,0x71,0xc3,0x71,0xc3,0x71,0xc3,0x71,0xe2,0x71,0xe2,0x71,0xe2,0x71,0x02,0x72,
    0x03,0x7a,0x23,0x7a,0x23,0x7a,0x43,0x7a,0x63,0x82,0x63,0x82,0x83,0x82,0x83,0x82,
    0x84,0x82,0x84,0x82,0xa4,0x8a,0xa4,0x8a,0xa4,0x8a,0xc5,0x92,0xe5,0x92,0x05,0x93,
    0x05,0x93,0xe5,0x92,0xe5,0x92,0xe5,0x9a,0xe5,0x9a,0xe5,0x9a,0xe5,0x92,0xc5,0x92,
    0xc5,0x92,0xc5,0x92,0xc5,0x92,0xc5,0x92,0x26,0x9b,0x88,0xab,0x88,0xab,0x47,0xa3,
    0x47,0xab,0x68,0xab,0x89,0xb3,0xc9,0xb3,0xca,0xb3,0x88,0xab,0x27,0x9b,0xe5,0x92,
    0xc5,0x8a,0xc5,0x8a,0xa5,0x92,0xa5,0x92,0xa5,0x92,0xa5,0x92,0xa5,0x92,0xa4,0x92,
    0xa4,0x92,0xa4,0x92,0xc5,0x92,0xe6,0x92,0xc5,0x92,0xa5,0x92,0xa5,0x92,0xc5,0x92,
    0xc5,0x92,0xc5,0x92,0xe5,0x92,0xe5,0x92,0xe5,0x92,0xc5,0x8a,0xc5,0x8a,0xc5,0x8a,
    0xc5,0x8a,0xa5,0x92,0xe6,0x9a,0x28,0xa3,0x68,0xab,0x48,0xab,0x28,0xab,0x28,0xab,
    0x08,0xab,0x08,0xab,0xe7,0xaa,0xc7,0xaa,0xa6,0x9a,0x0b,0xbc,0xb0,0xe5,0x10,0xde,
    0x30,0xe6,0x30,0xde,0x30,0xe6,0x31,0xe6,0x31,0xe6,0x31,0xe6,0x31,0xe6,0x31,0xe6,
    0x51,0xe6,0x51,0xe6,0x51,0xe6,0x51,0xe6,0x51,0xe6,0x51,0xe6,0x51,0xe6,0x51,0xe6,
    0x71,0xe6,0x51,0xee,0x51,0xee,0x51,0xee,0x51,0xe6,0x51,0xee,0x31,0xee,0x51,0xe6,
    0x51,0xe6,0x51,0xe6,0x51,0xe6,0x51,0xe6,0x51,0xe6,0x51,0xe6,0x51,0xe6,0x51,0xe6,
    0x51,0xe6,0x51,0xe6,0x51,0xe6,0x51,0xe6,0x51,0xe6,0x71,0xe6,0x51,0xe6,0x51,0xe6,
    0x51,0xe6,0x51,0xe6,0x51,0xee,0x51,0xe6,0x51,0xe6,0x31,0xe6,0x10,0xe6,0x10,0xe6,
    0x10,0xe6,0x10,0xe6,0x10,0xe6,0x30,0xe6,0x30,0xe6,0x10,0xe6,0x10,0xe6,0x11,0xe6,
    0x31,0xe6,0x31,0xe6,0x31,0xe6,0x31,0xe6,0x31,0xe6,0x31,0xe6,0x31,0xe6,0x31,0xe6,
    0xaf,0xd5,0x0c,0xc5,0x6a,0xbc,0xa7,0xa3,0x05,0x93,0xc5,0x92,0xe5,0x92,0xe5,0x92,
    0xc5,0x8a,0xe5,0x92,0xe5,0x92,0xe5,0x92,0xe5,0x92,0xe5,0x92,0xc5,0x8a,0xc5,0x8a,
    0xc5,0x8a,0xc5,0x8a,0xc5,0x8a,0xe5,0x92,0xc5,0x8a,0xc5,0x8a,0xc5,0x8a,0xc5,0x8a,
    0xc5,0x8a,0xc5,0x92,0xc5,0x92,0xc5,0x92,0xc5,0x8a,0xc5,0x8a,0xe6,0x92,0xe6,0x92,
    0xc5,0x92,0xc5,0x92,0xc5,0x92,0xe5,0x92,0xe5,0x92,0xe5,0x92,0xe5,0x92,0xe5,0x92,
    0xe5,0x8a,0xe5,0x92,0xe5,0x92,0xe5,0x92,0xc5,0x92,0xc5,0x92,0xc5,0x8a,0xc5,0x8a,
    0xc5,0x92,0xe5,0x92,0xe5,0x92,0xe5,0x92,0xc5,0x92,0xc5,0x92,0xc5,0x8a,0xc5,0x8a,
    0xc5,0x8a,0xc5,0x8a,0xc5,0x8a,0xc5,0x8a,0xc5,0x8a,0xe5,0x92,0xe5,0x92,0xe5,0x92,
    0xe5,0x92,0xe5,0x92,0xe5,0x8a,0xe5,0x8a,0xe5,0x8a,0xe5,0x8a,0xe5,0x8a,0xe5,0x8a,
    0xe5,0x8a,0xe5,0x92,0xe5,0x92,0xe5,0x92,0xe5,0x92,0xe5,0x92,0xe5,0x92,0xe5,0x92,
    0xe5,0x92,0x46,0x93,0xac,0xbc,0xcc,0xbc,0xcc,0xbc,0xac,0xbc,0xcc,0xbc,0xcc,0xbc,
    0xcc,0xbc,0xcc,0xbc,0xcc,0xbc,0xcc,0xbc,0xcc,0xbc,0xcc,0xbc,0xcc,0xbc,0xcc,0xbc,
    0xcc,0xbc,0xcc,0xbc,0xcc,0xbc,0xcc,0xbc,0xcc,0xbc,0xcc,0xbc,0xcc,0xbc,0xcc,0xbc,
    0xcc,0xbc,0xcc,0xbc,0xcc,0xbc,0xcc,0xbc,0xac,0xbc,0x8b,0xbc,0x8b,0xb4,0x8c,0xbc,
    0x8c,0xbc,0x8c,0xbc,0x8c,0xbc,0x8b,0xbc,0x8b,0xbc,0x8c,0xbc,0x8b,0xbc,0x8b,0xbc,
    0xab,0xbc,0xab,0xbc,0xab,0xbc,0xab,0xbc,0xab,0xbc,0x8b,0xbc,0x8b,0xbc,0xab,0xbc,
    0xab,0xbc,0xab,0xbc,0x8b,0xbc,0x8b,0xb4,0x6a,0xb4,0x4a,0xb4,0x49,0xb4,0x6a,0xb4,
    0x6b,0xac,0x6c,0xac,0xa7,0x72,0x40,0x20,0x20,0x18,0x40,0x18,0x20,0x10,0x40,0x18,
    0x20,0x18,0x20,0x18,0x20,0x20,0x41,0x20,0x41,0x20,0x40,0x28,0x81,0x30,0x81,0x30,
    0xc1,0x38,0xc1,0x38,0x02,0x41,0x43,0x49,0x63,0x51,0x83,0x59,0x83,0x59,0xa3,0x61,
    0xc3,0x61,0xe3,0x69,0xe3,0x71,0x03,0x72,0x03,0x72,0x04,0x7a,0x04,0x7a,0x24,0x7a,
    0x24,0x7a,0x24,0x7a,0x04,0x7a,0x03,0x72,0x23,0x7a,0x43,0x7a,0x43,0x7a,0x43,0x7a,
    0x43,0x7a,0x63,0x82,0x84,0x82,0x84,0x82,0x84,0x82,0x84,0x82,0xa4,0x8a,0x84,0x82,
    0x83,0x82,0x84,0x82,0xa4,0x8a,0xc4,0x8a,0xc5,0x92,0xe5,0x92,0xe5,0x92,0x05,0x93,
    0x05,0x93,0xe5,0x92,0xe5,0x92,0xe5,0x92,0xe5,0x92,0xe5,0x92,0xe5,0x92,0xe5,0x92,
    0xe5,0x92,0xc5,0x92,0xc5,0x92,0xe5,0x92,0x06,0x9b,0x47,0xa3,0x47,0xa3,0x27,0xa3,
    0x27,0xa3,0x48,0xab,0x68,0xab,0x89,0xb3,0xca,0xb3,0xea,0xb3,0xc9,0xb3,0x88,0xab,
    0x27,0x9b,0xc5,0x92,0xc5,0x92,0xc5,0x92,0xc5,0x92,0xc5,0x92,0xe5,0x92,0xc5,0x92,
    0xa4,0x8a,0xa4,0x8a,0xa5,0x8a,0xa5,0x8a,0xc5,0x8a,0xc5,0x92,0xc5,0x92,0xc5,0x92,
    0xe5,0x92,0xe5,0x92,0xe5,0x92,0xe5,0x92,0xe5,0x92,0xc5,0x8a,0xc5,0x8a,0xc5,0x8a,
    0xc5,0x8a,0x07,0x9b,0x68,0xab,0x89,0xab,0x68,0xab,0x28,0xab,0x28,0xab,0x07,0xab,
    0x08,0xab,0xe7,0xaa,0xa7,0xa2,0x86,0xa2,0x45,0x92,0xea,0xbb,0x90,0xe5,0xf0,0xdd,
    0x30,0xde,0x30,0xe6,0x30,0xe6,0x31,0xe6,0x51,0xe6,0x51,0xe6,0x51,0xe6,0x51,0xe6,
    0x51,0xe6,0x51,0xe6,0x51,0xe6,0x51,0xe6,0x51,0xe6,0x51,0xe6,0x51,0xe6,0x51,0xe6,
    0x71,0xe6,0x51,0xee,0x51,0xee,0x51,0xee,0x51,0xe6,0x51,0xee,0x51,0xee,0x51,0xe6,
    0x51,0xe6,0x51,0xe6,0x51,0xe6,0x31,0xe6,0x31,0xe6,0x31,0xe6,0x31,0xe6,0x51,0xe6,
    0x51,0xe6,0x51,0xe6,0x51,0xe6,0x51,0xe6,0x51,0xe6,0x51,0xe6,0x51,0xe6,0x51,0xe6,
    0x51,0xe6,0x51,0xe6,0x51,0xe6,0x51,0xe6,0x31,0xe6,0x31,0xe6,0x10,0xe6,0x10,0xe6,
    0x10,0xe6,0x10,0xe6,0x10,0xe6,0x10,0xe6,0x10,0xe6,0x10,0xe6,0x10,0xe6,0x10,0xe6,
    0x11,0xe6,0x11,0xe6,0x31,0xe6,0x31,0xe6,0x31,0xe6,0x31,0xe6,0x31,0xe6,0x51,0xe6,
    0x11,0xe6,0xf0,0xe5,0x6e,0xd5,0x8b,0xbc,0x66,0x9b,0xe5,0x92,0xe5,0x92,0xe5,0x92,
    0xe5,0x92,0xe5,0x92,0xe5,0x92,0xe5,0x8a,0xe5,0x92,0xe5,0x92,0xc5,0x8a,0xc5,0x8a,
    0xc5,0x8a,0xc5,0x8a,0xc5,0x8a,0xe5,0x92,0xc5,0x8a,0xc5,0x8a,0xc5,0x8a,0xc5,0x8a,
    0xc5,0x8a,0xc5,0x92,0xc5,0x92,0xc5,0x92,0xc5,0x8a,0xc5,0x8a,0xc5,0x8a,0xc5,0x92,
    0xc5,0x8a,0xc5,0x8a,0xc5,0x8a,0xc5,0x8a,0xe5,0x92,0xe5,0x92,0xe5,0x92,0xe5,0x92,
    0xe5,0x8a,0xe5,0x92,0xe5,0x92,0xe5,0x92,0xc5,0x92,0xc5,0x92,0xc5,0x8a,0xc5,0x8a,
    0xc5,0x92,0xe5,0x92,0xe5,0x92,0xe5,0x92,0xe5,0x92,0xc5,0x92,0xc5,0x92,0xc5,0x92,
    0xc5,0x92,0xc5,0x92,0xc5,0x8a,0xc5,0x8a,0xc5,0x8a,0xe5,0x92,0xe5,0x92,0xe5,0x92,
    0xe5,0x92,0xe5,0x92,0xe5,0x8a,0xe5,0x8a,0xe5,0x92,0xe5,0x92,0x05,0x93,0x05,0x93,
    0x05,0x93,0x05,0x93,0xe5,0x92,0xe5,0x92,0xe5,0x92,0xe5,0x92,0xe5,0x92,0xe5,0x92,
    0xe5,0x92,0x46,0x93,0xac,0xbc,0xcc,0xbc,0xcc,0xbc,0xac,0xbc,0xcc,0xbc,0xcc,0xbc,
    0xcc,0xbc,0xcc,0xbc,0xcc,0xbc,0xcc,0xbc,0xcc,0xbc,0xcc,0xbc,0xcc,0xbc,0xcc,0xbc,
    0xcc,0xbc,0xcc,0xbc,0xcc,0xbc,0xcc,0xbc,0xcc,0xbc,0xcc,0xbc,0xcc,0xbc,0xcc,0xbc,
    0xcc,0xbc,0xcc,0xbc,0xcc,0xbc,0xcc,0xbc,0xac,0xbc,0x8b,0xbc,0x8b,0xb4,0x8b,0xbc,
    0x8b,0xbc,0x8b,0xbc,0x8b,0xbc,0x8b,0xbc,0x8b,0xbc,0x8c,0xbc,0x8b,0xbc,0x8b,0xbc,
    0xab,0xbc,0xab,0xbc,0xab,0xbc,0xac,0xbc,0xab,0xbc,0xab,0xbc,0xab,0xbc,0xab,0xbc,
    0xab,0xbc,0xab,0xbc,0x8b,0xbc,0x8b,0xb4,0x6a,0xb4,0x4a,0xb4,0x4a,0xb4,0x6b,0xb4,
    0x8b,0xb4,0x6c,0xac,0xa7,0x72,0x60,0x20,0x20,0x18,0x20,0x18,0x40,0x18,0x40,0x18,
    0x40,0x20,0x40,0x20,0x61,0x28,0x81,0x30,0xa1,0x30,0xa0,0x38,0xe1,0x40,0x01,0x41,
    0x42,0x49,0x62,0x51,0x82,0x59,0xa3,0x59,0xc3,0x61,0xc3,0x69,0xe4,0x69,0x04,0x72,
    0x04,0x72,0xe3,0x71,0x03,0x7a,0x23,0x7a,0x23,0x7a,0x23,0x7a,0x43,0x7a,0x43,0x7a,
    0x64,0x82,0x64,0x82,0x64,0x82,0x64,0x82,0x63,0x82,0x83,0x82,0x83,0x82,0x83,0x82,
    0x83,0x82,0xa3,0x8a,0xa4,0x8a,0xc4,0x8a,0xa4,0x8a,0xa4,0x8a,0xc4,0x8a,0xa4,0x8a,
    0xa4,0x8a,0xc4,0x8a,0xc4,0x8a,0xe5,0x92,0xe5,0x92,0xe5,0x92,0xe5,0x92,0x05,0x93,
    0x05,0x93,0xe5,0x92,0xe5,0x92,0xc5,0x92,0xc5,0x92,0xc5,0x92,0xc5,0x92,0xe5,0x92,
    0xe5,0x92,0xe5,0x92,0xe5,0x92,0xe5,0x92,0x06,0x9b,0x06,0x9b,0x06,0x9b,0x06,0x9b,
    0xe6,0x9a,0x27,0xa3,0x27,0xa3,0x28,0xa3,0x68,0xab,0xa9,0xb3,0xea,0xb3,0xea,0xb3,
    0xa9,0xab,0x47,0xa3,0xe6,0x9a,0x06,0x9b,0x06,0x93,0x06,0x93,0xe5,0x92,0xe5,0x92,
    0xe5,0x92,0xe5,0x92,0xe5,0x92,0xe5,0x8a,0x06,0x93,0x47,0x9b,0x67,0xa3,0x67,0xa3,
    0x87,0xa3,0x47,0x9b,0x26,0x93,0x26,0x93,0x26,0x93,0x47,0x9b,0x47,0x9b,0x47,0x9b,
    0x67,0xa3,0xa9,0xab,0x89,0xab,0x68,0xab,0x48,0xab,0x28,0xab,0x07,0xab,0xe7,0xaa,
    0xe7,0xaa,0xe7,0xaa,0x86,0xa2,0x45,0x9a,0x24,0x92,0xea,0xbb,0xb0,0xe5,0xf0,0xdd,
    0x10,0xde,0x30,0xde,0x30,0xe6,0x31,0xe6,0x51,0xe6,0x51,0xe6,0x51,0xe6,0x51,0xe6,
    0x51,0xe6,0x51,0xe6,0x51,0xe6,0x51,0xe6,0x51,0xe6,0x51,0xe6,0x51,0xe6,0x51,0xe6,
    0x71,0xe6,0x51,0xee,0x51,0xee,0x51,0xee,0x51,0xe6,0x51,0xee,0x51,0xee,0x31,0xe6,
    0x31,0xe6,0x31,0xe6,0x31,0xe6,0x31,0xe6,0x31,0xe6,0x31,0xe6,0x31,0xe6,0x51,0xe6,
    0x51,0xe6,0x51,0xe6,0x51,0xe6,0x51,0xe6,0x51,0xe6,0x51,0xe6,0x51,0xe6,0x31,0xe6,
    0x31,0xe6,0x31,0xe6,0x51,0xe6,0x31,0xe6,0x31,0xe6,0x31,0xe6,0x10,0xe6,0x10,0xe6,
    0x10,0xe6,0x10,0xe6,0x10,0xe6,0x10,0xe6,0x10,0xe6,0x10,0xe6,0xf0,0xdd,0xf0,0xdd,
    0x10,0xe6,0x10,0xe6,0x31,0xe6,0x31,0xe6,0x31,0xe6,0x31,0xe6,0x31,0xe6,0x31,0xe6,
    0x31,0xee,0xf0,0xe5,0xd0,0xe5,0x6e,0xd5,0x4a,0xb4,0x67,0x9b,0x26,0x93,0xe5,0x92,
    0xe5,0x92,0xc5,0x8a,0xc5,0x8a,0xc5,0x8a,0xc5,0x8a,0xe5,0x92,0xc5,0x8a,0xc5,0x8a,
    0xc5,0x8a,0xc5,0x8a,0xc5,0x8a,0xe5,0x92,0xc5,0x8a,0xc5,0x8a,0xc5,0x8a,0xc5,0x8a,
    0xc5,0x8a,0xc5,0x92,0xc5,0x92,0xc5,0x92,0xc5,0x8a,0xc5,0x8a,0xc5,0x8a,0xc5,0x8a,
    0xc5,0x8a,0xc5,0x8a,0xc5,0x8a,0xc5,0x8a,0xc5,0x8a,0xc5,0x8a,0xc5,0x8a,0xc5,0x8a,
    0xe5,0x92,0xe5,0x92,0xe5,0x92,0xe5,0x92,0xc5,0x92,0xc5,0x92,0xc5,0x8a,0xc5,0x8a,
    0xc5,0x92,0xe5,0x92,0xe5,0x92,0xe5,0x92,0xe5,0x92,0xe5,0x92,0xc5,0x92,0xc5,0x92,
    0xc5,0x92,0xc5,0x92,0xc5,0x92,0xc5,0x8a,0xc5,0x92,0xe5,0x92,0xe5,0x92,0xe5,0x92,
    0xe5,0x92,0xe5,0x92,0xe5,0x92,0xe5,0x92,0xe5,0x92,0xe5,0x92,0x05,0x93,0x05,0x93,
    0x05,0x93,0x05,0x93,0xe5,0x92,0x05,0x93,0x05,0x93,0xe5,0x92,0xe5,0x92,0xe5,0x92,
    0xe5,0x92,0x46,0x93,0xac,0xbc,0xcc,0xbc,0xcc,0xbc,0xac,0xbc,0xcc,0xbc,0xcc,0xbc,
    0xcc,0xbc,0xcc,0xbc,0xcc,0xbc,0xcc,0xbc,0xcc,0xbc,0xcc,0xbc,0xcc,0xbc,0xcc,0xbc,
    0xcc,0xbc,0xcc,0xbc,0xcc,0xbc,0xcc,0xbc,0xcc,0xbc,0xcc,0xbc,0xcc,0xbc,0xcc,0xbc,
    0xcc,0xbc,0xcc,0xbc,0xcc,0xbc,0xcc,0xbc,0xac,0xbc,0x8b,0xbc,0x8b,0xb4,0x8b,0xbc,
    0x8b,0xbc,0x8c,0xbc,0x8c,0xbc,0x8b,0xbc,0x8b,0xbc,0x8b,0xbc,0x8b,0xbc,0xab,0xbc,
    0xab,0xbc,0xab,0xbc,0xac,0xbc,0xac,0xbc,0xac,0xbc,0xab,0xbc,0xab,0xbc,0xac,0xbc,
    0xcc,0xbc,0xcc,0xbc,0xab,0xbc,0x8b,0xb4,0x6a,0xb4,0x4a,0xb4,0x6a,0xb4,0x6b,0xb4,
    0x6b,0xac,0x2b,0xa4,0x66,0x6a,0x60,0x20,0x20,0x20,0x40,0x20,0x40,0x20,0x40,0x20,
    0x40,0x28,0x80,0x28,0xa1,0x30,0xc1,0x38,0x02,0x41,0x42,0x51,0x62,0x59,0x82,0x59,
    0xc2,0x61,0xc3,0x61,0xe2,0x69,0xe2,0x69,0xe3,0x69,0x03,0x72,0x03,0x72,0x23,0x7a,
    0x23,0x7a,0x43,0x82,0x43,0x82,0x43,0x82,0x43,0x82,0x63,0x82,0x63,0x82,0x84,0x8a,
    0x83,0x82,0x83,0x82,0x84,0x8a,0x84,0x8a,0xa3,0x8a,0xc3,0x8a,0xc4,0x8a,0xc4,0x92,
    0xc4,0x92,0xc4,0x92,0xc4,0x92,0xc4,0x92,0xc4,0x92,0xc4,0x92,0xc4,0x92,0xc5,0x92,
    0xe5,0x92,0xe5,0x92,0xe5,0x92,0x05,0x93,0x05,0x93,0x05,0x93,0x05,0x93,0x05,0x93,
    0x05,0x93,0x05,0x93,0x05,0x93,0xe5,0x92,0xc5,0x92,0xc5,0x92,0xc5,0x92,0xe5,0x92,
    0xe5,0x92,0xc5,0x92,0xe5,0x92,0x05,0x9b,0xe5,0x92,0x06,0x9b,0xe6,0x9a,0xc5,0x92,
    0xc6,0x9a,0x06,0x9b,0x27,0xa3,0x28,0xa3,0x48,0xab,0x68,0xab,0x89,0xb3,0xa9,0xb3,
    0xca,0xb3,0xa9,0xb3,0x89,0xa3,0x68,0xa3,0x68,0xa3,0x88,0xa3,0x47,0x9b,0x47,0x9b,
    0x88,0xa3,0x09,0xac,0x4a,0xb4,0x6b,0xbc,0xac,0xc4,0xed,0xcc,0xed,0xcc,0xed,0xcc,
    0x0d,0xcd,0xcd,0xc4,0xcc,0xc4,0xcc,0xc4,0xac,0xc4,0xcd,0xc4,0xac,0xc4,0xac,0xc4,
    0x6c,0xc4,0xeb,0xbb,0x69,0xab,0x07,0xa3,0x08,0xa3,0x08,0xa3,0x08,0xab,0xe8,0xaa,
    0xe7,0xaa,0xa7,0xa2,0x66,0x9a,0x45,0x9a,0x25,0x92,0xea,0xbb,0xd1,0xe5,0x10,0xe6,
    0x30,0xe6,0x50,0xe6,0x51,0xe6,0x31,0xe6,0x51,0xe6,0x51,0xe6,0x51,0xe6,0x51,0xe6,
    0x51,0xe6,0x51,0xe6,0x51,0xe6,0x51,0xe6,0x51,0xe6,0x51,0xe6,0x51,0xe6,0x51,0xe6,
    0x51,0xe6,0x51,0xee,0x51,0xee,0x51,0xee,0x51,0xee,0x51,0xee,0x51,0xee,0x31,0xe6,
    0x31,0xe6,0x31,0xe6,0x31,0xe6,0x31,0xe6,0x31,0xe6,0x30,0xe6,0x30,0xe6,0x31,0xe6,
    0x30,0xe6,0x30,0xe6,0x30,0xe6,0x30,0xe6,0x31,0xe6,0x51,0xe6,0x51,0xe6,0x51,0xe6,
    0x51,0xe6,0x51,0xe6,0x51,0xe6,0x31,0xe6,0x31,0xe6,0x31,0xe6,0x10,0xe6,0x10,0xe6,
    0x10,0xe6,0x10,0xe6,0x10,0xe6,0x10,0xe6,0x10,0xde,0x10,0xde,0xf0,0xdd,0xf0,0xdd,
    0xf0,0xdd,0x10,0xe6,0x11,0xe6,0x11,0xe6,0x31,0xe6,0x31,0xe6,0x11,0xe6,0x10,0xe6,
    0x10,0xe6,0xf0,0xe5,0xf0,0xe5,0x10,0xe6,0x0d,0xcd,0x09,0xac,0x67,0x9b,0x05,0x8b,
    0xe5,0x8a,0xe5,0x8a,0xc4,0x8a,0xc5,0x8a,0xe5,0x92,0xc5,0x8a,0xc5,0x8a,0xc5,0x8a,
    0xc5,0x8a,0xc5,0x8a,0xe5,0x92,0xe5,0x92,0xe5,0x92,0xc5,0x8a,0xc5,0x8a,0xc5,0x8a,
    0xc5,0x92,0xc5,0x8a,0xc5,0x8a,0xc5,0x8a,0xc5,0x8a,0xc5,0x8a,0xc5,0x8a,0xc5,0x8a,
    0xc5,0x8a,0xc5,0x8a,0xc5,0x8a,0xc5,0x8a,0xc5,0x8a,0xc5,0x8a,0xc5,0x8a,0xc5,0x8a,
    0xe5,0x92,0xe5,0x92,0xe5,0x92,0xe5,0x92,0xe5,0x92,0xc5,0x8a,0xc4,0x8a,0xc5,0x8a,
    0xc5,0x92,0xe5,0x92,0xe5,0x92,0xe5,0x92,0xe5,0x92,0xe5,0x92,0xc5,0x92,0xc5,0x92,
    0xc5,0x92,0xc5,0x92,0xc5,0x92,0xc5,0x92,0xc5,0x92,0xc5,0x92,0xc5,0x92,0xc5,0x92,
    0xc5,0x92,0xe5,0x92,0xe5,0x92,0xe5,0x92,0xc5,0x8a,0xe5,0x92,0xe5,0x92,0xe5,0x92,
    0xe5,0x92,0xe5,0x92,0xe5,0x92,0xe5,0x92,0xe5,0x92,0xe5,0x92,0xe5,0x92,0xe5,0x92,
    0xc5,0x8a,0x46,0x93,0xcc,0xbc,0xcc,0xbc,0xcc,0xbc,0xcc,0xbc,0xcc,0xbc,0xcc,0xbc,
    0xcc,0xbc,0xcc,0xbc,0xcc,0xbc,0xcc,0xbc,0xcc,0xbc,0xcc,0xbc,0xcc,0xbc,0xcc,0xbc,
    0xcc,0xbc,0xcc,0xbc,0xcc,0xbc,0xcc,0xbc,0xcc,0xbc,0xcc,0xbc,0xcc,0xbc,0xcc,0xbc,
    0xcc,0xbc,0xcc,0xbc,0xcc,0xbc,0xcc,0xbc,0xac,0xbc,0x8b,0xbc,0x8b,0xb4,0x8b,0xbc,
    0x8b,0xbc,0x8c,0xbc,0x8c,0xbc,0x8b,0xbc,0x8b,0xbc,0x8b,0xbc,0x8b,0xbc,0xab,0xbc,
    0xab,0xbc,0xac,0xbc,0xac,0xbc,0xab,0xbc,0xac,0xbc,0xac,0xbc,0xcc,0xbc,0xcc,0xc4,
    0xcc,0xc4,0xec,0xc4,0xac,0xbc,0xab,0xbc,0x8b,0xb4,0x6b,0xb4,0x6b,0xb4,0x4b,0xb4,
    0x4b,0xac,0x2b,0xac,0x24,0x62,0x60,0x28,0x40,0x20,0x40,0x28,0x60,0x28,0x81,0x30,
    0xc1,0x38,0xc1,0x38,0x01,0x41,0x42,0x51,0x83,0x59,0xc3,0x61,0xc2,0x69,0xe3,0x69,
    0x03,0x72,0x23,0x72,0x23,0x7a,0x43,0x7a,0x43,0x7a,0x43,0x7a,0x43,0x7a,0x43,0x82,
    0x64,0x82,0x84,0x8a,0x84,0x8a,0x84,0x92,0x84,0x8a,0xa4,0x8a,0xc4,0x8a,0xc4,0x92,
    0xc4,0x92,0xc4,0x92,0xc4,0x92,0xc4,0x92,0xe4,0x92,0xe4,0x92,0x04,0x93,0x05,0x9b,
    0xe4,0x92,0xe4,0x92,0xe4,0x92,0xe4,0x92,0xe5,0x92,0xe5,0x92,0xe5,0x92,0xe5,0x92,
    0x05,0x9b,0x05,0x9b,0x05,0x9b,0x05,0x93,0x05,0x93,0x05,0x93,0x05,0x93,0x05,0x93,
    0x05,0x93,0x05,0x93,0x05,0x93,0xe5,0x9a,0xe5,0x9a,0xe5,0x9a,0xe5,0x9a,0xe5,0x9a,
    0xe5,0x92,0xe5,0x92,0xe5,0x92,0xe5,0x92,0xe5,0x92,0xe6,0x9a,0xe6,0x9a,0xa5,0x92,
    0xa5,0x92,0xc6,0x9a,0x07,0xa3,0x28,0xa3,0x48,0xab,0x48,0xab,0x69,0xab,0x68,0xab,
    0x69,0xab,0xca,0xb3,0x2b,0xbc,0x6c,0xc4,0xcd,0xcc,0x0e,0xd5,0x0e,0xcd,0xed,0xc4,
    0x2e,0xcd,0x8f,0xd5,0xaf,0xdd,0xaf,0xdd,0xcf,0xdd,0xd0,0xdd,0xd0,0xdd,0xf0,0xe5,
    0xf0,0xe5,0xf1,0xe5,0xf1,0xdd,0xf1,0xdd,0xd0,0xe5,0xd0,0xe5,0x6f,0xdd,0x4e,0xd5,
    0x6c,0xc4,0x89,0xab,0x28,0xa3,0xe7,0x9a,0x08,0xa3,0x08,0xab,0x08,0xab,0xc7,0xa2,
    0xa6,0x9a,0x65,0x9a,0x25,0x92,0x25,0x92,0x45,0x92,0x0b,0xc4,0xf1,0xed,0x11,0xe6,
    0x30,0xe6,0x51,0xe6,0x51,0xe6,0x31,0xe6,0x31,0xe6,0x31,0xe6,0x51,0xe6,0x51,0xe6,
    0x51,0xe6,0x51,0xe6,0x51,0xe6,0x51,0xe6,0x51,0xe6,0x51,0xe6,0x51,0xe6,0x51,0xe6,
    0x51,0xe6,0x51,0xe6,0x51,0xee,0x71,0xee,0x51,0xee,0x51,0xee,0x51,0xee,0x31,0xe6,
    0x31,0xe6,0x31,0xe6,0x31,0xe6,0x31,0xe6,0x31,0xe6,0x30,0xe6,0x30,0xe6,0x31,0xe6,
    0x30,0xe6,0x30,0xe6,0x30,0xe6,0x30,0xe6,0x30,0xe6,0x30,0xe6,0x31,0xe6,0x31,0xe6,
    0x31,0xe6,0x31,0xe6,0x51,0xe6,0x31,0xe6,0x31,0xe6,0x31,0xe6,0x10,0xe6,0x10,0xe6,
    0x10,0xe6,0x10,0xe6,0x10,0xe6,0x10,0xde,0x10,0xde,0x10,0xde,0xf0,0xdd,0xf0,0xdd,
    0xf0,0xdd,0x10,0xe6,0x10,0xe6,0x10,0xe6,0x11,0xe6,0x11,0xe6,0x10,0xe6,0x10,0xe6,
    0xf0,0xe5,0x11,0xe6,0xf0,0xe5,0xf0,0xe5,0x8f,0xd5,0xcc,0xc4,0xe9,0xa3,0x26,0x93,
    0x26,0x93,0xe5,0x92,0xc4,0x8a,0xc4,0x8a,0xc5,0x8a,0xc5,0x8a,0xc5,0x8a,0xc5,0x8a,
    0xc5,0x8a,0xc5,0x8a,0xe5,0x92,0xe5,0x92,0xe6,0x92,0xc5,0x8a,0xc5,0x8a,0xc5,0x92,
    0xc5,0x92,0xc5,0x8a,0xc5,0x8a,0xa5,0x8a,0xc5,0x8a,0xc5,0x8a,0xc5,0x8a,0xc5,0x8a,
    0xc5,0x92,0xc5,0x8a,0xc5,0x8a,0xc5,0x8a,0xc5,0x8a,0xc5,0x8a,0xe5,0x8a,0xe5,0x92,
    0xe5,0x92,0xe5,0x92,0x05,0x93,0xe5,0x92,0xe5,0x92,0xe5,0x92,0xc4,0x8a,0xe5,0x92,
    0xe5,0x92,0xe5,0x92,0xe5,0x92,0xe5,0x92,0xc5,0x92,0xc5,0x92,0xc5,0x8a,0xc5,0x92,
    0xc5,0x92,0xc5,0x92,0xc5,0x92,0xc5,0x92,0xc5,0x92,0xc5,0x92,0xc5,0x92,0xc4,0x92,
    0xc4,0x92,0xc5,0x92,0xe5,0x92,0xe5,0x92,0xc4,0x8a,0xc5,0x92,0xe5,0x92,0xe5,0x92,
    0xe5,0x92,0xe5,0x92,0xe5,0x92,0xc4,0x8a,0xc5,0x8a,0xe5,0x92,0xe5,0x92,0xe5,0x92,
    0xc4,0x8a,0x26,0x93,0xcc,0xbc,0xcc,0xbc,0xac,0xbc,0xcc,0xbc,0xcc,0xbc,0xcc,0xbc,
    0xcc,0xbc,0xcc,0xbc,0xcc,0xbc,0xcc,0xbc,0xcc,0xbc,0xcc,0xbc,0xcc,0xbc,0xcc,0xbc,
    0xcc,0xbc,0xcc,0xbc,0xcc,0xbc,0xcc,0xbc,0xcc,0xbc,0xcc,0xbc,0xcc,0xbc,0xcc,0xbc,
    0xcc,0xbc,0xcc,0xbc,0xcc,0xbc,0xcc,0xbc,0xac,0xbc,0x8b,0xbc,0x8b,0xb4,0x8b,0xbc,
    0x8b,0xbc,0x8b,0xbc,0x8b,0xbc,0x8b,0xbc,0x8b,0xbc,0x8b,0xbc,0xab,0xbc,0xab,0xbc,
    0xac,0xbc,0xcc,0xbc,0xcc,0xbc,0xcc,0xbc,0xcc,0xc4,0xec,0xc4,0x0d,0xc5,0x2d,0xcd,
    0x2d,0xcd,0x2d,0xcd,0x0d,0xc5,0xcc,0xbc,0xab,0xbc,0x6b,0xb4,0x4a,0xac,0x2a,0xac,
    0x6b,0xb4,0x6c,0xac,0x04,0x62,0x60,0x28,0x60,0x28,0xa1,0x30,0xc1,0x38,0x02,0x41,
    0x42,0x49,0x62,0x51,0x62,0x59,0x82,0x59,0xa3,0x61,0xc2,0x69,0xe2,0x71,0x03,0x72,
    0x23,0x7a,0x23,0x7a,0x22,0x7a,0x42,0x82,0x43,0x82,0x63,0x82,0x84,0x82,0x84,0x8a,
    0xa4,0x8a,0xa4,0x92,0xc5,0x92,0xc5,0x9a,0xe5,0x9a,0xe4,0x92,0x05,0x9b,0x05,0x9b,
    0x05,0x9b,0x05,0x9b,0x05,0x9b,0x25,0x9b,0x05,0x9b,0x05,0x9b,0x25,0x9b,0x25,0x9b,
    0x05,0x9b,0x05,0x9b,0x05,0x9b,0x05,0x9b,0x05,0x9b,0x05,0x9b,0x05,0x9b,0x05,0x9b,
    0x25,0x9b,0x25,0x9b,0x25,0x9b,0x25,0x9b,0x05,0x9b,0x05,0x9b,0x05,0x9b,0x05,0x93,
    0x05,0x93,0x05,0x93,0x05,0x93,0x25,0x9b,0x25,0x9b,0x25,0x9b,0x25,0x9b,0x05,0x9b,
    0xe5,0x9a,0xe5,0x92,0xe5,0x92,0xe5,0x92,0xc5,0x92,0xe5,0x92,0xe6,0x9a,0xc5,0x92,
    0xa5,0x92,0x85,0x92,0xc6,0x9a,0xe7,0xa2,0xe7,0xa2,0x07,0xa3,0x28,0xa3,0x28,0xa3,
    0x28,0xa3,0x69,0xab,0x89,0xab,0x8d,0xc4,0x50,0xdd,0x90,0xdd,0xf1,0xe5,0xd0,0xdd,
    0xd0,0xdd,0xf0,0xdd,0xf0,0xdd,0xd0,0xdd,0xcf,0xd5,0xcf,0xdd,0xf0,0xdd,0xf0,0xdd,
    0x10,0xe6,0x11,0xde,0xf1,0xdd,0xf1,0xdd,0xf0,0xdd,0xb0,0xdd,0x90,0xdd,0xed,0xcc,
    0x88,0xa3,0x07,0x9b,0xe7,0x9a,0x07,0x9b,0x08,0xa3,0x28,0xab,0xe8,0xa2,0x86,0x9a,
    0x45,0x92,0x24,0x92,0x04,0x92,0x04,0x92,0x65,0x9a,0x8d,0xcc,0xf1,0xed,0x10,0xe6,
    0x30,0xe6,0x51,0xe6,0x51,0xe6,0x31,0xe6,0x31,0xe6,0x31,0xe6,0x31,0xe6,0x51,0xe6,
    0x51,0xe6,0x51,0xe6,0x51,0xe6,0x51,0xe6,0x51,0xe6,0x51,0xe6,0x51,0xe6,0x51,0xe6,
    0x51,0xe6,0x51,0xe6,0x51,0xe6,0x51,0xee,0x51,0xee,0x51,0xee,0x51,0xee,0x31,0xe6,
    0x31,0xe6,0x31,0xe6,0x31,0xe6,0x31,0xe6,0x31,0xe6,0x30,0xe6,0x30,0xe6,0x31,0xe6,
    0x30,0xe6,0x30,0xe6,0x30,0xe6,0x30,0xe6,0x30,0xe6,0x30,0xe6,0x31,0xe6,0x31,0xe6,
    0x31,0xe6,0x31,0xe6,0x31,0xe6,0x31,0xe6,0x31,0xe6,0x10,0xe6,0x10,0xe6,0x10,0xe6,
    0x10,0xe6,0x10,0xe6,0x10,0xde,0x10,0xde,0x10,0xde,0xf0,0xdd,0xf0,0xdd,0xf0,0xdd,
    0xf0,0xdd,0xf0,0xdd,0xf0,0xdd,0x10,0xe6,0x10,0xe6,0x10,0xe6,0xf0,0xe5,0xf0,0xe5,
    0xf0,0xdd,0x10,0xe6,0xf0,0xdd,0xf0,0xdd,0xf0,0xdd,0x8f,0xd5,0x8b,0xbc,0x87,0x9b,
    0x46,0x93,0x26,0x93,0xe5,0x92,0xc5,0x92,0xe5,0x92,0xe5,0x92,0xc5,0x8a,0xa5,0x8a,
    0xa5,0x8a,0xc5,0x8a,0xc5,0x8a,0xe5,0x92,0xe5,0x92,0xc5,0x8a,0xc5,0x8a,0xc5,0x92,
    0xe6,0x92,0xc5,0x92,0xc5,0x8a,0xc5,0x8a,0xc5,0x8a,0xc5,0x8a,0xc5,0x8a,0xc5,0x8a,
    0xc5,0x92,0xc5,0x8a,0xc5,0x8a,0xc5,0x8a,0xc5,0x8a,0xc5,0x8a,0xe5,0x92,0xe5,0x92,
    0x05,0x93,0x05,0x93,0x05,0x93,0xe5,0x92,0xe5,0x92,0xe5,0x92,0x05,0x93,0xe5,0x92,
    0xe5,0x92,0xe5,0x92,0xe5,0x92,0xe5,0x92,0xc5,0x92,0xc5,0x92,0xc5,0x8a,0xc5,0x92,
    0xc5,0x92,0xc5,0x92,0xc5,0x92,0xc5,0x92,0xc5,0x92,0xc5,0x92,0xc5,0x92,0xc4,0x92,
    0xc4,0x92,0xc5,0x92,0xe5,0x92,0xc5,0x92,0xc4,0x8a,0xc5,0x8a,0xe5,0x92,0xe5,0x92,
    0xc5,0x92,0xc5,0x92,0xc5,0x8a,0xa4,0x8a,0xc4,0x8a,0xe5,0x92,0xc5,0x8a,0xc5,0x8a,
    0xc4,0x8a,0x26,0x93,0xcc,0xbc,0xcc,0xbc,0xac,0xbc,0xcc,0xbc,0xcc,0xbc,0xcc,0xbc,
    0xcc,0xbc,0xcc,0xbc,0xcc,0xbc,0xcc,0xbc,0xcc,0xbc,0xcc,0xbc,0xcc,0xbc,0xcc,0xbc,
    0xcc,0xbc,0xcc,0xbc,0xcc,0xbc,0xcc,0xbc,0xcc,0xbc,0xcc,0xbc,0xcc,0xbc,0xcc,0xbc,
    0xcc,0xbc,0xcc,0xbc,0xcc,0xbc,0xcc,0xbc,0xac,0xbc,0x8b,0xbc,0x8b,0xb4,0x8b,0xbc,
    0x8b,0xbc,0x8b,0xbc,0x8b,0xbc,0x8c,0xbc,0x8b,0xbc,0x8b,0xbc,0xac,0xbc,0xcc,0xbc,
    0xcc,0xbc,0xcc,0xbc,0xec,0xc4,0xed,0xc4,0x2d,0xcd,0x2e,0xcd,0x6f,0xd5,0x8f,0xd5,
    0x8f,0xd5,0x8f,0xdd,0x6e,0xd5,0x0d,0xc5,0x8b,0xbc,0x4a,0xac,0x4a,0xac,0x2a,0xac,
    0x0a,0xa4,0x68,0x93,0x61,0x49,0xa0,0x38,0xe2,0x40,0x23,0x49,0x43,0x49,0x63,0x51,
    0x63,0x51,0x83,0x59,0xa3,0x61,0xc3,0x69,0xe3,0x69,0xe2,0x71,0xe2,0x71,0x02,0x7a,
    0x22,0x7a,0x22,0x7a,0x22,0x82,0x42,0x82,0x42,0x82,0x83,0x82,0x83,0x82,0x84,0x82,
    0xa4,0x8a,0xa4,0x92,0xc5,0x92,0xe5,0x9a,0xe5,0x9a,0xe5,0x9a,0x05,0x9b,0x25,0x9b,
    0x26,0x9b,0x26,0x9b,0x26,0x9b,0x26,0xa3,0x26,0x9b,0x26,0xa3,0x46,0xa3,0x46,0xa3,
    0x46,0xa3,0x46,0xa3,0x46,0xa3,0x26,0xa3,0x05,0x9b,0x05,0x9b,0x05,0x9b,0x25,0x9b,
    0x26,0xa3,0x26,0xa3,0x26,0xa3,0x46,0xa3,0x46,0xa3,0x46,0xa3,0x46,0xa3,0x46,0x9b,
    0x46,0x9b,0x46,0x9b,0x46,0x9b,0x46,0xa3,0x46,0xa3,0x46,0xa3,0x26,0xa3,0x05,0x9b,
    0x05,0x9b,0xe5,0x9a,0xe5,0x92,0xc5,0x92,0xc5,0x92,0xc5,0x92,0xe6,0x9a,0xc5,0x9a,
    0x84,0x92,0x64,0x8a,0x65,0x92,0x85,0x92,0xa6,0x92,0xa6,0x9a,0xc6,0x9a,0x07,0xa3,
    0x28,0xa3,0x07,0x9b,0x07,0x93,0xa9,0xa3,0xad,0xc4,0x90,0xdd,0xd1,0xdd,0xd1,0xdd,
    0xf1,0xdd,0xd0,0xdd,0xcf,0xd5,0xcf,0xd5,0xcf,0xd5,0xcf,0xdd,0xf0,0xdd,0x10,0xde,
    0x10,0xde,0x31,0xde,0x31,0xde,0x11,0xde,0x11,0xde,0xd0,0xdd,0x2e,0xcd,0x2a,0xb4,
    0x47,0x9b,0x07,0x9b,0x08,0x9b,0x08,0xa3,0x08,0xa3,0xe8,0xa2,0xc7,0xa2,0x86,0x9a,
    0x45,0x92,0x24,0x92,0x04,0x92,0x25,0x92,0x86,0x9a,0xce,0xd4,0x11,0xee,0x30,0xe6,
    0x30,0xe6,0x51,0xe6,0x51,0xe6,0x31,0xe6,0x31,0xde,0x31,0xde,0x31,0xe6,0x31,0xe6,
    0x51,0xe6,0x51,0xe6,0x51,0xe6,0x51,0xe6,0x51,0xe6,0x51,0xe6,0x51,0xe6,0x51,0xe6,
    0x51,0xe6,0x51,0xe6,0x51,0xe6,0x51,0xee,0x51,0xee,0x51,0xee,0x51,0xee,0x31,0xe6,
    0x31,0xe6,0x31,0xe6,0x31,0xe6,0x31,0xe6,0x31,0xe6,0x30,0xe6,0x30,0xe6,0x31,0xe6,
    0x30,0xe6,0x30,0xe6,0x30,0xe6,0x10,0xe6,0x10,0xe6,0x10,0xe6,0x10,0xe6,0x31,0xe6,
    0x31,0xe6,0x31,0xe6,0x31,0xe6,0x31,0xe6,0x10,0xe6,0x10,0xe6,0x10,0xe6,0x10,0xe6,
    0x10,0xe6,0x10,0xe6,0x10,0xde,0x10,0xde,0xf0,0xdd,0xf0,0xdd,0xf0,0xdd,0xf0,0xdd,
    0xf0,0xdd,0xf0,0xdd,0xf0,0xdd,0xf0,0xdd,0xf0,0xdd,0xf0,0xe5,0xf0,0xe5,0xf0,0xe5,
    0xf0,0xdd,0xcf,0xdd,0xd0,0xdd,0xf0,0xdd,0xf0,0xdd,0xd0,0xdd,0x4e,0xcd,0x8b,0xb4,
    0xe9,0xab,0x67,0x9b,0x26,0x9b,0x05,0x93,0x06,0x93,0x06,0x93,0xe5,0x92,0xa4,0x8a,
    0xa4,0x8a,0xa5,0x8a,0xc5,0x8a,0xc5,0x8a,0xe5,0x92,0xc5,0x8a,0xc5,0x8a,0xc5,0x92,
    0xe6,0x92,0xe6,0x92,0xc5,0x8a,0xc5,0x8a,0xc5,0x92,0xc5,0x92,0xc5,0x92,0xc5,0x92,
    0xc5,0x92,0xc5,0x8a,0xc5,0x8a,0xc5,0x8a,0xc5,0x8a,0xe5,0x92,0xe5,0x92,0x05,0x93,
    0x05,0x93,0x05,0x93,0x25,0x93,0x05,0x93,0xe5,0x92,0x05,0x93,0x26,0x9b,0x05,0x93,
    0x05,0x93,0x05,0x93,0x05,0x93,0x05,0x93,0x05,0x93,0xe6,0x92,0xe5,0x92,0xe5,0x92,
    0xe5,0x92,0xe6,0x92,0xc5,0x92,0xc5,0x92,0xc5,0x92,0xc5,0x92,0xc5,0x92,0xc4,0x92,
    0xc4,0x92,0xc5,0x92,0xe5,0x92,0xc5,0x92,0xa4,0x8a,0xc4,0x92,0xc5,0x92,0xc5,0x92,
    0xc5,0x92,0xc5,0x92,0xc4,0x8a,0xa4,0x8a,0xa4,0x8a,0xc5,0x8a,0xc5,0x8a,0xc5,0x8a,
    0xa4,0x8a,0x26,0x93,0xcc,0xbc,0xcc,0xbc,0xac,0xbc,0xcc,0xbc,0xcc,0xbc,0xcc,0xbc,
    0xcc,0xbc,0xcc,0xbc,0xcc,0xbc,0xcc,0xbc,0xcc,0xbc,0xcc,0xbc,0xcc,0xbc,0xcc,0xbc,
    0xcc,0xbc,0xcc,0xbc,0xcc,0xbc,0xcc,0xbc,0xcc,0xbc,0xcc,0xbc,0xcc,0xbc,0xcc,0xbc,
    0xcc,0xbc,0xcc,0xbc,0xcc,0xbc,0xcc,0xbc,0xcc,0xbc,0xac,0xb4,0x8b,0xb4,0x8b,0xb4,
    0xab,0xb4,0xab,0xbc,0xab,0xbc,0x8b,0xb4,0xab,0xbc,0xcc,0xbc,0xec,0xbc,0xec,0xbc,
    0xec,0xc4,0xec,0xc4,0x2d,0xc5,0x4e,0xcd,0x8f,0xd5,0xaf,0xdd,0xd0,0xdd,0xd0,0xdd,
    0xd0,0xdd,0xd0,0xdd,0xd0,0xdd,0x6e,0xcd,0xcc,0xbc,0x4a,0xac,0xea,0xa3,0xe6,0x82,
    0x03,0x6a,0xa2,0x61,0x20,0x51,0x01,0x49,0x42,0x51,0x42,0x51,0x62,0x59,0x82,0x61,
    0x82,0x61,0xc3,0x69,0xc3,0x69,0xe3,0x71,0x03,0x72,0x03,0x7a,0x03,0x7a,0x03,0x7a,
    0x23,0x82,0x43,0x82,0x43,0x82,0x63,0x82,0x63,0x82,0x63,0x82,0x84,0x8a,0x84,0x8a,
    0xa4,0x8a,0xc4,0x92,0xe5,0x92,0x05,0x9b,0x05,0x9b,0x05,0x93,0x05,0x9b,0x25,0x9b,
    0x25,0x9b,0x25,0x9b,0x25,0x9b,0x25,0x9b,0x46,0xa3,0x46,0xa3,0x46,0xa3,0x46,0xa3,
    0x46,0xa3,0x46,0xa3,0x46,0xa3,0x46,0xa3,0x46,0xa3,0x46,0xa3,0x46,0xa3,0x46,0xa3,
    0x46,0xa3,0x46,0xa3,0x46,0xa3,0x46,0xa3,0x66,0xa3,0x66,0xa3,0x66,0xa3,0x66,0xa3,
    0x46,0xa3,0x66,0xa3,0x46,0xa3,0x46,0xa3,0x46,0xa3,0x66,0xa3,0x46,0xa3,0x26,0x9b,
    0x25,0x9b,0x05,0x9b,0x05,0x93,0x05,0x93,0xe5,0x92,0xe5,0x92,0x05,0x9b,0x06,0x9b,
    0xc5,0x92,0x64,0x8a,0x45,0x8a,0x25,0x8a,0x25,0x8a,0x45,0x8a,0x86,0x92,0xe7,0x9a,
    0x08,0xa3,0xe8,0x9a,0x07,0x93,0x07,0x93,0xea,0xab,0x4f,0xd5,0xb0,0xdd,0xd0,0xdd,
    0xf0,0xdd,0xf0,0xdd,0xd0,0xdd,0xd0,0xdd,0xd0,0xdd,0xf0,0xdd,0xf0,0xdd,0xf0,0xdd,
    0xf0,0xdd,0x11,0xde,0x11,0xde,0xf0,0xdd,0xf0,0xdd,0x8f,0xd5,0x8b,0xb4,0xe9,0x9b,
    0x47,0x93,0xe7,0x8a,0x08,0x93,0x08,0x9b,0xe8,0x9a,0xa7,0x9a,0x87,0x9a,0x46,0x92,
    0x25,0x92,0x04,0x8a,0x04,0x92,0x04,0x92,0xc6,0xa2,0x2e,0xdd,0x31,0xee,0x51,0xe6,
    0x51,0xe6,0x31,0xe6,0x31,0xe6,0x31,0xe6,0x31,0xe6,0x31,0xe6,0x31,0xe6,0x31,0xe6,
    0x30,0xe6,0x30,0xe6,0x30,0xe6,0x50,0xe6,0x51,0xe6,0x50,0xe6,0x51,0xe6,0x51,0xe6,
    0x31,0xe6,0x31,0xe6,0x31,0xe6,0x51,0xe6,0x51,0xe6,0x51,0xe6,0x51,0xe6,0x51,0xe6,
    0x51,0xee,0x51,0xe6,0x31,0xe6,0x31,0xe6,0x31,0xe6,0x31,0xe6,0x31,0xe6,0x31,0xe6,
    0x31,0xe6,0x31,0xe6,0x31,0xe6,0x10,0xe6,0x10,0xe6,0x31,0xe6,0x30,0xe6,0x10,0xe6,
    0x10,0xe6,0x10,0xe6,0x10,0xe6,0x10,0xe6,0x10,0xde,0x10,0xde,0x10,0xde,0x10,0xde,
    0x10,0xde,0x10,0xde,0x10,0xde,0x10,0xde,0x10,0xde,0x10,0xde,0xf0,0xdd,0xf0,0xdd,
    0xf0,0xdd,0xf0,0xdd,0xf0,0xdd,0xf0,0xdd,0xf0,0xdd,0xf0,0xdd,0xd0,0xdd,0xd0,0xdd,
    0xd0,0xdd,0xd0,0xdd,0xf0,0xdd,0xf0,0xdd,0xf0,0xdd,0xcf,0xdd,0xaf,0xd5,0x4e,0xcd,
    0xec,0xc4,0x4a,0xb4,0xc8,0xab,0x67,0xa3,0x46,0x9b,0x26,0x9b,0xe5,0x92,0xc4,0x8a,
    0xc5,0x8a,0xc5,0x8a,0xc5,0x8a,0xc5,0x8a,0xc5,0x8a,0xc5,0x92,0xc5,0x8a,0xc5,0x92,
    0xc5,0x92,0xc5,0x8a,0xc5,0x8a,0xc5,0x8a,0xc5,0x8a,0xc5,0x8a,0xc5,0x8a,0xc5,0x8a,
    0xa5,0x8a,0xa5,0x8a,0xa5,0x8a,0xc5,0x8a,0xe5,0x92,0xe6,0x92,0x06,0x93,0x06,0x93,
    0x06,0x93,0x06,0x93,0x06,0x93,0x06,0x9b,0xe6,0x9a,0xe6,0x9a,0x06,0x9b,0x06,0x9b,
    0x05,0x9b,0x05,0x9b,0x05,0x9b,0x06,0x9b,0x06,0x9b,0x06,0x9b,0x06,0x9b,0xe6,0x92,
    0xe5,0x92,0xe5,0x92,0xe5,0x92,0xe5,0x92,0xe5,0x92,0xe5,0x92,0xe5,0x92,0xe5,0x92,
    0xe5,0x92,0xe5,0x92,0xe5,0x92,0xe5,0x92,0xe5,0x92,0xe5,0x92,0xe5,0x92,0xe5,0x92,
    0xe5,0x92,0xc5,0x92,0xc4,0x8a,0xc4,0x8a,0xc4,0x8a,0xc4,0x8a,0xc4,0x8a,0xc4,0x8a,
    0xa4,0x8a,0x26,0x93,0xcc,0xbc,0xcc,0xbc,0xac,0xbc,0xcc,0xbc,0xcc,0xbc,0xcc,0xbc,
    0xcc,0xbc,0xcc,0xbc,0xcc,0xbc,0xcc,0xbc,0xcc,0xbc,0xcc,0xbc,0xcc,0xbc,0xcc,0xbc,
    0xcc,0xbc,0xcc,0xbc,0xcc,0xbc,0xcc,0xbc,0xcc,0xbc,0xcc,0xbc,0xcc,0xbc,0xcc,0xbc,
    0xcc,0xbc,0xcc,0xbc,0xcc,0xbc,0xcc,0xbc,0xcc,0xbc,0xac,0xb4,0xab,0xb4,0x8b,0xb4,
    0xab,0xb4,0xcb,0xbc,0xcc,0xbc,0xcc,0xbc,0xec,0xbc,0x2d,0xc5,0x2d,0xc5,0x2d,0xc5,
    0x4e,0xcd,0x8e,0xd5,0xaf,0xd5,0xcf,0xdd,0xf0,0xdd,0x10,0xe6,0xf0,0xe5,0xf0,0xe5,
    0xd0,0xdd,0xd0,0xdd,0xd0,0xdd,0xaf,0xd5,0x2d,0xc5,0x4a,0xac,0xa5,0x82,0x40,0x51,
    0x40,0x59,0xa2,0x61,0x82,0x59,0x61,0x59,0x82,0x59,0x62,0x61,0x82,0x61,0xa2,0x69,
    0xc2,0x69,0xc2,0x69,0xc2,0x69,0xe2,0x71,0xe3,0x71,0x03,0x7a,0x23,0x82,0x43,0x82,
    0x43,0x82,0x43,0x82,0x43,0x82,0x64,0x82,0x64,0x8a,0x84,0x8a,0xa4,0x8a,0xa4,0x92,
    0xc4,0x92,0xc4,0x92,0xe5,0x92,0x05,0x9b,0x05,0x9b,0x05,0x93,0x25,0x9b,0x25,0x9b,
    0x25,0x9b,0x25,0x9b,0x45,0x9b,0x46,0x9b,0x26,0xa3,0x26,0xa3,0x26,0xa3,0x26,0xa3,
    0x46,0xa3,0x46,0xa3,0x46,0xa3,0x46,0xa3,0x46,0xa3,0x46,0xa3,0x46,0xa3,0x46,0xa3,
    0x46,0xa3,0x46,0xa3,0x46,0xa3,0x46,0xa3,0x46,0xa3,0x46,0xa3,0x46,0xa3,0x46,0xa3,
    0x46,0xa3,0x46,0xa3,0x46,0xa3,0x46,0xa3,0x46,0xa3,0x46,0xa3,0x46,0xa3,0x66,0xa3,
    0x46,0xa3,0x46,0x9b,0x46,0x9b,0x26,0x9b,0x25,0x9b,0x25,0x9b,0x26,0x9b,0x06,0x9b,
    0xe6,0x92,0x65,0x8a,0x25,0x82,0x04,0x82,0x05,0x82,0x45,0x8a,0x66,0x92,0xa7,0x9a,
    0xc7,0x9a,0xc7,0x9a,0x08,0x93,0x48,0x93,0xca,0xa3,0xcd,0xc4,0x6f,0xd5,0xb0,0xd5,
    0xd0,0xd5,0xd0,0xd5,0xd0,0xdd,0xd0,0xd5,0xcf,0xd5,0xd0,0xd5,0xf0,0xdd,0xf0,0xdd,
    0xf0,0xdd,0xf0,0xdd,0xf0,0xdd,0xd0,0xdd,0xd0,0xd5,0x4e,0xcd,0x4b,0xac,0xc9,0x9b,
    0x68,0x93,0x07,0x8b,0x28,0x93,0x08,0x93,0xc7,0x92,0x66,0x92,0x26,0x92,0xe5,0x89,
    0xc4,0x81,0xc3,0x89,0xe4,0x89,0xe3,0x89,0xc6,0xa2,0x4e,0xdd,0x31,0xee,0x71,0xe6,
    0x51,0xe6,0x31,0xe6,0x31,0xe6,0x31,0xe6,0x31,0xe6,0x31,0xe6,0x31,0xe6,0x31,0xe6,
    0x30,0xe6,0x30,0xe6,0x30,0xe6,0x50,0xe6,0x50,0xe6,0x50,0xe6,0x50,0xe6,0x51,0xe6,
    0x31,0xe6,0x31,0xe6,0x31,0xe6,0x31,0xe6,0x51,0xe6,0x51,0xe6,0x51,0xe6,0x51,0xe6,
    0x51,0xe6,0x51,0xe6,0x31,0xe6,0x31,0xe6,0x31,0xe6,0x31,0xe6,0x31,0xe6,0x31,0xe6,
    0x31,0xe6,0x31,0xe6,0x10,0xe6,0x10,0xe6,0x10,0xe6,0x31,0xe6,0x10,0xe6,0x10,0xe6,
    0x10,0xe6,0x10,0xe6,0x10,0xe6,0x10,0xe6,0x10,0xde,0x10,0xde,0xf0,0xdd,0xf0,0xdd,
    0x10,0xde,0x10,0xde,0x10,0xde,0x10,0xde,0x10,0xde,0xf0,0xdd,0xf0,0xdd,0xf0,0xdd,
    0xf0,0xdd,0xf0,0xdd,0xf0,0xdd,0xf0,0xdd,0xd0,0xdd,0xd0,0xdd,0xd0,0xdd,0xd0,0xdd,
    0xd0,0xdd,0xf0,0xdd,0xf0,0xdd,0xd0,0xdd,0xd0,0xdd,0xcf,0xd5,0xaf,0xd5,0xaf,0xd5,
    0x8e,0xd5,0x4e,0xd5,0xcc,0xc4,0x2a,0xbc,0x87,0xa3,0x26,0x9b,0xe5,0x92,0xe5,0x8a,
    0xe5,0x92,0xe5,0x8a,0xe5,0x8a,0xc5,0x8a,0xc5,0x8a,0xa5,0x8a,0xa5,0x8a,0xa5,0x8a,
    0xc5,0x8a,0xc5,0x8a,0xc5,0x8a,0xc5,0x8a,0xc5,0x8a,0xc5,0x8a,0xc5,0x8a,0xc5,0x8a,
    0xa5,0x8a,0xa5,0x8a,0xa5,0x8a,0xc5,0x92,0xe6,0x92,0xe6,0x92,0x06,0x93,0x06,0x9b,
    0x26,0x9b,0x26,0x9b,0x26,0x9b,0x06,0x9b,0xe6,0x9a,0xe6,0x9a,0xe6,0x9a,0x06,0x9b,
    0x05,0x9b,0x05,0x9b,0x05,0x9b,0x06,0x9b,0x06,0x9b,0x06,0x9b,0x06,0x9b,0xe5,0x9a,
    0xe5,0x9a,0xe5,0x92,0xe5,0x92,0xe5,0x92,0xe5,0x92,0x05,0x93,0x05,0x93,0x06,0x93,
    0xe5,0x92,0xe5,0x92,0xe5,0x92,0xe5,0x92,0x05,0x93,0x05,0x93,0xe5,0x92,0xe5,0x92,
    0xe5,0x92,0xe5,0x92,0xc4,0x92,0xc4,0x92,0xc4,0x92,0xc4,0x8a,0xc4,0x8a,0xc4,0x92,
    0xa4,0x8a,0x26,0x93,0xcc,0xbc,0xcc,0xbc,0xac,0xbc,0xcc,0xbc,0xcc,0xbc,0xcc,0xbc,
    0xcc,0xbc,0xcc,0xbc,0xcc,0xbc,0xcc,0xbc,0xcc,0xbc,0xcc,0xbc,0xcc,0xbc,0xcc,0xbc,
    0xcc,0xbc,0xcc,0xbc,0xcc,0xbc,0xcc,0xbc,0xcc,0xbc,0xcc,0xbc,0xcc,0xbc,0xcc,0xbc,
    0xcc,0xbc,0xcc,0xbc,0xcc,0xbc,0xcc,0xbc,0xcc,0xbc,0xcc,0xbc,0xcc,0xbc,0xcc,0xbc,
    0xcc,0xbc,0xec,0xbc,0xec,0xbc,0x0d,0xc5,0x2d,0xc5,0x4e,0xcd,0x6e,0xcd,0x8f,0xd5,
    0xaf,0xdd,0xf0,0xe5,0xf0,0xe5,0xf0,0xe5,0xf0,0xe5,0xf0,0xe5,0xf0,0xe5,0xcf,0xdd,
    0xaf,0xdd,0x8f,0xd5,0x6f,0xd5,0x4e,0xd5,0x8b,0xb4,0xe5,0x82,0xa1,0x61,0x81,0x61,
    0x03,0x72,0x03,0x72,0xa2,0x61,0xa2,0x61,0xc2,0x69,0xa2,0x69,0xc2,0x69,0xc3,0x71,
    0xe3,0x71,0xe3,0x71,0xe2,0x71,0xe3,0x71,0x03,0x72,0x03,0x7a,0x23,0x82,0x23,0x82,
    0x23,0x82,0x43,0x82,0x64,0x8a,0x64,0x8a,0x84,0x8a,0xa4,0x8a,0xa4,0x92,0xc5,0x92,
    0xc4,0x92,0xc4,0x92,0xe5,0x92,0x05,0x9b,0x05,0x9b,0x05,0x93,0x25,0x9b,0x25,0x9b,
    0x25,0x9b,0x25,0x9b,0x45,0x9b,0x46,0x9b,0x25,0x9b,0x25,0x9b,0x25,0x9b,0x25,0x9b,
    0x46,0xa3,0x26,0xa3,0x25,0x9b,0x25,0x9b,0x26,0xa3,0x26,0xa3,0x26,0xa3,0x26,0xa3,
    0x26,0xa3,0x26,0xa3,0x26,0xa3,0x46,0xa3,0x46,0xa3,0x46,0xa3,0x46,0xa3,0x46,0xa3,
    0x46,0xa3,0x46,0xa3,0x46,0xa3,0x46,0xa3,0x46,0xa3,0x46,0xa3,0x46,0xa3,0x46,0xa3,
    0x46,0xa3,0x66,0xa3,0x66,0xa3,0x46,0xa3,0x26,0x9b,0x46,0xa3,0x46,0xa3,0x26,0x9b,
    0xe6,0x9a,0x85,0x8a,0x04,0x82,0xe4,0x81,0xe4,0x79,0x05,0x82,0x25,0x8a,0x86,0x92,
    0xc7,0x92,0xc7,0x92,0x28,0x93,0xa9,0xa3,0xea,0xab,0x6c,0xb4,0x2e,0xc5,0x6f,0xcd,
    0xaf,0xd5,0xaf,0xd5,0xcf,0xd5,0xcf,0xd5,0xaf,0xd5,0xcf,0xd5,0xd0,0xdd,0xd0,0xdd,
    0xf0,0xdd,0xd0,0xd5,0xd0,0xd5,0xaf,0xd5,0x8f,0xd5,0x2e,0xc5,0x6b,0xb4,0x09,0xa4,
    0xc9,0x9b,0x89,0x9b,0x69,0x9b,0x48,0x9b,0xe8,0x92,0xa7,0x92,0x46,0x92,0xe5,0x89,
    0xa4,0x81,0xc4,0x89,0x04,0x92,0xe3,0x89,0xc6,0xa2,0x4f,0xe5,0x31,0xee,0x51,0xe6,
    0x51,0xe6,0x31,0xe6,0x31,0xe6,0x31,0xe6,0x31,0xe6,0x31,0xe6,0x31,0xe6,0x31,0xe6,
    0x30,0xe6,0x30,0xe6,0x30,0xe6,0x30,0xe6,0x50,0xe6,0x50,0xe6,0x50,0xe6,0x31,0xe6,
    0x31,0xe6,0x31,0xe6,0x31,0xe6,0x31,0xe6,0x31,0xe6,0x31,0xe6,0x31,0xe6,0x51,0xe6,
    0x31,0xe6,0x31,0xe6,0x31,0xe6,0x31,0xe6,0x31,0xe6,0x31,0xe6,0x31,0xe6,0x31,0xe6,
    0x31,0xe6,0x10,0xe6,0x10,0xe6,0x10,0xde,0x10,0xe6,0x10,0xe6,0x10,0xe6,0x10,0xde,
    0x10,0xde,0x10,0xde,0x10,0xde,0x10,0xde,0x10,0xde,0xf0,0xdd,0xf0,0xdd,0xf0,0xdd,
    0x10,0xde,0x10,0xde,0xf0,0xdd,0xf0,0xdd,0xf0,0xdd,0xf0,0xdd,0xf0,0xdd,0xd0,0xdd,
    0xd0,0xdd,0xd0,0xdd,0xd0,0xdd,0xd0,0xdd,0xcf,0xdd,0xcf,0xdd,0xcf,0xdd,0xcf,0xdd,
    0xcf,0xdd,0xd0,0xdd,0xd0,0xdd,0xd0,0xdd,0xcf,0xdd,0xcf,0xd5,0xcf,0xd5,0xcf,0xdd,
    0xcf,0xdd,0xaf,0xdd,0x6e,0xdd,0xcc,0xcc,0xe9,0xb3,0x87,0xa3,0x46,0x9b,0x05,0x93,
    0x05,0x93,0xe5,0x8a,0xe5,0x8a,0xe5,0x8a,0xc5,0x8a,0xa5,0x8a,0xa5,0x8a,0xa5,0x8a,
    0xc5,0x8a,0xc5,0x92,0xc5,0x92,0xc5,0x92,0xc5,0x92,0xc5,0x92,0xc5,0x92,0xc5,0x92,
    0xc5,0x8a,0xc5,0x92,0xc5,0x92,0xc5,0x92,0xe5,0x92,0xe5,0x92,0xe6,0x92,0x06,0x9b,
    0x26,0x9b,0x26,0x9b,0x26,0x9b,0x06,0x9b,0xe6,0x9a,0xe6,0x9a,0xe6,0x9a,0xe5,0x9a,
    0xe5,0x9a,0xe5,0x9a,0xe5,0x9a,0x06,0x9b,0x06,0x9b,0x06,0x9b,0x06,0x9b,0x06,0x9b,
    0x05,0x9b,0xe5,0x9a,0xe5,0x92,0x05,0x93,0x05,0x93,0x06,0x93,0x06,0x9b,0x06,0x9b,
    0x05,0x93,0xe5,0x92,0x05,0x93,0x05,0x93,0x05,0x93,0x06,0x93,0x05,0x93,0x05,0x93,
    0xe5,0x92,0xe5,0x92,0x05,0x93,0xe5,0x92,0xe5,0x92,0xe5,0x92,0xe5,0x92,0xe5,0x92,
    0xc4,0x92,0x46,0x93,0xcc,0xbc,0xcc,0xbc,0xac,0xbc,0xcc,0xbc,0xcc,0xbc,0xcc,0xbc,
    0xcc,0xbc,0xcc,0xbc,0xcc,0xbc,0xcc,0xbc,0xcc,0xbc,0xcc,0xbc,0xcc,0xbc,0xcc,0xbc,
    0xcc,0xbc,0xcc,0xbc,0xcc,0xbc,0xcc,0xbc,0xcc,0xbc,0xcc,0xbc,0xcc,0xbc,0xcc,0xbc,
    0xcc,0xbc,0xcc,0xbc,0xcc,0xbc,0xac,0xbc,0xcc,0xbc,0xcc,0xbc,0xcc,0xbc,0x0d,0xc5,
    0x0d,0xc5,0x2d,0xc5,0x4e,0xcd,0x8e,0xd5,0xaf,0xd5,0xd0,0xdd,0xd0,0xdd,0xd0,0xdd,
    0xf0,0xe5,0xf0,0xe5,0xf0,0xe5,0xf0,0xdd,0xd0,0xdd,0xaf,0xd5,0xaf,0xdd,0x8f,0xd5,
    0x4e,0xd5,0x2e,0xcd,0xed,0xc4,0xcd,0xc4,0xc9,0xa3,0xa0,0x61,0x60,0x61,0xc2,0x69,
    0x03,0x72,0x23,0x7a,0x03,0x72,0xe2,0x71,0x03,0x72,0xe3,0x71,0xe3,0x71,0x03,0x72,
    0x23,0x7a,0x03,0x7a,0x03,0x72,0x23,0x7a,0x23,0x7a,0x23,0x82,0x23,0x82,0x43,0x82,
    0x43,0x82,0x64,0x8a,0x84,0x8a,0x84,0x8a,0x84,0x8a,0x84,0x8a,0x84,0x8a,0xa4,0x92,
    0xc4,0x92,0xc4,0x92,0xe5,0x92,0x05,0x9b,0x05,0x9b,0x05,0x93,0x25,0x9b,0x25,0x9b,
    0x25,0x9b,0x05,0x93,0x25,0x9b,0x25,0x9b,0x25,0x9b,0x25,0x9b,0x25,0x9b,0x25,0x9b,
    0x25,0x9b,0x25,0x9b,0x25,0x9b,0x25,0x9b,0x25,0x9b,0x25,0x9b,0x25,0x9b,0x25,0x9b,
    0x25,0x9b,0x25,0x9b,0x25,0x9b,0x25,0x9b,0x25,0x9b,0x25,0x9b,0x25,0x9b,0x46,0xa3,
    0x46,0xa3,0x46,0xa3,0x46,0xa3,0x26,0xa3,0x26,0xa3,0x46,0xa3,0x26,0xa3,0x25,0x9b,
    0x26,0x9b,0x46,0x9b,0x46,0xa3,0x46,0x9b,0x25,0x9b,0x25,0x9b,0x46,0xa3,0x26,0xa3,
    0xe6,0x9a,0x85,0x92,0x25,0x8a,0xe4,0x81,0xc3,0x79,0xc3,0x79,0x04,0x7a,0x66,0x8a,
    0xe8,0x9a,0x29,0x9b,0x69,0x9b,0xea,0xa3,0x2b,0xac,0x8d,0xbc,0xed,0xbc,0x4e,0xcd,
    0x8f,0xcd,0xaf,0xd5,0xaf,0xd5,0xaf,0xd5,0xaf,0xd5,0xaf,0xd5,0xcf,0xd5,0xd0,0xd5,
    0xd0,0xdd,0xcf,0xd5,0xaf,0xd5,0x8f,0xcd,0x6f,0xcd,0x4e,0xcd,0xac,0xbc,0x4b,0xac,
    0x2a,0xac,0x0b,0xac,0xea,0xab,0x89,0xa3,0x28,0x9b,0xc7,0x92,0x66,0x8a,0xe4,0x81,
    0xa4,0x81,0xe4,0x89,0x25,0x92,0x04,0x8a,0xe7,0xa2,0x6f,0xe5,0x11,0xee,0x31,0xe6,
    0x31,0xe6,0x31,0xe6,0x31,0xe6,0x31,0xe6,0x31,0xe6,0x31,0xe6,0x31,0xe6,0x31,0xe6,
    0x30,0xe6,0x30,0xe6,0x30,0xe6,0x30,0xe6,0x30,0xe6,0x30,0xe6,0x30,0xe6,0x31,0xe6,
    0x31,0xe6,0x31,0xe6,0x31,0xe6,0x31,0xe6,0x31,0xe6,0x31,0xe6,0x31,0xe6,0x31,0xe6,
    0x31,0xe6,0x31,0xe6,0x31,0xe6,0x31,0xe6,0x31,0xe6,0x31,0xe6,0x31,0xe6,0x10,0xe6,
    0x10,0xe6,0x10,0xe6,0x10,0xe6,0x10,0xde,0x10,0xde,0x10,0xe6,0x10,0xde,0x10,0xde,
    0x10,0xde,0x10,0xde,0x10,0xde,0x10,0xde,0xf0,0xdd,0xf0,0xdd,0xef,0xdd,0xf0,0xdd,
    0xf0,0xdd,0xf0,0xdd,0xef,0xdd,0xef,0xdd,0xef,0xdd,0xef,0xdd,0xcf,0xdd,0xcf,0xdd,
    0xcf,0xdd,0xcf,0xdd,0xcf,0xdd,0xcf,0xdd,0xcf,0xdd,0xaf,0xd5,0xaf,0xd5,0xaf,0xd5,
    0xaf,0xd5,0xcf,0xdd,0xcf,0xdd,0xaf,0xd5,0xaf,0xd5,0xcf,0xd5,0xcf,0xd5,0xaf,0xd5,
    0xaf,0xdd,0x8f,0xdd,0x6e,0xd5,0x2e,0xd5,0xab,0xc4,0x29,0xb4,0xa7,0xa3,0x26,0x93,
    0x05,0x93,0x05,0x93,0xe5,0x92,0xe5,0x92,0xe5,0x92,0xe5,0x92,0xe5,0x92,0xe5,0x92,
    0xc5,0x92,0xc5,0x92,0xc5,0x92,0xc5,0x92,0xc5,0x92,0xc5,0x92,0xc5,0x92,0xc5,0x92,
    0xc5,0x92,0xe5,0x92,0xe5,0x92,0xe5,0x92,0xe5,0x92,0xe5,0x92,0xe6,0x92,0xe6,0x92,
    0xe6,0x92,0xe6,0x92,0xe6,0x92,0xe6,0x9a,0xe6,0x9a,0xe6,0x9a,0xe6,0x9a,0xe5,0x92,
    0xe5,0x92,0xe5,0x92,0xe5,0x92,0x05,0x9b,0x05,0x9b,0x05,0x9b,0x05,0x9b,0x05,0x9b,
    0x05,0x9b,0xe5,0x9a,0x05,0x9b,0x06,0x93,0x06,0x9b,0x26,0x9b,0x26,0x9b,0x26,0x9b,
    0x06,0x9b,0x05,0x93,0x06,0x93,0x06,0x93,0x06,0x9b,0x26,0x9b,0x06,0x9b,0x06,0x93,
    0x05,0x93,0x05,0x93,0x05,0x9b,0x05,0x93,0x05,0x93,0x05,0x93,0x05,0x93,0x05,0x93,
    0xe5,0x92,0x46,0x9b,0xcc,0xbc,0xcc,0xbc,0xac,0xbc,0xcc,0xbc,0xcc,0xbc,0xcc,0xbc,
    0xcc,0xbc,0xcc,0xbc,0xcc,0xbc,0xcc,0xbc,0xcc,0xbc,0xcc,0xbc,0xcc,0xbc,0xcc,0xbc,
    0xcc,0xbc,0xcc,0xbc,0xcc,0xbc,0xcc,0xbc,0xcc,0xbc,0xcc,0xbc,0xcc,0xbc,0xcc,0xbc,
    0xcc,0xbc,0xcc,0xbc,0xcc,0xbc,0xcc,0xbc,0xac,0xbc,0xed,0xbc,0x2d,0xc5,0x2d,0xc5,
    0x6e,0xcd,0x8f,0xd5,0xd0,0xdd,0xf0,0xdd,0xf0,0xdd,0x10,0xe6,0xf0,0xe5,0xf0,0xe5,
    0xd0,0xe5,0xd0,0xe5,0xd0,0xdd,0xaf,0xdd,0x6f,0xd5,0x4e,0xd5,0x6e,0xd5,0x4e,0xcd,
    0xed,0xc4,0x8b,0xbc,0x6b,0xbc,0x4b,0xbc,0x67,0x9b,0xe2,0x69,0xa1,0x69,0x02,0x72,
    0x23,0x7a,0x43,0x82,0x43,0x7a,0x02,0x7a,0x02,0x7a,0x03,0x7a,0x03,0x7a,0x23,0x7a,
    0x43,0x7a,0x23,0x7a,0x23,0x7a,0x43,0x7a,0x63,0x82,0x64,0x82,0x64,0x82,0x64,0x82,
    0x64,0x82,0x84,0x8a,0x84,0x8a,0x84,0x8a,0xa4,0x8a,0xa4,0x8a,0xa4,0x92,0xa4,0x92,
    0xc4,0x92,0xc4,0x92,0xe4,0x92,0xe5,0x92,0x05,0x93,0x04,0x93,0xe4,0x92,0xe4,0x92,
    0xe4,0x92,0xe4,0x92,0xe4,0x92,0xe4,0x92,0x05,0x9b,0x05,0x9b,0x05,0x9b,0x05,0x9b,
    0x05,0x9b,0x05,0x9b,0x05,0x9b,0x05,0x9b,0x05,0x9b,0x25,0x9b,0x25,0x9b,0x25,0x9b,
    0x25,0x9b,0x05,0x9b,0x05,0x9b,0x05,0x9b,0x25,0x9b,0x25,0x9b,0x25,0x9b,0x25,0x9b,
    0x25,0x9b,0x26,0xa3,0x46,0xa3,0x26,0xa3,0x26,0xa3,0x26,0xa3,0x26,0xa3,0x26,0x9b,
    0x26,0x9b,0x46,0x9b,0x46,0x9b,0x46,0x9b,0x46,0x9b,0x25,0x9b,0x26,0x9b,0x26,0xa3,
    0xe6,0x9a,0x85,0x8a,0x45,0x8a,0x05,0x82,0xe4,0x79,0xc3,0x79,0x25,0x7a,0x86,0x8a,
    0x08,0x93,0xaa,0xa3,0x0b,0xac,0x4c,0xac,0x8c,0xb4,0xcd,0xbc,0xed,0xbc,0x2e,0xc5,
    0x4e,0xcd,0x8f,0xcd,0xaf,0xd5,0xaf,0xd5,0xaf,0xd5,0xaf,0xd5,0xcf,0xd5,0xcf,0xd5,
    0xd0,0xd5,0xcf,0xd5,0x8f,0xcd,0x6e,0xcd,0x4e,0xcd,0x2e,0xc5,0xed,0xbc,0x8c,0xb4,
    0x4b,0xb4,0x4b,0xb4,0x0b,0xac,0xca,0xa3,0x8a,0xa3,0x08,0x9b,0x86,0x8a,0xe4,0x71,
    0xa3,0x71,0xa3,0x81,0x04,0x8a,0x24,0x8a,0x27,0xa3,0x70,0xe5,0xf1,0xe5,0x31,0xe6,
    0x51,0xe6,0x31,0xe6,0x31,0xe6,0x31,0xe6,0x31,0xe6,0x31,0xe6,0x31,0xe6,0x31,0xe6,
    0x30,0xe6,0x30,0xe6,0x30,0xe6,0x30,0xe6,0x30,0xe6,0x30,0xe6,0x31,0xe6,0x31,0xe6,
    0x31,0xe6,0x31,0xe6,0x31,0xe6,0x31,0xe6,0x31,0xe6,0x31,0xe6,0x31,0xe6,0x31,0xe6,
    0x31,0xe6,0x31,0xe6,0x31,0xe6,0x31,0xe6,0x31,0xe6,0x31,0xe6,0x31,0xe6,0x10,0xe6,
    0x10,0xe6,0x10,0xde,0x10,0xde,0x10,0xde,0x10,0xde,0x10,0xe6,0x10,0xde,0xf0,0xdd,
    0xf0,0xdd,0xf0,0xdd,0xf0,0xdd,0xf0,0xdd,0xef,0xdd,0xef,0xdd,0xef,0xdd,0xef,0xdd,
    0xcf,0xdd,0xcf,0xd5,0xcf,0xdd,0xcf,0xd5,0xcf,0xd5,0xcf,0xd5,0xaf,0xd5,0xcf,0xdd,
    0xcf,0xdd,0xcf,0xdd,0xcf,0xdd,0xcf,0xdd,0xaf,0xd5,0xaf,0xd5,0xaf,0xd5,0xaf,0xd5,
    0xaf,0xd5,0xaf,0xd5,0xaf,0xd5,0xaf,0xd5,0xaf,0xd5,0xaf,0xd5,0xcf,0xd5,0xaf,0xd5,
    0xaf,0xdd,0x8f,0xd5,0x8e,0xd5,0x6e,0xd5,0x2d,0xd5,0xab,0xc4,0x09,0xac,0x46,0x93,
    0x05,0x8b,0xe5,0x8a,0xc5,0x8a,0xc5,0x8a,0xe5,0x92,0xe5,0x92,0xe5,0x92,0xe5,0x92,
    0xe5,0x92,0xe5,0x92,0xe5,0x92,0xc5,0x92,0xc5,0x92,0xe5,0x92,0xe5,0x92,0xe5,0x92,
    0xe5,0x92,0xe5,0x92,0xe5,0x92,0xc5,0x92,0xe5,0x92,0xe5,0x92,0xe5,0x92,0xe5,0x92,
    0xe5,0x92,0xe5,0x92,0xe5,0x92,0xe5,0x92,0xc5,0x92,0xc5,0x92,0xc5,0x92,0xc5,0x92,
    0xc5,0x92,0xc5,0x92,0xc5,0x92,0xc5,0x92,0xc5,0x92,0xc5,0x92,0xc4,0x92,0xc5,0x92,
    0xc5,0x92,0xe5,0x92,0xe5,0x92,0xe5,0x92,0x05,0x93,0x26,0x9b,0x26,0x9b,0x26,0x9b,
    0x06,0x9b,0x06,0x9b,0x06,0x93,0x05,0x93,0x05,0x93,0x05,0x93,0x05,0x93,0x05,0x93,
    0x05,0x93,0x05,0x93,0x05,0x93,0x05,0x93,0x26,0x9b,0x26,0x9b,0x05,0x9b,0x05,0x9b,
    0x05,0x93,0x67,0x9b,0xac,0xbc,0xcc,0xbc,0xcc,0xbc,0xac,0xbc,0xcc,0xbc,0xcc,0xbc,
    0xcc,0xbc,0xcc,0xbc,0xcc,0xbc,0xcc,0xbc,0xcc,0xbc,0xcc,0xbc,0xcc,0xbc,0xcc,0xbc,
    0xcc,0xbc,0xcc,0xbc,0xcc,0xbc,0xcc,0xbc,0xcc,0xbc,0xcc,0xbc,0xcc,0xbc,0xcc,0xbc,
    0xcc,0xbc,0xcc,0xbc,0xcc,0xbc,0xcc,0xbc,0xcc,0xbc,0x6f,0xd5,0xb0,0xd5,0xaf,0xd5,
    0xd0,0xdd,0xf0,0xdd,0x10,0xe6,0x10,0xe6,0xf0,0xdd,0xf0,0xdd,0xd0,0xdd,0xaf,0xdd,
    0xaf,0xdd,0x8f,0xdd,0x8f,0xd5,0x4e,0xd5,0x2d,0xcd,0x0d,0xc5,0xed,0xc4,0xcc,0xc4,
    0x6b,0xb4,0xe9,0xab,0x68,0x9b,0x27,0x9b,0x64,0x82,0x23,0x7a,0x23,0x7a,0x64,0x82,
    0x84,0x8a,0x64,0x8a,0x63,0x82,0x22,0x82,0x22,0x82,0x43,0x82,0x43,0x7a,0x43,0x82,
    0x63,0x82,0x63,0x82,0x63,0x82,0x83,0x82,0x84,0x8a,0x84,0x8a,0x84,0x8a,0x84,0x8a,
    0x84,0x8a,0x84,0x8a,0x84,0x8a,0x84,0x8a,0xa4,0x8a,0xa5,0x92,0xa4,0x92,0xc5,0x92,
    0xc4,0x92,0xc4,0x92,0xc4,0x92,0xe4,0x92,0xe4,0x92,0xe4,0x92,0xe4,0x92,0xe4,0x92,
    0xc4,0x8a,0xc4,0x8a,0xc4,0x8a,0xc4,0x8a,0xc4,0x92,0xe4,0x92,0xe4,0x92,0xe4,0x92,
    0xe4,0x92,0xe4,0x92,0xe4,0x92,0xe4,0x92,0xe4,0x92,0xe4,0x92,0xe4,0x92,0x05,0x9b,
    0x05,0x9b,0x05,0x9b,0x05,0x9b,0x05,0x9b,0x05,0x9b,0x05,0x9b,0x05,0x9b,0x05,0x9b,
    0x25,0x9b,0x25,0x9b,0x25,0x9b,0x26,0xa3,0x26,0xa3,0x26,0x9b,0x26,0x9b,0x46,0xa3,
    0x46,0xa3,0x46,0x9b,0x46,0xa3,0x46,0x9b,0x46,0x9b,0x46,0xa3,0x25,0x9b,0xe6,0x9a,
    0xc5,0x92,0x65,0x8a,0x45,0x8a,0x04,0x82,0xc3,0x79,0xc3,0x71,0x25,0x7a,0xe8,0x92,
    0x8a,0xa3,0x0b,0xac,0x2c,0xac,0x6c,0xac,0x8d,0xb4,0xcd,0xbc,0xed,0xbc,0x2e,0xc5,
    0x4e,0xcd,0x8f,0xcd,0xaf,0xd5,0xaf,0xd5,0xaf,0xd5,0xaf,0xd5,0xaf,0xd5,0xaf,0xd5,
    0xcf,0xd5,0xaf,0xd5,0x8f,0xcd,0x6e,0xcd,0x4e,0xc5,0x0e,0xc5,0xed,0xbc,0xac,0xb4,
    0x6c,0xb4,0x4c,0xb4,0x2b,0xac,0xea,0xa3,0xca,0xa3,0x89,0xa3,0x08,0x93,0x65,0x7a,
    0xc3,0x71,0xa3,0x79,0x25,0x8a,0xa6,0x92,0xa9,0xab,0x6f,0xdd,0xf1,0xe5,0x31,0xe6,
    0x31,0xe6,0x31,0xe6,0x31,0xe6,0x31,0xe6,0x31,0xe6,0x31,0xe6,0x31,0xe6,0x31,0xe6,
    0x31,0xe6,0x31,0xe6,0x31,0xe6,0x31,0xe6,0x30,0xe6,0x31,0xe6,0x31,0xe6,0x31,0xe6,
    0x31,0xe6,0x31,0xe6,0x31,0xe6,0x31,0xe6,0x31,0xe6,0x31,0xe6,0x31,0xe6,0x10,0xe6,
    0x11,0xe6,0x31,0xe6,0x31,0xe6,0x31,0xe6,0x31,0xe6,0x31,0xe6,0x31,0xe6,0x10,0xe6,
    0x10,0xe6,0x10,0xde,0x10,0xde,0x10,0xde,0x10,0xde,0x10,0xde,0x10,0xde,0xf0,0xdd,
    0xf0,0xdd,0xf0,0xdd,0xf0,0xdd,0xf0,0xdd,0xef,0xdd,0xef,0xdd,0xef,0xdd,0xcf,0xdd,
    0xcf,0xd5,0xcf,0xd5,0xaf,0xd5,0xaf,0xd5,0xaf,0xd5,0xae,0xd5,0xaf,0xd5,0xaf,0xd5,
    0xcf,0xdd,0xcf,0xdd,0xaf,0xd5,0xaf,0xd5,0xaf,0xd5,0xaf,0xd5,0xaf,0xd5,0xaf,0xd5,
    0xaf,0xd5,0xaf,0xd5,0xaf,0xd5,0x8f,0xd5,0x8f,0xd5,0xaf,0xd5,0xaf,0xd5,0xaf,0xd5,
    0xaf,0xd5,0x8f,0xd5,0x8e,0xd5,0x6e,0xd5,0x4e,0xcd,0x0d,0xcd,0x6a,0xb4,0x87,0x9b,
    0x26,0x93,0x06,0x93,0xe5,0x92,0xe5,0x92,0xe5,0x92,0xe5,0x92,0xe5,0x92,0xe5,0x92,
    0xe5,0x92,0xe5,0x92,0xe5,0x92,0xc5,0x92,0xe5,0x92,0xe5,0x92,0xe5,0x92,0xe6,0x92,
    0xe5,0x92,0xe5,0x92,0xe5,0x92,0xe5,0x92,0xe5,0x92,0xe5,0x92,0xe5,0x92,0xe5,0x92,
    0xe5,0x92,0xe5,0x92,0xe5,0x92,0xe5,0x92,0xc6,0x92,0xc5,0x92,0xc5,0x92,0xc5,0x92,
    0xc5,0x92,0xc5,0x92,0xc5,0x92,0xe4,0x92,0xc4,0x92,0xc4,0x92,0xc4,0x92,0xc4,0x92,
    0xc4,0x92,0xe4,0x92,0xc5,0x92,0xc5,0x92,0xe5,0x92,0xe5,0x92,0xe5,0x92,0xe5,0x92,
    0xe5,0x92,0xe5,0x92,0xc5,0x92,0xc5,0x92,0xc5,0x92,0xc5,0x92,0xc5,0x92,0xc5,0x92,
    0xc5,0x92,0xc5,0x92,0xe5,0x92,0xe5,0x92,0x05,0x93,0x05,0x93,0x05,0x93,0x05,0x93,
    0xe5,0x92,0x67,0x9b,0xcc,0xbc,0xcc,0xbc,0xcc,0xbc,0xac,0xbc,0xcc,0xbc,0xcc,0xbc,
    0xcc,0xbc,0xcc,0xbc,0xcc,0xbc,0xcc,0xbc,0xcc,0xbc,0xcc,0xbc,0xcc,0xbc,0xcc,0xbc,
    0xcc,0xbc,0xcc,0xbc,0xcc,0xbc,0xcc,0xbc,0xcc,0xbc,0xcc,0xbc,0xcc,0xbc,0xcc,0xbc,
    0xcc,0xbc,0xcc,0xbc,0xcc,0xbc,0xcc,0xbc,0xed,0xbc,0xf0,0xdd,0xf1,0xdd,0x11,0xe6,
    0x10,0xe6,0x10,0xe6,0xf0,0xdd,0xf0,0xdd,0xd0,0xdd,0xcf,0xd5,0x8f,0xd5,0x6f,0xd5,
    0x4e,0xd5,0x2d,0xcd,0x0d,0xcd,0x0d,0xcd,0xed,0xc4,0xec,0xc4,0xac,0xbc,0x4a,0xac,
    0x67,0x93,0x84,0x7a,0xe2,0x71,0xc2,0x71,0x03,0x7a,0x64,0x82,0x64,0x8a,0xa5,0x92,
    0xa5,0x92,0xa4,0x92,0xa4,0x92,0x63,0x8a,0x63,0x8a,0x83,0x8a,0x84,0x82,0xa4,0x8a,
    0xa4,0x8a,0xa4,0x8a,0xc4,0x8a,0xc4,0x8a,0xe4,0x92,0xc5,0x92,0xa5,0x92,0xa5,0x92,
    0xa4,0x92,0xa4,0x8a,0xa4,0x8a,0xa4,0x92,0xa4,0x92,0xa5,0x92,0xc5,0x92,0xc5,0x92,
    0xc4,0x92,0xa4,0x92,0xc4,0x92,0xc4,0x92,0xe4,0x92,0xe4,0x92,0xe4,0x92,0xc4,0x8a,
    0xc4,0x8a,0xc4,0x8a,0xc4,0x8a,0xc4,0x8a,0xc4,0x92,0xc4,0x92,0xc4,0x92,0xc4,0x92,
    0xc4,0x92,0xc4,0x92,0xc4,0x92,0xc4,0x92,0xc4,0x92,0xc4,0x92,0xe4,0x92,0xe4,0x92,
    0x05,0x9b,0x05,0x9b,0xe4,0x92,0xe5,0x9a,0xe5,0x9a,0xe5,0x9a,0xe5,0x9a,0x05,0x9b,
    0x05,0x9b,0x05,0x9b,0x05,0x9b,0x05,0x9b,0x05,0x9b,0x05,0x9b,0x05,0x9b,0x25,0x9b,
    0x26,0x9b,0x26,0x9b,0x26,0x9b,0x26,0x9b,0x25,0x9b,0x25,0x9b,0x05,0x9b,0xe5,0x9a,
    0xc5,0x92,0x65,0x8a,0x45,0x8a,0xe4,0x81,0xc4,0x79,0x25,0x7a,0xc7,0x8a,0x69,0x9b,
    0xca,0xa3,0xeb,0xa3,0x2c,0xa4,0x6c,0xac,0xad,0xb4,0xcd,0xbc,0xed,0xbc,0x2e,0xc5,
    0x4e,0xcd,0x8f,0xcd,0x8f,0xd5,0x8f,0xd5,0x8f,0xd5,0x8f,0xd5,0xaf,0xd5,0xaf,0xd5,
    0xaf,0xd5,0xaf,0xd5,0x8f,0xcd,0x4e,0xcd,0x4e,0xc5,0x0d,0xc5,0xed,0xbc,0xcd,0xbc,
    0xac,0xbc,0x6c,0xb4,0x4b,0xac,0x0b,0xac,0xea,0xa3,0xca,0xa3,0x89,0x9b,0x28,0x93,
    0x45,0x82,0x04,0x82,0x86,0x8a,0x28,0x9b,0x0b,0xb4,0x6f,0xd5,0xf1,0xe5,0x31,0xe6,
    0x31,0xe6,0x31,0xe6,0x31,0xe6,0x31,0xe6,0x31,0xe6,0x31,0xe6,0x31,0xe6,0x31,0xe6,
    0x10,0xe6,0x10,0xe6,0x10,0xe6,0x10,0xe6,0x10,0xde,0x10,0xe6,0x31,0xe6,0x31,0xe6,
    0x31,0xe6,0x31,0xe6,0x31,0xe6,0x30,0xe6,0x10,0xe6,0x10,0xe6,0x10,0xe6,0x10,0xe6,
    0x10,0xe6,0x10,0xe6,0x31,0xe6,0x31,0xe6,0x31,0xe6,0x31,0xe6,0x31,0xe6,0x10,0xe6,
    0x10,0xe6,0x10,0xde,0x10,0xde,0x10,0xde,0x10,0xde,0x10,0xde,0xf0,0xdd,0xef,0xdd,
    0xef,0xdd,0xef,0xdd,0xf0,0xdd,0xf0,0xdd,0xef,0xdd,0xef,0xdd,0xcf,0xdd,0xcf,0xdd,
    0xcf,0xd5,0xaf,0xd5,0xae,0xd5,0xae,0xd5,0x8e,0xd5,0x8e,0xd5,0x8e,0xd5,0x8f,0xd5,
    0xaf,0xd5,0xaf,0xd5,0xaf,0xd5,0xaf,0xd5,0x8f,0xd5,0xaf,0xd5,0xaf,0xd5,0xaf,0xd5,
    0xaf,0xd5,0xaf,0xd5,0x8f,0xd5,0x8f,0xd5,0x8f,0xd5,0x8e,0xcd,0x8e,0xcd,0x8e,0xcd,
    0x8e,0xcd,0x8e,0xd5,0x6e,0xcd,0x4e,0xcd,0x4d,0xcd,0x0d,0xc5,0x8a,0xb4,0xe8,0xa3,
    0x87,0x9b,0x67,0x9b,0x06,0x93,0x06,0x93,0xe5,0x92,0xe5,0x92,0xe5,0x92,0xe5,0x92,
    0xe5,0x92,0xe5,0x92,0xe5,0x92,0xc5,0x92,0xe5,0x92,0xe5,0x92,0xe6,0x92,0xe6,0x92,
    0xe5,0x92,0xe5,0x92,0xc5,0x92,0xe5,0x92,0xe5,0x92,0xe5,0x92,0x05,0x93,0xe5,0x92,
    0xe5,0x92,0xe5,0x92,0xe5,0x92,0xe5,0x92,0xe6,0x9a,0xe5,0x92,0xe5,0x92,0xc5,0x92,
    0xc4,0x92,0xc4,0x92,0xc4,0x92,0xe4,0x92,0xc4,0x92,0xc4,0x92,0xc4,0x92,0xc4,0x92,
    0xc4,0x92,0xc4,0x92,0xe4,0x92,0xe5,0x92,0xc5,0x8a,0xc4,0x8a,0xc5,0x92,0xe5,0x92,
    0xc5,0x92,0xc5,0x8a,0xc4,0x8a,0xa4,0x8a,0xa4,0x8a,0xa4,0x8a,0xc4,0x8a,0xc4,0x8a,
    0xc4,0x8a,0xc4,0x8a,0xc4,0x8a,0xc4,0x8a,0xe5,0x92,0xe5,0x92,0xe5,0x92,0xe5,0x92,
    0xe5,0x92,0x46,0x9b,0xcc,0xbc,0xcc,0xbc,0xcc,0xbc,0xac,0xbc,0xcc,0xbc,0xcc,0xbc,
    0xcc,0xbc,0xcc,0xbc,0xcc,0xbc,0xcc,0xbc,0xcc,0xbc,0xcc,0xbc,0xcc,0xbc,0xcc,0xbc,
    0xcc,0xbc,0xcc,0xbc,0xcc,0xbc,0xcc,0xbc,0xcc,0xbc,0xcc,0xbc,0xcc,0xbc,0xcc,0xbc,
    0xcc,0xbc,0xcc,0xbc,0xcc,0xbc,0xcc,0xbc,0xed,0xc4,0xf1,0xe5,0xd0,0xdd,0xf1,0xe5,
    0xf0,0xdd,0xd0,0xdd,0xb0,0xdd,0xaf,0xdd,0x8f,0xd5,0x6e,0xd5,0x4e,0xd5,0x2e,0xd5,
    0x0d,0xcd,0xed,0xc4,0xcc,0xc4,0x8b,0xbc,0x09,0xac,0xa8,0x9b,0x26,0x93,0x83,0x7a,
    0xe1,0x69,0xc1,0x69,0xc1,0x69,0xe2,0x71,0x44,0x82,0x84,0x8a,0x84,0x92,0xa5,0x92,
    0xa5,0x92,0xa4,0x92,0xc4,0x92,0xa3,0x92,0xa3,0x92,0xa4,0x92,0xa4,0x8a,0xc5,0x92,
    0xc5,0x92,0xc5,0x92,0xe5,0x92,0xe5,0x92,0x05,0x9b,0xe5,0x92,0xc5,0x92,0xe5,0x92,
    0xe5,0x92,0xe5,0x92,0xe5,0x92,0xe5,0x9a,0xe5,0x92,0xc5,0x92,0xc5,0x92,0xc5,0x92,
    0xc4,0x92,0xa4,0x8a,0xa4,0x92,0xc4,0x92,0xc4,0x92,0xc4,0x92,0xc4,0x92,0xc4,0x8a,
    0xe4,0x92,0xe4,0x92,0xe4,0x92,0xe4,0x92,0xe4,0x92,0xe4,0x92,0xe4,0x92,0xe4,0x92,
    0xe4,0x92,0xe4,0x92,0xe4,0x92,0xe4,0x92,0xe4,0x92,0xe4,0x92,0xe4,0x92,0xe5,0x92,
    0x05,0x9b,0xe5,0x92,0xe5,0x92,0xe5,0x92,0xe5,0x92,0xe5,0x92,0xe5,0x92,0xe5,0x92,
    0xe5,0x92,0x05,0x9b,0x05,0x9b,0xe5,0x9a,0xe5,0x9a,0x05,0x9b,0x05,0x9b,0x05,0x93,
    0x05,0x93,0x05,0x93,0x05,0x93,0xe5,0x92,0xe5,0x92,0xe4,0x92,0xe5,0x92,0xe6,0x9a,
    0xe6,0x9a,0xc6,0x92,0x65,0x8a,0x04,0x82,0x04,0x7a,0xa6,0x8a,0x28,0x93,0x8a,0x9b,
    0xca,0xa3,0xeb,0xa3,0x2c,0xac,0x6c,0xac,0xad,0xb4,0xcd,0xbc,0xed,0xbc,0x0e,0xc5,
    0x4e,0xcd,0x6f,0xcd,0x8f,0xd5,0x8f,0xd5,0x8f,0xd5,0x8f,0xd5,0x8f,0xd5,0xaf,0xd5,
    0xaf,0xd5,0xaf,0xd5,0x8f,0xcd,0x4e,0xcd,0x2e,0xc5,0x0e,0xc5,0xed,0xc4,0xcd,0xbc,
    0xac,0xbc,0x8c,0xb4,0x6b,0xb4,0x2b,0xac,0x0a,0xa4,0xea,0xa3,0xca,0xa3,0xaa,0xa3,
    0xe7,0x92,0x86,0x8a,0xe7,0x92,0x89,0xa3,0x8c,0xbc,0x8f,0xd5,0xf0,0xdd,0x31,0xe6,
    0x31,0xe6,0x31,0xe6,0x31,0xe6,0x31,0xe6,0x10,0xe6,0x10,0xde,0x10,0xe6,0x10,0xe6,
    0x10,0xe6,0x10,0xe6,0x10,0xe6,0x10,0xe6,0x10,0xde,0x10,0xe6,0x10,0xe6,0x10,0xe6,
    0x10,0xe6,0x10,0xe6,0x10,0xe6,0x10,0xe6,0x10,0xe6,0x10,0xe6,0x10,0xe6,0x10,0xe6,
    0x10,0xe6,0x10,0xe6,0x10,0xe6,0x10,0xe6,0x10,0xe6,0x31,0xe6,0x31,0xe6,0x10,0xe6,
    0x10,0xe6,0x10,0xde,0x10,0xde,0xf0,0xdd,0xf0,0xdd,0xf0,0xdd,0xf0,0xdd,0xef,0xdd,
    0xef,0xdd,0xef,0xdd,0xf0,0xdd,0xf0,0xdd,0xef,0xdd,0xef,0xdd,0xcf,0xdd,0xcf,0xdd,
    0xcf,0xd5,0xaf,0xd5,0x8e,0xd5,0x8e,0xd5,0x8e,0xcd,0x8e,0xcd,0x8e,0xd5,0x8e,0xd5,
    0x8f,0xd5,0x8f,0xd5,0xaf,0xd5,0x8f,0xd5,0x8e,0xd5,0x8f,0xd5,0xaf,0xd5,0x8f,0xd5,
    0x8f,0xd5,0x8f,0xd5,0x8e,0xd5,0x6e,0xd5,0x6e,0xd5,0x6e,0xcd,0x6e,0xcd,0x6e,0xcd,
    0x6e,0xcd,0x6e,0xd5,0x6e,0xcd,0x4d,0xcd,0x2d,0xcd,0x0d,0xc5,0xcc,0xbc,0x6a,0xb4,
    0x09,0xac,0x87,0xa3,0x26,0x9b,0x06,0x93,0xe5,0x92,0xc5,0x92,0xc5,0x92,0xe5,0x92,
    0xe5,0x92,0xe5,0x92,0xe5,0x92,0xc5,0x92,0xe5,0x92,0xe5,0x92,0xe6,0x92,0xe6,0x92,
    0xe5,0x92,0xe5,0x92,0xc5,0x92,0xe5,0x92,0xe5,0x92,0xe5,0x92,0x05,0x93,0xe5,0x92,
    0xe5,0x92,0xe5,0x92,0xe5,0x92,0xe5,0x92,0xe6,0x9a,0xe5,0x92,0xe5,0x92,0xc5,0x92,
    0xc4,0x92,0xc4,0x92,0xc4,0x92,0xe4,0x92,0xc4,0x92,0xc4,0x92,0xc4,0x92,0xc4,0x92,
    0xc4,0x92,0xc4,0x92,0xe5,0x92,0x05,0x93,0xe5,0x92,0xc5,0x92,0xc5,0x92,0xe5,0x92,
    0xe5,0x92,0xc5,0x92,0xc4,0x92,0xc4,0x8a,0xc4,0x8a,0xc4,0x8a,0xc5,0x92,0xc5,0x92,
    0xc5,0x8a,0xc4,0x8a,0xa4,0x8a,0xa4,0x8a,0xc4,0x8a,0xc4,0x92,0xc5,0x92,0xe5,0x92,
    0xc4,0x92,0x46,0x93,0xcc,0xbc,0xcc,0xbc,0xcc,0xbc,0xac,0xbc,0xcc,0xbc,0xcc,0xbc,
    0xcc,0xbc,0xcc,0xbc,0xcc,0xbc,0xcc,0xbc,0xcc,0xbc,0xcc,0xbc,0xcc,0xbc,0xcc,0xbc,
    0xcc,0xbc,0xcc,0xbc,0xcc,0xbc,0xcc,0xbc,0xcc,0xbc,0xcc,0xbc,0xcc,0xbc,0xcc,0xbc,
    0xcc,0xbc,0xcc,0xbc,0xcc,0xbc,0xcc,0xbc,0xcc,0xc4,0xd0,0xdd,0xb0,0xdd,0x8f,0xd5,
    0x8f,0xd5,0x8f,0xd5,0x8f,0xd5,0x4e,0xd5,0x0d,0xcd,0x0d,0xcd,0xed,0xcc,0xac,0xc4,
    0xac,0xc4,0x6b,0xbc,0xe9,0xab,0x06,0x93,0x43,0x7a,0xc1,0x69,0xc1,0x69,0xe1,0x69,
    0x01,0x72,0x02,0x72,0x22,0x7a,0x42,0x82,0x63,0x82,0x84,0x8a,0xa4,0x92,0xa4,0x92,
    0xa4,0x92,0xa4,0x92,0xa4,0x92,0xa4,0x92,0xa4,0x92,0xa4,0x92,0xa4,0x92,0xc5,0x92,
    0xe5,0x9a,0xc5,0x9a,0xc5,0x9a,0xe5,0x9a,0xe5,0x9a,0x06,0x9b,0x06,0x9b,0x06,0x9b,
    0x06,0x9b,0x06,0x9b,0x06,0x9b,0x06,0x9b,0x06,0x9b,0xe5,0x92,0xe5,0x92,0xe5,0x92,
    0xe5,0x92,0xc5,0x92,0xc5,0x92,0xc5,0x92,0xc5,0x92,0xe6,0x9a,0xc5,0x92,0xc5,0x92,
    0xe5,0x9a,0xe5,0x9a,0xe5,0x9a,0xe5,0x9a,0xe5,0x92,0xe4,0x92,0xe4,0x92,0xe4,0x92,
    0xe4,0x92,0xe4,0x92,0xe4,0x92,0xe4,0x92,0xc4,0x92,0xc4,0x92,0xc4,0x92,0xe5,0x92,
    0xe5,0x92,0xe5,0x92,0xe5,0x92,0xe5,0x92,0xe5,0x92,0xe5,0x92,0xe5,0x92,0xe5,0x92,
    0xe5,0x92,0xe5,0x92,0xe5,0x92,0xc4,0x92,0xe4,0x92,0xe4,0x92,0xe4,0x92,0xe4,0x92,
    0xe4,0x92,0xe4,0x92,0xc4,0x92,0xc5,0x92,0xc5,0x92,0xc5,0x92,0xe5,0x92,0xc5,0x8a,
    0xe6,0x92,0x07,0x9b,0xa6,0x8a,0x45,0x82,0x45,0x7a,0xc7,0x8a,0x49,0x93,0xaa,0x9b,
    0xeb,0xa3,0x0b,0xa4,0x4c,0xac,0x6d,0xb4,0xad,0xbc,0xae,0xbc,0xcd,0xbc,0x0e,0xc5,
    0x0e,0xcd,0x6f,0xcd,0x6f,0xcd,0x6f,0xcd,0x6f,0xcd,0x8f,0xcd,0x8f,0xd5,0xaf,0xd5,
    0xb0,0xd5,0x90,0xd5,0x6f,0xcd,0x2f,0xcd,0x0e,0xc5,0x0e,0xc5,0xee,0xc4,0xcd,0xbc,
    0xac,0xbc,0xac,0xb4,0x8b,0xb4,0x4b,0xac,0x0a,0xa4,0x0a,0xa4,0xeb,0xa3,0xca,0xa3,
    0x68,0x9b,0x06,0x93,0x27,0x93,0x0a,0xac,0xcd,0xc4,0x6f,0xcd,0xd0,0xd5,0xf0,0xdd,
    0x11,0xe6,0x10,0xe6,0x10,0xe6,0xf0,0xdd,0xf0,0xdd,0xf0,0xdd,0xf0,0xdd,0xf0,0xdd,
    0xf0,0xdd,0xf0,0xdd,0xf0,0xdd,0xf0,0xdd,0xf0,0xdd,0xf0,0xdd,0xf0,0xdd,0xf0,0xdd,
    0xf0,0xdd,0xf0,0xdd,0xf0,0xdd,0x10,0xe6,0x10,0xe6,0x10,0xe6,0x10,0xe6,0xf0,0xdd,
    0xf0,0xdd,0x10,0xe6,0x10,0xe6,0xf0,0xdd,0x10,0xe6,0x11,0xe6,0x31,0xe6,0x11,0xe6,
    0x10,0xe6,0x10,0xe6,0xf0,0xdd,0xf0,0xdd,0xf0,0xdd,0xf0,0xdd,0xf0,0xdd,0xd0,0xdd,
    0xf0,0xdd,0xf0,0xdd,0xf0,0xdd,0xf0,0xdd,0xf0,0xdd,0xf0,0xdd,0xcf,0xdd,0xcf,0xdd,
    0xaf,0xd5,0xaf,0xd5,0xaf,0xd5,0x8f,0xd5,0x8e,0xd5,0x8e,0xd5,0x8f,0xd5,0x8e,0xd5,
    0x8e,0xd5,0x8e,0xd5,0x8e,0xd5,0x8e,0xd5,0x8e,0xd5,0x8e,0xd5,0x8f,0xd5,0x8e,0xd5,
    0x6e,0xd5,0x4e,0xcd,0x4e,0xcd,0x4e,0xcd,0x4e,0xcd,0x2d,0xcd,0x2d,0xcd,0x4e,0xd5,
    0x4e,0xd5,0x2d,0xd5,0x4e,0xd5,0x2d,0xcd,0x0d,0xcd,0x0d,0xcd,0xec,0xc4,0x8b,0xbc,
    0x2a,0xb4,0x87,0xa3,0x46,0x9b,0x26,0x93,0x05,0x93,0xe5,0x92,0xe5,0x9a,0xe5,0x9a,
    0x05,0x9b,0xe5,0x9a,0xe5,0x9a,0xe5,0x9a,0xe5,0x9a,0xe5,0x9a,0xe5,0x92,0xe5,0x92,
    0xe5,0x92,0xe5,0x92,0xe5,0x92,0xe5,0x92,0x05,0x93,0x05,0x93,0xe5,0x92,0xe5,0x92,
    0xe4,0x92,0xe4,0x92,0xe4,0x92,0xe5,0x92,0xe5,0x9a,0xe5,0x9a,0x05,0x9b,0xe5,0x9a,
    0xe5,0x92,0xe5,0x92,0xe5,0x92,0xc4,0x92,0xc4,0x92,0xc4,0x92,0xc4,0x92,0xc4,0x92,
    0xc4,0x92,0xc4,0x92,0xc5,0x92,0xe5,0x92,0xc5,0x92,0xc4,0x92,0xc4,0x92,0xc4,0x92,
    0xc4,0x92,0xc4,0x92,0xc4,0x92,0xc4,0x92,0xc4,0x92,0xc4,0x92,0xc5,0x92,0xc4,0x8a,
    0xc4,0x8a,0xe4,0x92,0xc4,0x92,0xc4,0x92,0xa4,0x92,0xa4,0x92,0xa4,0x92,0xc4,0x92,
    0xa4,0x92,0x26,0x93,0xcc,0xbc,0xcc,0xbc,0xac,0xbc,0xcc,0xbc,0xcc,0xbc,0xcc,0xbc,
    0xcc,0xbc,0xcc,0xbc,0xcc,0xbc,0xcc,0xbc,0xcc,0xbc,0xcc,0xbc,0xcc,0xbc,0xcc,0xbc,
    0xcc,0xbc,0xcc,0xbc,0xcc,0xbc,0xcc,0xbc,0xcc,0xbc,0xcc,0xbc,0xcc,0xbc,0xcc,0xbc,
    0xcc,0xbc,0xcc,0xbc,0xcc,0xbc,0xac,0xbc,0xcc,0xc4,0x6f,0xd5,0x4f,0xd5,0x4e,0xcd,
    0x2e,0xcd,0x2e,0xcd,0x0e,0xcd,0xed,0xc4,0xac,0xbc,0xcd,0xc4,0x8c,0xbc,0xea,0xb3,
    0x68,0xa3,0x84,0x82,0xe2,0x71,0xa1,0x69,0x60,0x61,0x60,0x61,0x02,0x72,0x43,0x7a,
    0x43,0x7a,0x43,0x7a,0x43,0x82,0x63,0x82,0x63,0x8a,0x83,0x8a,0x83,0x92,0xa4,0x92,
    0xa4,0x92,0xa4,0x92,0xa4,0x92,0xa4,0x92,0xa4,0x92,0xa4,0x92,0xa5,0x92,0xc5,0x92,
    0xc5,0x92,0xc5,0x92,0xc5,0x92,0xc5,0x92,0xe5,0x9a,0xe5,0x9a,0xe5,0x9a,0xe5,0x9a,
    0xe5,0x9a,0xe5,0x92,0xe5,0x9a,0xe5,0x9a,0xe5,0x9a,0xe5,0x92,0xe5,0x92,0xe5,0x92,
    0xe5,0x92,0xe5,0x9a,0xe5,0x9a,0xe5,0x9a,0xe6,0x9a,0x06,0x9b,0xe6,0x9a,0xe6,0x9a,
    0xe5,0x9a,0xe5,0x9a,0xe5,0x9a,0xe5,0x9a,0xe5,0x92,0xe5,0x92,0xe5,0x92,0xe4,0x92,
    0xe5,0x92,0xe4,0x92,0xe4,0x92,0xe4,0x92,0xe5,0x92,0xe5,0x92,0xe5,0x92,0xe5,0x92,
    0xc4,0x92,0xc4,0x92,0xc4,0x92,0xe5,0x92,0xe5,0x92,0xe5,0x92,0xe5,0x92,0xc5,0x8a,
    0xc5,0x8a,0xc5,0x8a,0xc4,0x8a,0xc4,0x8a,0xc4,0x8a,0xc4,0x92,0xc4,0x92,0xc4,0x8a,
    0xc4,0x8a,0xc4,0x92,0xc5,0x92,0xc5,0x92,0xc5,0x92,0xc4,0x92,0xc4,0x92,0xc5,0x8a,
    0xe6,0x92,0x07,0x93,0xe7,0x92,0x86,0x82,0x86,0x82,0x08,0x93,0x49,0x9b,0xaa,0x9b,
    0xeb,0xa3,0x0b,0xa4,0x4c,0xac,0x6c,0xb4,0xad,0xbc,0xcd,0xbc,0xee,0xc4,0x0e,0xc5,
    0x0e,0xc5,0x4f,0xcd,0x6f,0xcd,0x6f,0xcd,0x6f,0xcd,0x6f,0xcd,0x6f,0xcd,0x8f,0xd5,
    0x8f,0xd5,0x6f,0xd5,0x4f,0xcd,0x2e,0xc5,0x0e,0xc5,0x0e,0xc5,0x0e,0xc5,0xed,0xbc,
    0xcd,0xbc,0xac,0xb4,0x8c,0xb4,0x4b,0xac,0x2b,0xac,0x2b,0xac,0x0b,0xac,0xca,0xa3,
    0x89,0x9b,0x47,0x93,0x68,0x9b,0x2a,0xac,0xed,0xc4,0x6f,0xcd,0xb0,0xd5,0xf0,0xdd,
    0xf0,0xdd,0xf0,0xdd,0xf0,0xdd,0xf0,0xdd,0xf0,0xdd,0xf0,0xdd,0xf0,0xdd,0xf0,0xdd,
    0xf0,0xdd,0xf0,0xdd,0xf0,0xdd,0xf0,0xdd,0xf0,0xdd,0xf0,0xdd,0xf0,0xdd,0xf0,0xdd,
    0xf0,0xdd,0xf0,0xdd,0xf0,0xdd,0xf0,0xdd,0x10,0xe6,0x10,0xe6,0x10,0xe6,0xf0,0xdd,
    0x10,0xe6,0x10,0xe6,0x10,0xe6,0x10,0xe6,0x10,0xe6,0x10,0xe6,0x10,0xe6,0x11,0xe6,
    0x10,0xe6,0x10,0xe6,0xf0,0xdd,0xf0,0xdd,0xf0,0xdd,0xf0,0xdd,0xf0,0xdd,0xd0,0xdd,
    0xf0,0xdd,0xf0,0xdd,0xf0,0xdd,0xf0,0xdd,0xf0,0xdd,0xf0,0xdd,0xcf,0xdd,0xcf,0xdd,
    0xaf,0xd5,0xaf,0xd5,0xaf,0xd5,0x8f,0xd5,0x8e,0xd5,0x8e,0xd5,0x8e,0xd5,0x8e,0xd5,
    0x8e,0xd5,0x8e,0xd5,0x8e,0xd5,0x6e,0xcd,0x6e,0xcd,0x6e,0xcd,0x6e,0xcd,0x6e,0xcd,
    0x6e,0xd5,0x4e,0xcd,0x2d,0xcd,0x2d,0xcd,0x2d,0xcd,0x2d,0xcd,0x2d,0xcd,0x2d,0xcd,
    0x2d,0xcd,0x2d,0xcd,0x2d,0xcd,0x0d,0xcd,0xec,0xc4,0xec,0xc4,0xcc,0xc4,0x8b,0xbc,
    0x2a,0xb4,0x87,0xa3,0x46,0x93,0x26,0x93,0x05,0x93,0xe5,0x92,0xe5,0x9a,0xe5,0x9a,
    0x05,0x9b,0xe5,0x9a,0xe5,0x9a,0xe5,0x9a,0xe5,0x9a,0xe5,0x9a,0xe5,0x9a,0xe5,0x92,
    0xe5,0x92,0xe5,0x9a,0xe5,0x9a,0x05,0x9b,0x05,0x93,0x05,0x93,0x05,0x93,0xe5,0x92,
    0xe5,0x92,0xe5,0x92,0xe5,0x92,0xe5,0x92,0xe5,0x9a,0xe5,0x9a,0x05,0x9b,0xe5,0x9a,
    0xe5,0x9a,0xe5,0x9a,0xe5,0x9a,0xe4,0x92,0xe4,0x92,0xe4,0x92,0xe4,0x92,0xe5,0x92,
    0xe5,0x92,0xe5,0x92,0xe5,0x92,0xe5,0x9a,0xe5,0x92,0xc5,0x92,0xc5,0x92,0xc5,0x92,
    0xc5,0x92,0xc5,0x92,0xc5,0x92,0xc5,0x92,0xc5,0x92,0xc5,0x92,0xe5,0x92,0xc4,0x92,
    0xc4,0x92,0xe5,0x92,0xc4,0x92,0xc4,0x92,0xc4,0x92,0xc4,0x92,0xc5,0x92,0xc5,0x92,
    0xa5,0x92,0x26,0x93,0xcc,0xbc,0xcc,0xbc,0xac,0xbc,0xcc,0xbc,0xcc,0xbc,0xcc,0xbc,
    0xcc,0xbc,0xcc,0xbc,0xcc,0xbc,0xcc,0xbc,0xcc,0xbc,0xcc,0xbc,0xcc,0xbc,0xcc,0xbc,
    0xcc,0xbc,0xcc,0xbc,0xcc,0xbc,0xcc,0xbc,0xcc,0xbc,0xcc,0xbc,0xcc,0xbc,0xcc,0xbc,
    0xcc,0xbc,0xcc,0xbc,0xcc,0xbc,0xac,0xbc,0xcc,0xbc,0x2e,0xcd,0x0d,0xcd,0xed,0xc4,
    0xed,0xc4,0xed,0xc4,0xcd,0xc4,0xac,0xbc,0x6b,0xbc,0xc9,0xa3,0xe6,0x8a,0x03,0x72,
    0x81,0x61,0x81,0x61,0x81,0x61,0xa1,0x69,0xe2,0x71,0xe2,0x71,0x23,0x7a,0x43,0x7a,
    0x43,0x7a,0x63,0x82,0x63,0x8a,0x83,0x8a,0x83,0x8a,0x83,0x8a,0x84,0x92,0x84,0x92,
    0x84,0x92,0xa4,0x92,0xa4,0x92,0xa4,0x92,0xa4,0x92,0xc5,0x92,0xc5,0x92,0xa5,0x92,
    0xa4,0x92,0xa4,0x92,0xa4,0x92,0xa5,0x92,0xc5,0x92,0xc5,0x92,0xe5,0x92,0xe5,0x92,
    0xe5,0x92,0xc5,0x92,0xc5,0x92,0xe5,0x92,0xe5,0x92,0xe5,0x92,0xe5,0x92,0xc5,0x92,
    0xe5,0x92,0xe5,0x9a,0xe5,0x9a,0xe5,0x9a,0xe6,0x9a,0xe6,0x9a,0xe6,0x9a,0xe5,0x9a,
    0xe5,0x9a,0xe5,0x9a,0xe5,0x9a,0xe5,0x9a,0x05,0x93,0x05,0x93,0xe5,0x92,0xe5,0x92,
    0xe5,0x92,0xe5,0x92,0xe5,0x92,0xe4,0x92,0xe5,0x92,0xe5,0x92,0xe5,0x92,0xe5,0x92,
    0xe5,0x92,0xe5,0x92,0xe5,0x92,0xe5,0x92,0xe5,0x92,0xe5,0x92,0xc5,0x92,0xc5,0x92,
    0xc5,0x8a,0xc5,0x8a,0xc5,0x8a,0xc4,0x8a,0xa4,0x8a,0xc4,0x8a,0xc4,0x8a,0xa3,0x8a,
    0xa4,0x8a,0xc4,0x92,0xc5,0x92,0xa5,0x92,0xc5,0x92,0xc4,0x8a,0xc4,0x8a,0xc5,0x8a,
    0xe6,0x92,0xe6,0x92,0x28,0x93,0xe7,0x8a,0xe7,0x8a,0x69,0x9b,0xaa,0x9b,0xeb,0xa3,
    0x2c,0xac,0x4c,0xac,0x4c,0xac,0x6c,0xb4,0xad,0xbc,0xcd,0xbc,0xee,0xc4,0x0e,0xc5,
    0xee,0xc4,0x2e,0xc5,0x4f,0xcd,0x4e,0xcd,0x4e,0xcd,0x4e,0xcd,0x4f,0xcd,0x6f,0xcd,
    0x6f,0xcd,0x6f,0xcd,0x2e,0xcd,0x0e,0xc5,0xed,0xc4,0xed,0xbc,0xed,0xbc,0xed,0xbc,
    0xcd,0xbc,0xac,0xb4,0x8c,0xb4,0x6c,0xac,0x4b,0xac,0x2b,0xac,0x2b,0xac,0xeb,0xa3,
    0xc9,0xa3,0xa8,0xa3,0xc9,0xa3,0x6b,0xb4,0xed,0xc4,0x6f,0xd5,0xaf,0xd5,0xb0,0xd5,
    0xf0,0xdd,0xf0,0xdd,0xd0,0xdd,0xd0,0xdd,0xd0,0xdd,0xd0,0xdd,0xd0,0xdd,0xd0,0xdd,
    0xf0,0xdd,0xf0,0xdd,0xf0,0xdd,0xf0,0xdd,0xf0,0xdd,0xf0,0xdd,0xf0,0xdd,0xf0,0xdd,
    0xf0,0xdd,0xf0,0xdd,0xf0,0xdd,0xf0,0xdd,0x10,0xe6,0x10,0xe6,0x10,0xe6,0x10,0xe6,
    0x10,0xe6,0x10,0xe6,0x10,0xe6,0x11,0xe6,0x10,0xe6,0x10,0xe6,0x10,0xe6,0x10,0xe6,
    0x10,0xe6,0xf0,0xdd,0xf0,0xdd,0xf0,0xdd,0xf0,0xdd,0xf0,0xdd,0xf0,0xdd,0xd0,0xdd,
    0xf0,0xdd,0xf0,0xdd,0xf0,0xdd,0xf0,0xdd,0xf0,0xdd,0xf0,0xdd,0xd0,0xdd,0xcf,0xdd,
    0xaf,0xd5,0xaf,0xd5,0xaf,0xd5,0xaf,0xd5,0x8f,0xd5,0x8e,0xd5,0x8e,0xd5,0x8e,0xd5,
    0x6e,0xcd,0x6e,0xcd,0x6e,0xcd,0x6e,0xcd,0x6e,0xcd,0x6e,0xcd,0x6e,0xcd,0x4e,0xcd,
    0x4e,0xcd,0x2d,0xcd,0x2d,0xcd,0x2d,0xcd,0x2d,0xcd,0x2d,0xcd,0x2d,0xcd,0x0d,0xcd,
    0x0d,0xcd,0x0d,0xcd,0x0d,0xcd,0xec,0xc4,0xcc,0xc4,0xcc,0xc4,0xcc,0xc4,0x8b,0xbc,
    0x2a,0xb4,0x87,0x9b,0x46,0x93,0x26,0x93,0x05,0x93,0xe5,0x92,0xe5,0x9a,0xe5,0x9a,
    0x05,0x9b,0xe5,0x9a,0xe5,0x9a,0xe5,0x9a,0x05,0x9b,0x05,0x9b,0xe5,0x9a,0xe5,0x9a,
    0xe5,0x9a,0x05,0x9b,0x05,0x9b,0x05,0x9b,0x25,0x93,0x05,0x93,0x05,0x93,0x05,0x93,
    0x05,0x93,0x05,0x93,0x05,0x93,0xe5,0x92,0xe5,0x9a,0xe5,0x9a,0x05,0x9b,0x05,0x9b,
    0x05,0x9b,0x05,0x9b,0x05,0x9b,0xe5,0x92,0xe5,0x92,0xe5,0x92,0xe5,0x92,0xe5,0x9a,
    0xe5,0x9a,0xe5,0x9a,0xe5,0x9a,0x05,0x9b,0xe5,0x9a,0xe5,0x92,0xc5,0x92,0xc5,0x92,
    0xc5,0x92,0xc5,0x92,0xe5,0x9a,0xe5,0x9a,0xe5,0x92,0xe5,0x92,0x05,0x9b,0xe5,0x92,
    0xe5,0x92,0x05,0x93,0xe5,0x92,0xe5,0x92,0xe5,0x92,0xc5,0x92,0xc5,0x92,0xc5,0x92,
    0xc5,0x92,0x26,0x93,0xcc,0xbc,0xcc,0xbc,0xac,0xbc,0xcc,0xbc,0xcc,0xbc,0xcc,0xbc,
    0xcc,0xbc,0xcc,0xbc,0xcc,0xbc,0xcc,0xbc,0xcc,0xbc,0xcc,0xbc,0xcc,0xbc,0xcc,0xbc,
    0xcc,0xbc,0xcc,0xbc,0xcc,0xbc,0xcc,0xbc,0xcc,0xbc,0xcc,0xbc,0xcc,0xbc,0xcc,0xbc,
    0xcc,0xbc,0xcc,0xbc,0xcc,0xbc,0xac,0xbc,0xcc,0xbc,0xed,0xc4,0xcc,0xc4,0xac,0xbc,
    0x8c,0xbc,0x6c,0xbc,0x2a,0xb4,0x47,0x93,0x84,0x82,0xe2,0x69,0x60,0x59,0x40,0x59,
    0x81,0x69,0xc2,0x71,0xe2,0x71,0xe2,0x71,0x03,0x72,0x23,0x7a,0x43,0x7a,0x63,0x82,
    0x63,0x82,0x63,0x82,0x84,0x8a,0x84,0x8a,0x84,0x8a,0x84,0x8a,0x84,0x8a,0x84,0x8a,
    0xa4,0x92,0xa4,0x92,0xa4,0x92,0xa4,0x92,0xa4,0x92,0xc4,0x92,0xc5,0x92,0xa4,0x92,
    0xa4,0x92,0x84,0x92,0x84,0x92,0xa4,0x92,0xa4,0x92,0xa5,0x92,0xc5,0x92,0xc5,0x92,
    0xc5,0x92,0xa4,0x92,0xc5,0x92,0xc5,0x92,0xc5,0x92,0xe5,0x92,0xe5,0x92,0xe5,0x92,
    0xc5,0x92,0xc5,0x92,0xc5,0x92,0xc5,0x92,0xc5,0x9a,0xc6,0x9a,0xc5,0x9a,0xc5,0x9a,
    0xe5,0x9a,0xe5,0x9a,0xe5,0x9a,0xe5,0x9a,0xe5,0x92,0xe5,0x92,0xe5,0x92,0xe5,0x92,
    0xe5,0x92,0xe5,0x92,0xe5,0x92,0xe5,0x92,0xe5,0x92,0xe5,0x92,0xe5,0x92,0xe5,0x92,
    0x05,0x93,0x05,0x93,0x05,0x93,0xe5,0x92,0xe5,0x92,0xe5,0x92,0xe5,0x92,0xe5,0x92,
    0xe5,0x92,0xe5,0x92,0xe5,0x92,0xc4,0x8a,0xc4,0x8a,0xc4,0x8a,0xc4,0x8a,0xa4,0x8a,
    0xc4,0x8a,0xc4,0x92,0xc5,0x92,0xa5,0x8a,0xc5,0x8a,0xc4,0x8a,0xa4,0x8a,0xc5,0x8a,
    0xc5,0x8a,0xe6,0x92,0x48,0x9b,0x28,0x93,0x28,0x93,0x8a,0x9b,0xeb,0xa3,0x2c,0xac,
    0x6d,0xac,0x6d,0xb4,0x6c,0xac,0x8d,0xb4,0xad,0xb4,0xcd,0xb4,0xee,0xbc,0x0e,0xbd,
    0xed,0xbc,0x0e,0xc5,0x2e,0xc5,0x2e,0xc5,0x2e,0xc5,0x2e,0xc5,0x2e,0xc5,0x4e,0xcd,
    0x4f,0xcd,0x4e,0xcd,0x2e,0xc5,0x0d,0xc5,0xcd,0xbc,0xac,0xb4,0xac,0xb4,0xac,0xb4,
    0xad,0xbc,0x8c,0xb4,0x8c,0xb4,0x8c,0xb4,0x6c,0xb4,0x4b,0xac,0x4b,0xac,0x0b,0xac,
    0xea,0xa3,0xea,0xa3,0x2a,0xac,0x8c,0xbc,0x0d,0xc5,0x6f,0xd5,0x8f,0xd5,0xaf,0xd5,
    0xd0,0xdd,0xd0,0xdd,0xd0,0xdd,0xd0,0xdd,0xd0,0xdd,0xd0,0xdd,0xd0,0xdd,0xd0,0xdd,
    0xd0,0xdd,0xd0,0xdd,0xd0,0xdd,0xd0,0xdd,0xd0,0xdd,0xd0,0xdd,0xd0,0xdd,0xd0,0xdd,
    0xd0,0xdd,0xd0,0xdd,0xf0,0xdd,0xf0,0xdd,0xf0,0xdd,0xf0,0xdd,0xf0,0xdd,0x10,0xe6,
    0x10,0xe6,0x10,0xe6,0x10,0xe6,0x11,0xe6,0x10,0xe6,0x10,0xe6,0xf0,0xdd,0x10,0xe6,
    0xf0,0xdd,0xf0,0xdd,0xf0,0xdd,0xf0,0xdd,0xf0,0xdd,0xf0,0xdd,0xf0,0xdd,0xd0,0xdd,
    0xf0,0xdd,0xf0,0xdd,0xf0,0xdd,0xf0,0xdd,0xf0,0xdd,0xf0,0xdd,0xd0,0xdd,0xcf,0xdd,
    0xcf,0xdd,0xaf,0xd5,0xaf,0xd5,0xaf,0xd5,0x8f,0xd5,0x8e,0xd5,0x8e,0xd5,0x6e,0xcd,
    0x6e,0xcd,0x6e,0xcd,0x6e,0xcd,0x4e,0xcd,0x4e,0xcd,0x4e,0xcd,0x4e,0xcd,0x4e,0xcd,
    0x2d,0xcd,0x2d,0xcd,0x0d,0xc5,0x0d,0xcd,0x0d,0xcd,0x2d,0xcd,0x0d,0xcd,0xec,0xcc,
    0xec,0xc4,0xec,0xc4,0xec,0xc4,0xec,0xc4,0xcc,0xc4,0xab,0xbc,0xab,0xbc,0x8b,0xbc,
    0x2a,0xb4,0x87,0xa3,0x46,0x93,0x26,0x93,0x05,0x93,0xe5,0x9a,0xe5,0x9a,0xe5,0x9a,
    0x05,0x9b,0x05,0x9b,0xe5,0x9a,0xe5,0x9a,0x05,0x9b,0x05,0x9b,0x05,0x9b,0x05,0x9b,
    0x05,0x9b,0x05,0x9b,0x05,0x9b,0x05,0x9b,0x05,0x9b,0x05,0x9b,0x05,0x9b,0x05,0x93,
    0xe5,0x92,0xe5,0x92,0xe5,0x92,0xe5,0x9a,0xe5,0x9a,0x05,0x9b,0x05,0x9b,0x06,0x9b,
    0x05,0x9b,0x05,0x9b,0x05,0x9b,0xe5,0x92,0xe5,0x92,0xe5,0x92,0xe5,0x9a,0x05,0x9b,
    0x05,0x9b,0x05,0x9b,0x05,0x9b,0x05,0x9b,0xe5,0x9a,0xe5,0x9a,0xe5,0x92,0xe5,0x92,
    0xe5,0x92,0xe5,0x92,0xe5,0x9a,0xe5,0x9a,0xe5,0x9a,0xe5,0x9a,0x05,0x9b,0xe5,0x92,
    0x05,0x93,0x05,0x9b,0x05,0x9b,0xe5,0x9a,0xe5,0x9a,0xe5,0x92,0xc5,0x92,0xe5,0x92,
    0xc5,0x92,0x47,0x9b,0xcc,0xbc,0xcc,0xbc,0xac,0xbc,0xcc,0xbc,0xcc,0xbc,0xcc,0xbc,
    0xcc,0xbc,0xcc,0xbc,0xcc,0xbc,0xcc,0xbc,0xcc,0xbc,0xcc,0xbc,0xcc,0xbc,0xcc,0xbc,
    0xcc,0xbc,0xcc,0xbc,0xcc,0xbc,0xcc,0xbc,0xcc,0xbc,0xcc,0xbc,0xcc,0xbc,0xcc,0xbc,
    0xcc,0xbc,0xcc,0xbc,0xcc,0xbc,0xcc,0xbc,0xcc,0xbc,0xac,0xbc,0x6b,0xb4,0x2b,0xb4,
    0x68,0x9b,0x64,0x7a,0xc2,0x69,0x60,0x59,0x20,0x59,0x60,0x61,0xa1,0x69,0xc1,0x69,
    0xe2,0x71,0x03,0x72,0x23,0x7a,0x23,0x7a,0x44,0x82,0x64,0x82,0x64,0x82,0x84,0x8a,
    0x84,0x8a,0x84,0x8a,0x84,0x8a,0xa4,0x92,0x84,0x92,0x84,0x92,0x84,0x8a,0x84,0x8a,
    0xa4,0x8a,0xa4,0x92,0xa4,0x8a,0xa4,0x8a,0x84,0x8a,0x84,0x8a,0xa4,0x92,0xa4,0x92,
    0xa4,0x92,0xa4,0x92,0x84,0x8a,0x84,0x8a,0x84,0x8a,0x84,0x8a,0xa4,0x8a,0xa4,0x8a,
    0xa4,0x8a,0x84,0x8a,0xa4,0x8a,0xc5,0x92,0xc5,0x92,0xe5,0x92,0xe5,0x92,0xc5,0x92,
    0xc5,0x92,0xc5,0x92,0xc5,0x92,0xc5,0x9a,0xc5,0x9a,0xc6,0x9a,0xe5,0x9a,0xe6,0x9a,
    0xc5,0x9a,0xc5,0x92,0xc4,0x92,0xc4,0x92,0xc5,0x92,0xc5,0x92,0xc5,0x92,0xe5,0x92,
    0xe5,0x92,0xc5,0x92,0xc4,0x8a,0xc4,0x92,0xe5,0x92,0xe5,0x92,0xe5,0x92,0xe5,0x92,
    0x05,0x93,0x05,0x93,0x05,0x93,0x05,0x93,0xe5,0x92,0x05,0x93,0x05,0x93,0x05,0x93,
    0x05,0x93,0xe5,0x92,0xe5,0x92,0xe5,0x92,0xe5,0x92,0xe5,0x92,0xe5,0x92,0xe5,0x92,
    0xe5,0x92,0xe5,0x92,0xc5,0x92,0xc5,0x8a,0xc5,0x8a,0xc4,0x8a,0xc4,0x8a,0xa4,0x8a,
    0xc5,0x8a,0x27,0x93,0x69,0x9b,0x89,0x9b,0xaa,0x9b,0x0b,0xa4,0x2c,0xac,0x6d,0xac,
    0x4c,0xac,0x6c,0xac,0x8d,0xac,0x8d,0xac,0x8d,0xac,0x8d,0xac,0xad,0xb4,0xad,0xb4,
    0xad,0xb4,0xad,0xb4,0xcd,0xbc,0xed,0xbc,0x0e,0xc5,0x0e,0xc5,0xed,0xbc,0xed,0xbc,
    0xed,0xbc,0xed,0xbc,0xed,0xbc,0xac,0xb4,0x6c,0xac,0x6b,0xac,0x6c,0xb4,0x8d,0xb4,
    0x6c,0xac,0x8c,0xb4,0x8d,0xb4,0x8c,0xb4,0x6c,0xb4,0x4b,0xac,0x4b,0xac,0x2b,0xac,
    0x2b,0xac,0x4b,0xac,0x8c,0xb4,0xcd,0xbc,0x0d,0xc5,0x4e,0xd5,0x8f,0xd5,0x8f,0xd5,
    0xaf,0xd5,0xb0,0xd5,0xb0,0xd5,0xb0,0xd5,0xb0,0xdd,0xb0,0xdd,0xb0,0xd5,0xaf,0xd5,
    0xd0,0xdd,0xd0,0xdd,0xd0,0xdd,0xcf,0xdd,0xd0,0xdd,0xd0,0xdd,0xd0,0xdd,0xd0,0xdd,
    0xcf,0xdd,0xcf,0xdd,0xcf,0xdd,0xf0,0xdd,0xf0,0xdd,0xf0,0xdd,0xf0,0xdd,0xf0,0xdd,
    0x10,0xe6,0x10,0xe6,0x10,0xe6,0xf0,0xdd,0xf0,0xdd,0x10,0xe6,0x10,0xe6,0xf0,0xdd,
    0xf0,0xdd,0xf0,0xdd,0xf0,0xdd,0xf0,0xdd,0xf0,0xdd,0xf0,0xdd,0xf0,0xdd,0xd0,0xdd,
    0xd0,0xdd,0xd0,0xdd,0xd0,0xdd,0xd0,0xdd,0xd0,0xdd,0xd0,0xdd,0xcf,0xdd,0xcf,0xdd,
    0xcf,0xdd,0xcf,0xdd,0xaf,0xd5,0xaf,0xd5,0x8f,0xd5,0x8e,0xd5,0x8e,0xd5,0x6e,0xcd,
    0x6e,0xcd,0x4d,0xcd,0x4d,0xcd,0x4d,0xcd,0x4d,0xcd,0x4d,0xcd,0x2d,0xc5,0x2d,0xcd,
    0x2d,0xc5,0x0d,0xc5,0xec,0xc4,0xec,0xc4,0x0d,0xcd,0x0d,0xcd,0x0d,0xcd,0xec,0xc4,
    0xcc,0xc4,0xec,0xc4,0xcc,0xc4,0xcc,0xc4,0xab,0xbc,0x8b,0xbc,0x8b,0xbc,0x6a,0xb4,
    0x29,0xb4,0xa8,0xa3,0x67,0x9b,0x26,0x93,0x05,0x93,0x05,0x9b,0x05,0x9b,0x05,0x9b,
    0x05,0x9b,0x05,0x9b,0x05,0x9b,0x05,0x9b,0x05,0x9b,0x05,0x9b,0x05,0x9b,0x05,0x9b,
    0x05,0x9b,0x05,0x9b,0x05,0x9b,0x05,0x9b,0x05,0x9b,0x05,0x9b,0x05,0x9b,0x05,0x9b,
    0xe5,0x92,0xe5,0x92,0xe5,0x92,0xe5,0x9a,0xe5,0x9a,0xe5,0x9a,0xe5,0x9a,0xe5,0x9a,
    0xe5,0x9a,0x05,0x9b,0x05,0x9b,0x05,0x9b,0x05,0x9b,0x05,0x9b,0x05,0x9b,0x05,0x9b,
    0x05,0x9b,0x05,0x9b,0x05,0x9b,0x05,0x9b,0x05,0x9b,0xe5,0x9a,0xe5,0x9a,0xe5,0x9a,
    0x05,0x9b,0x05,0x9b,0xe5,0x9a,0xe5,0x9a,0xe5,0x9a,0x05,0x9b,0x05,0x9b,0x05,0x9b,
    0x05,0x93,0x05,0x93,0xe5,0x9a,0x05,0x9b,0x05,0x9b,0xe5,0x9a,0xe5,0x92,0xe5,0x9a,
    0xe5,0x92,0x47,0x9b,0xac,0xbc,0xcc,0xbc,0xcc,0xbc,0xcc,0xbc,0xcc,0xbc,0xcc,0xbc,
    0xcc,0xbc,0xcc,0xbc,0xcc,0xbc,0xcc,0xbc,0xcc,0xbc,0xcc,0xbc,0xcc,0xbc,0xcc,0xbc,
    0xcc,0xbc,0xcc,0xbc,0xcc,0xbc,0xcc,0xbc,0xcc,0xbc,0xcc,0xbc,0xcc,0xbc,0xcc,0xbc,
    0xcc,0xbc,0xcc,0xbc,0xcc,0xbc,0xcc,0xbc,0xac,0xbc,0xa8,0x9b,0xc4,0x82,0x43,0x72,
    0xa1,0x61,0x40,0x59,0x60,0x61,0x81,0x61,0xa1,0x69,0xe2,0x71,0x23,0x7a,0x23,0x7a,
    0x43,0x7a,0x43,0x82,0x63,0x82,0x64,0x82,0x84,0x82,0x84,0x8a,0xa5,0x8a,0xa5,0x92,
    0xa5,0x92,0xa5,0x92,0xa4,0x92,0xa4,0x92,0xa4,0x92,0xa4,0x92,0xa4,0x8a,0xa4,0x8a,
    0xa4,0x8a,0xa4,0x8a,0xa4,0x8a,0xa4,0x8a,0x84,0x8a,0x84,0x8a,0xa4,0x92,0xa4,0x92,
    0xa4,0x92,0xa4,0x92,0xa4,0x92,0x84,0x92,0x84,0x8a,0xa4,0x8a,0xa4,0x92,0xa4,0x92,
    0xa4,0x92,0xa4,0x92,0xa4,0x92,0xc5,0x92,0xc5,0x92,0xa4,0x8a,0xa4,0x8a,0xa4,0x8a,
    0xa4,0x92,0xc5,0x92,0xc5,0x92,0xc5,0x92,0xc5,0x92,0xc5,0x92,0xc5,0x92,0xc5,0x92,
    0xc5,0x92,0xa4,0x92,0xa4,0x92,0xa4,0x92,0xc4,0x92,0xc5,0x8a,0xc5,0x8a,0xc5,0x8a,
    0xe5,0x92,0xe5,0x92,0xc5,0x8a,0xc5,0x8a,0xe5,0x92,0xe5,0x92,0xe5,0x92,0xe5,0x92,
    0xe5,0x92,0xe5,0x92,0x05,0x93,0xe5,0x92,0xe5,0x92,0xe5,0x92,0xe5,0x92,0xe5,0x92,
    0xe5,0x92,0xe5,0x92,0xe5,0x92,0xe5,0x92,0xe5,0x92,0xe5,0x92,0xe5,0x92,0xe5,0x92,
    0xe5,0x92,0xe5,0x92,0xe5,0x92,0xc5,0x92,0xc5,0x8a,0xc4,0x8a,0xc4,0x8a,0xc5,0x8a,
    0xe6,0x8a,0x47,0x93,0x89,0x9b,0xaa,0x9b,0xeb,0xa3,0x2b,0xa4,0x4c,0xac,0x4c,0xac,
    0x4c,0xac,0x6d,0xac,0x4d,0xa4,0x2c,0x9c,0x0b,0x9c,0x4c,0xa4,0x2c,0xa4,0x0b,0x9c,
    0x0b,0x9c,0x2b,0xa4,0x6c,0xac,0xac,0xb4,0xcd,0xbc,0xcd,0xbc,0xad,0xb4,0xac,0xb4,
    0x8c,0xb4,0x8c,0xac,0x8c,0xb4,0x6c,0xac,0x0a,0xa4,0xa9,0x93,0x48,0x8b,0x28,0x83,
    0x28,0x83,0xa9,0x93,0x2b,0xa4,0x4c,0xac,0x4b,0xac,0x4b,0xac,0x4b,0xb4,0x4b,0xb4,
    0x6b,0xb4,0x8c,0xb4,0xac,0xbc,0xed,0xc4,0x0d,0xc5,0x4e,0xcd,0x8f,0xd5,0x8f,0xd5,
    0xaf,0xd5,0xb0,0xd5,0xb0,0xd5,0xb0,0xd5,0xb0,0xd5,0xaf,0xd5,0xaf,0xd5,0xaf,0xd5,
    0xcf,0xdd,0xaf,0xd5,0xaf,0xd5,0xaf,0xd5,0xaf,0xd5,0xaf,0xd5,0xaf,0xd5,0xaf,0xd5,
    0xaf,0xd5,0xcf,0xdd,0xcf,0xdd,0xcf,0xdd,0xcf,0xdd,0xcf,0xdd,0xcf,0xdd,0xf0,0xdd,
    0xf0,0xdd,0xf0,0xdd,0xf0,0xdd,0xd0,0xdd,0xd0,0xdd,0xf0,0xdd,0xf0,0xdd,0xd0,0xdd,
    0xcf,0xdd,0xcf,0xdd,0xcf,0xdd,0xd0,0xdd,0xd0,0xdd,0xd0,0xdd,0xcf,0xdd,0xcf,0xdd,
    0xcf,0xdd,0xcf,0xdd,0xcf,0xdd,0xcf,0xdd,0xcf,0xdd,0xcf,0xdd,0xcf,0xdd,0xcf,0xdd,
    0xcf,0xdd,0xcf,0xdd,0xaf,0xd5,0xaf,0xd5,0xaf,0xd5,0x8e,0xd5,0x6e,0xcd,0x6e,0xcd,
    0x4e,0xcd,0x4d,0xcd,0x2d,0xc5,0x2d,0xc5,0x2d,0xc5,0x2d,0xc5,0x2d,0xc5,0x0d,0xc5,
    0x0d,0xc5,0xed,0xc4,0xec,0xc4,0xcc,0xc4,0xec,0xc4,0xec,0xc4,0xec,0xc4,0xcc,0xc4,
    0xcc,0xc4,0xcc,0xc4,0xcc,0xc4,0xab,0xbc,0x6b,0xbc,0x4a,0xb4,0x6a,0xb4,0x2a,0xb4,
    0x09,0xac,0xa8,0xa3,0x67,0x9b,0x46,0x9b,0x25,0x9b,0x25,0x9b,0x05,0x9b,0x05,0x9b,
    0x05,0x9b,0x05,0x9b,0x05,0x9b,0x05,0x9b,0x05,0x9b,0x05,0x9b,0x25,0x9b,0x25,0x9b,
    0x05,0x9b,0x05,0x9b,0x05,0x9b,0x05,0x9b,0x05,0x9b,0x05,0x9b,0x05,0x9b,0x05,0x9b,
    0x05,0x9b,0x05,0x9b,0x05,0x9b,0xe5,0x92,0xe5,0x92,0xe5,0x92,0xe5,0x92,0xe5,0x92,
    0xe5,0x9a,0x06,0x9b,0x26,0x9b,0x05,0x9b,0x05,0x9b,0x05,0x9b,0x05,0x9b,0x05,0x9b,
    0x05,0x9b,0x05,0x9b,0x05,0x9b,0x05,0x9b,0x05,0x9b,0xe5,0x9a,0xe5,0x9a,0xe5,0x9a,
    0x05,0x9b,0x05,0x9b,0x05,0x9b,0xe5,0x9a,0x05,0x9b,0x05,0x9b,0x05,0x9b,0x05,0x9b,
    0x05,0x9b,0x05,0x9b,0x05,0x9b,0x05,0x9b,0x05,0x9b,0x05,0x9b,0xe5,0x9a,0x05,0x9b,
    0xe5,0x9a,0x67,0x9b,0xac,0xbc,0xcc,0xbc,0xcc,0xbc,0xcc,0xbc,0xcc,0xbc,0xcc,0xbc,
    0xcc,0xbc,0xcc,0xbc,0xcc,0xbc,0xcc,0xbc,0xcc,0xbc,0xcc,0xbc,0xcc,0xbc,0xcc,0xbc,
    0xcc,0xbc,0xcc,0xbc,0xcc,0xbc,0xcc,0xbc,0xcc,0xbc,0xcc,0xbc,0xcc,0xbc,0xcc,0xbc,
    0xcc,0xbc,0xcc,0xbc,0xac,0xbc,0xcc,0xbc,0x4a,0xb4,0x01,0x6a,0x02,0x6a,0xe2,0x69,
    0xe2,0x71,0x03,0x72,0x23,0x7a,0x24,0x7a,0x24,0x7a,0x24,0x7a,0x64,0x82,0xa4,0x8a,
    0x84,0x8a,0x84,0x8a,0x84,0x8a,0xa4,0x8a,0xc4,0x8a,0xc5,0x92,0xc5,0x92,0xa5,0x92,
    0xc5,0x92,0xc5,0x92,0xa4,0x92,0xa4,0x92,0xa4,0x92,0xa4,0x92,0xc5,0x92,0xa4,0x8a,
    0xa4,0x8a,0x84,0x8a,0xa4,0x8a,0xa4,0x8a,0x84,0x8a,0x84,0x8a,0xa4,0x92,0xa4,0x92,
    0xa4,0x92,0xa5,0x92,0xa4,0x92,0xa4,0x92,0xa4,0x92,0xa4,0x92,0xc5,0x92,0xc5,0x92,
    0xc5,0x92,0xc5,0x92,0xa4,0x92,0xa4,0x8a,0xa4,0x8a,0xc4,0x8a,0xc4,0x8a,0xc4,0x92,
    0xc4,0x92,0xc5,0x92,0xc5,0x92,0xc5,0x92,0xa5,0x92,0xa5,0x92,0xa5,0x92,0xa5,0x92,
    0xa5,0x92,0xa4,0x92,0xa4,0x92,0x84,0x8a,0xa4,0x8a,0xc4,0x8a,0xc4,0x8a,0xc4,0x8a,
    0xe5,0x92,0xc5,0x92,0xc5,0x8a,0xc5,0x8a,0xc4,0x92,0xc4,0x92,0xc4,0x92,0xc4,0x92,
    0xe5,0x92,0xe5,0x92,0xe5,0x92,0xe5,0x92,0xe5,0x92,0xe5,0x92,0xe5,0x92,0xc5,0x92,
    0xc5,0x8a,0xc4,0x8a,0xc4,0x8a,0xc5,0x92,0xc5,0x92,0xc5,0x92,0xc5,0x92,0xe5,0x92,
    0xe5,0x92,0xe5,0x92,0xe5,0x92,0xe5,0x92,0xe5,0x92,0xe5,0x92,0xe5,0x8a,0xe5,0x8a,
    0x06,0x93,0x68,0x9b,0x89,0x9b,0xca,0xa3,0x0c,0xac,0x2c,0xac,0x2c,0xa4,0x2c,0xa4,
    0x4c,0xa4,0xeb,0x9b,0x08,0x7b,0x45,0x62,0x04,0x5a,0x45,0x62,0x86,0x6a,0x28,0x7b,
    0xaa,0x8b,0xca,0x93,0x0a,0xa4,0x4b,0xac,0x8c,0xb4,0xac,0xb4,0xac,0xb4,0x6c,0xac,
    0x4b,0xac,0x4b,0xac,0x2b,0xa4,0xa9,0x93,0xc6,0x72,0xe3,0x59,0x01,0x41,0xc0,0x38,
    0x21,0x41,0x24,0x6a,0x07,0x83,0xca,0x9b,0x2b,0xac,0x4b,0xac,0x6b,0xb4,0x8c,0xb4,
    0x8c,0xb4,0xac,0xb4,0xcd,0xbc,0xcd,0xbc,0xed,0xc4,0x4e,0xcd,0x6f,0xd5,0x6f,0xd5,
    0x8f,0xd5,0xb0,0xd5,0xaf,0xd5,0xaf,0xd5,0xaf,0xd5,0x8f,0xd5,0x8f,0xd5,0x8f,0xd5,
    0xaf,0xd5,0xaf,0xd5,0xaf,0xd5,0x8f,0xd5,0x8f,0xd5,0x8f,0xd5,0xaf,0xd5,0xaf,0xd5,
    0xaf,0xd5,0xaf,0xd5,0xaf,0xd5,0xcf,0xdd,0xcf,0xdd,0xaf,0xd5,0xaf,0xd5,0xcf,0xdd,
    0xcf,0xdd,0xcf,0xdd,0xcf,0xdd,0xaf,0xd5,0xcf,0xdd,0xcf,0xdd,0xcf,0xdd,0xcf,0xdd,
    0xcf,0xdd,0xaf,0xd5,0xaf,0xd5,0xcf,0xdd,0xcf,0xdd,0xcf,0xdd,0xcf,0xdd,0xaf,0xd5,
    0xaf,0xd5,0xaf,0xd5,0xaf,0xd5,0xaf,0xd5,0xaf,0xd5,0xaf,0xd5,0xd0,0xdd,0xcf,0xdd,
    0xcf,0xdd,0xcf,0xdd,0xcf,0xdd,0xaf,0xd5,0xaf,0xd5,0x8f,0xd5,0x6e,0xcd,0x6e,0xcd,
    0x4d,0xcd,0x2d,0xc5,0x2d,0xc5,0x2d,0xc5,0x2d,0xc5,0x0d,0xc5,0x0d,0xc5,0x0d,0xc5,
    0xec,0xc4,0xec,0xc4,0xcc,0xbc,0xcc,0xbc,0xec,0xc4,0xcc,0xc4,0xcc,0xc4,0xcc,0xc4,
    0xec,0xc4,0xcc,0xc4,0xab,0xbc,0x6a,0xbc,0x4a,0xb4,0x29,0xac,0x4a,0xb4,0x09,0xac,
    0xe9,0xab,0x87,0xa3,0x67,0x9b,0x67,0x9b,0x46,0x9b,0x25,0x9b,0x25,0x9b,0x25,0x9b,
    0x25,0x9b,0x25,0x9b,0x25,0x9b,0x25,0x9b,0x25,0x9b,0x25,0x9b,0x25,0x9b,0x25,0x9b,
    0x25,0x9b,0x25,0x9b,0x25,0x9b,0x25,0x9b,0x26,0x9b,0x25,0x9b,0x25,0x9b,0x25,0x9b,
    0x05,0x9b,0x05,0x9b,0x05,0x9b,0x05,0x9b,0x05,0x9b,0x06,0x9b,0x06,0x9b,0xe5,0x9a,
    0xe5,0x9a,0x05,0x9b,0x05,0x9b,0x05,0x9b,0x05,0x9b,0x05,0x9b,0x05,0x9b,0x05,0x9b,
    0x05,0x9b,0x05,0x9b,0x05,0x9b,0x05,0x9b,0x05,0x9b,0xe5,0x9a,0xe5,0x9a,0xe5,0x9a,
    0x05,0x9b,0x05,0x9b,0x05,0x9b,0x05,0x9b,0x05,0x9b,0x06,0x9b,0x06,0x9b,0x06,0x9b,
    0x26,0x9b,0x25,0x9b,0x05,0x9b,0x05,0x9b,0x05,0x9b,0x06,0x9b,0x06,0x9b,0x06,0x9b,
    0x06,0x9b,0x67,0x9b,0xac,0xbc,0xcc,0xbc,0xcc,0xbc,0xcc,0xbc,0xcc,0xbc,0xcc,0xbc,
    0xcc,0xbc,0xcc,0xbc,0xcc,0xbc,0xcc,0xbc,0xcc,0xbc,0xcc,0xbc,0xcc,0xbc,0xcc,0xbc,
    0xcc,0xbc,0xcc,0xbc,0xcc,0xbc,0xcc,0xbc,0xcc,0xbc,0xcc,0xbc,0xcc,0xbc,0xcc,0xbc,
    0xcc,0xbc,0xcc,0xbc,0xac,0xbc,0xcd,0xc4,0x4b,0xb4,0x22,0x72,0x64,0x7a,0x64,0x82,
    0x64,0x82,0x64,0x82,0x84,0x82,0xa5,0x8a,0xa5,0x8a,0xc5,0x8a,0xc5,0x92,0xe5,0x92,
    0xe5,0x92,0x05,0x9b,0xe5,0x9a,0xe5,0x9a,0xe5,0x9a,0x05,0x9b,0xe5,0x92,0xc5,0x92,
    0xc5,0x92,0xa5,0x92,0xc5,0x92,0xc5,0x92,0xc4,0x92,0xc4,0x92,0xc5,0x92,0xc5,0x92,
    0xa4,0x8a,0xa4,0x8a,0x84,0x8a,0x84,0x8a,0x84,0x8a,0x84,0x8a,0x84,0x8a,0xa4,0x8a,
    0xa4,0x92,0xa4,0x92,0xa4,0x92,0xa4,0x92,0xa4,0x92,0xc5,0x92,0xc5,0x92,0xc5,0x92,
    0xc5,0x92,0xc5,0x92,0xa5,0x92,0xa4,0x92,0xc4,0x92,0xc5,0x92,0xc5,0x92,0xc5,0x92,
    0xc5,0x92,0xa5,0x92,0xc5,0x92,0xc5,0x92,0xc5,0x92,0xa5,0x92,0xa5,0x92,0xa5,0x92,
    0xa4,0x8a,0x84,0x8a,0x84,0x8a,0x84,0x8a,0xa4,0x8a,0xa4,0x8a,0xa4,0x8a,0xa4,0x8a,
    0xc5,0x92,0xc5,0x92,0xc5,0x92,0xc5,0x92,0xc4,0x92,0xc4,0x92,0xc4,0x92,0xc4,0x92,
    0xc4,0x92,0xc4,0x92,0xc4,0x92,0xc5,0x92,0xe5,0x92,0xe5,0x92,0xe5,0x92,0xc5,0x92,
    0xc5,0x92,0xc5,0x92,0xc5,0x92,0xc5,0x92,0xc5,0x92,0xc5,0x92,0xc5,0x92,0xc5,0x92,
    0xc5,0x92,0xc5,0x92,0xc5,0x92,0xe5,0x92,0xe5,0x92,0xc4,0x8a,0xe4,0x8a,0x05,0x8b,
    0x26,0x93,0x68,0x9b,0xca,0xa3,0x2c,0xac,0x6c,0xb4,0x6c,0xb4,0x6c,0xac,0x4c,0xa4,
    0x0b,0x9c,0x07,0x7b,0x24,0x5a,0x21,0x39,0x60,0x20,0xa0,0x28,0xc0,0x30,0x82,0x49,
    0xc7,0x72,0x89,0x8b,0xc9,0x9b,0x0b,0xa4,0x6c,0xac,0x8c,0xb4,0x8c,0xb4,0x6c,0xac,
    0x4b,0xac,0x0a,0xa4,0xa9,0x93,0xa5,0x72,0xa2,0x51,0xe0,0x38,0x60,0x28,0x60,0x28,
    0xe1,0x38,0x82,0x51,0x24,0x6a,0x89,0x93,0x4b,0xac,0x6b,0xb4,0x8c,0xb4,0xac,0xbc,
    0xac,0xbc,0xac,0xbc,0xac,0xbc,0xcd,0xbc,0xed,0xc4,0x2e,0xcd,0x4f,0xd5,0x4f,0xd5,
    0x8f,0xd5,0x8f,0xd5,0x90,0xd5,0xb0,0xd5,0x8f,0xd5,0x8f,0xd5,0x6f,0xd5,0x6f,0xd5,
    0x8e,0xd5,0x8e,0xd5,0x8e,0xd5,0x8e,0xd5,0x6e,0xcd,0x8f,0xd5,0x8f,0xd5,0x8f,0xd5,
    0xaf,0xd5,0xaf,0xd5,0xaf,0xd5,0xaf,0xd5,0xaf,0xd5,0xaf,0xd5,0xaf,0xd5,0xcf,0xdd,
    0xcf,0xdd,0xcf,0xdd,0xaf,0xd5,0xaf,0xd5,0xaf,0xd5,0xaf,0xd5,0xaf,0xd5,0xaf,0xd5,
    0xaf,0xd5,0xaf,0xd5,0xaf,0xd5,0xcf,0xdd,0xcf,0xdd,0xcf,0xdd,0xaf,0xd5,0xaf,0xd5,
    0xaf,0xd5,0xaf,0xd5,0xaf,0xd5,0xaf,0xd5,0xaf,0xd5,0xaf,0xd5,0xaf,0xdd,0xaf,0xdd,
    0xaf,0xdd,0xaf,0xdd,0xaf,0xdd,0xaf,0xd5,0x8f,0xd5,0x8e,0xd5,0x6e,0xd5,0x4e,0xcd,
    0x2d,0xcd,0x2d,0xc5,0x0d,0xc5,0x0d,0xc5,0x0d,0xc5,0x0c,0xc5,0xec,0xc4,0xec,0xc4,
    0xec,0xc4,0xcc,0xc4,0xcc,0xbc,0xac,0xbc,0xcc,0xc4,0xac,0xbc,0xac,0xbc,0xcc,0xc4,
    0xcc,0xc4,0xac,0xc4,0x8b,0xbc,0x4a,0xb4,0x29,0xac,0x09,0xac,0xe9,0xab,0xe8,0xa3,
    0xc8,0xa3,0xa7,0xa3,0x66,0x9b,0x66,0x9b,0x45,0x9b,0x25,0x9b,0x25,0x9b,0x25,0x9b,
    0x45,0xa3,0x46,0xa3,0x46,0xa3,0x46,0xa3,0x25,0x9b,0x25,0x9b,0x25,0x9b,0x25,0x9b,
    0x05,0x9b,0x05,0x9b,0x05,0x9b,0x25,0x9b,0x25,0x9b,0x26,0x9b,0x26,0x9b,0x26,0x9b,
    0x26,0x9b,0x26,0x9b,0x26,0x9b,0x26,0x9b,0x26,0x9b,0x26,0x9b,0x26,0x9b,0x26,0x9b,
    0x06,0x9b,0x05,0x9b,0x05,0x9b,0x05,0x9b,0x25,0x9b,0x05,0x9b,0x05,0x9b,0x25,0x9b,
    0x25,0x9b,0x25,0x9b,0x25,0x9b,0x26,0x9b,0x05,0x9b,0x05,0x9b,0x05,0x93,0x05,0x93,
    0x05,0x9b,0x05,0x9b,0x05,0x9b,0x05,0x9b,0x05,0x9b,0x05,0x9b,0x05,0x9b,0x05,0x9b,
    0x05,0x9b,0x05,0x9b,0x05,0x9b,0x05,0x9b,0x05,0x9b,0x05,0x9b,0x05,0x9b,0x05,0x9b,
    0xe5,0x9a,0x67,0x9b,0xac,0xbc,0xcc,0xbc,0xcc,0xbc,0xcc,0xbc,0xcc,0xbc,0xcc,0xbc,
    0xcc,0xbc,0xcc,0xbc,0xcc,0xbc,0xcc,0xbc,0xcc,0xbc,0xcc,0xbc,0xcc,0xbc,0xcc,0xbc,
    0xcc,0xbc,0xcc,0xbc,0xcc,0xbc,0xcc,0xbc,0xcc,0xbc,0xcc,0xbc,0xcc,0xbc,0xcc,0xbc,
    0xcc,0xbc,0xcc,0xbc,0xac,0xbc,0xcc,0xc4,0x4a,0xb4,0x43,0x7a,0x64,0x82,0x84,0x8a,
    0xc5,0x8a,0xc5,0x92,0xc5,0x8a,0xe5,0x92,0xe5,0x92,0x05,0x93,0xe5,0x92,0xe5,0x9a,
    0x05,0x9b,0x26,0x9b,0x46,0xa3,0x46,0xa3,0x26,0x9b,0x26,0x9b,0x06,0x9b,0x05,0x9b,
    0xe5,0x9a,0xe5,0x9a,0xe5,0x9a,0xc5,0x92,0xc5,0x92,0xc4,0x92,0xc4,0x92,0xc4,0x92,
    0xc4,0x92,0xc4,0x92,0xa4,0x8a,0xa4,0x8a,0xa4,0x8a,0x84,0x8a,0x83,0x8a,0xa4,0x8a,
    0xa4,0x8a,0xa4,0x8a,0xa4,0x8a,0xc4,0x8a,0xc4,0x92,0xc5,0x92,0xa5,0x92,0xa5,0x92,
    0x84,0x8a,0xa5,0x92,0xa4,0x8a,0xa4,0x8a,0xc5,0x92,0xc4,0x92,0xc4,0x92,0xc4,0x92,
    0xa5,0x92,0xa5,0x92,0xa5,0x92,0xa5,0x92,0xc5,0x92,0xa5,0x92,0xa5,0x92,0xa5,0x92,
    0xa4,0x8a,0x84,0x8a,0xa4,0x8a,0xa4,0x8a,0xa4,0x92,0xa4,0x92,0xa4,0x92,0xa4,0x92,
    0xa4,0x92,0xc5,0x92,0xc5,0x92,0xc5,0x92,0xa4,0x92,0xa4,0x92,0xa4,0x92,0xa4,0x92,
    0xa4,0x92,0xa4,0x92,0xa4,0x92,0xc5,0x92,0xe5,0x92,0xe5,0x92,0xe5,0x92,0xc5,0x92,
    0xc5,0x92,0xc5,0x92,0xc5,0x92,0xe5,0x92,0xe5,0x92,0xe5,0x92,0xe5,0x92,0xc5,0x92,
    0xc5,0x92,0xc5,0x92,0xc5,0x92,0xc5,0x92,0xc5,0x92,0xc4,0x8a,0xc4,0x8a,0xe5,0x8a,
    0x47,0x93,0x88,0x9b,0xca,0xa3,0x2b,0xa4,0x4c,0xac,0x6b,0xac,0x8c,0xb4,0x6c,0xac,
    0x0b,0xa4,0xe7,0x7a,0x24,0x52,0x62,0x39,0x60,0x20,0x40,0x20,0xc1,0x30,0x63,0x49,
    0x04,0x5a,0x07,0x7b,0x89,0x93,0xeb,0x9b,0x6c,0xac,0x8c,0xb4,0x8c,0xb4,0x6c,0xac,
    0x2b,0xa4,0x0b,0xa4,0x28,0x83,0x03,0x5a,0xa2,0x51,0x00,0x39,0x60,0x28,0x40,0x20,
    0xe1,0x38,0xc4,0x59,0xa6,0x7a,0x0b,0xa4,0x8c,0xb4,0x8c,0xb4,0xac,0xbc,0xad,0xbc,
    0x8c,0xbc,0x8c,0xbc,0xac,0xbc,0xad,0xbc,0xed,0xc4,0x2e,0xcd,0x2e,0xcd,0x4f,0xcd,
    0x4f,0xd5,0x6f,0xd5,0x90,0xd5,0x90,0xdd,0x6f,0xd5,0x6f,0xd5,0x4e,0xcd,0x4e,0xcd,
    0x4e,0xcd,0x4e,0xcd,0x4e,0xcd,0x6e,0xcd,0x6e,0xcd,0x6e,0xcd,0x8f,0xd5,0x8e,0xd5,
    0x8f,0xd5,0xcf,0xdd,0xaf,0xd5,0x8f,0xd5,0xaf,0xd5,0xaf,0xd5,0xaf,0xd5,0xd0,0xdd,
    0xd0,0xdd,0xcf,0xdd,0xcf,0xdd,0xaf,0xd5,0x8f,0xd5,0x8e,0xd5,0x8e,0xd5,0x8e,0xd5,
    0x8f,0xd5,0xaf,0xd5,0xaf,0xd5,0xcf,0xdd,0xaf,0xd5,0xaf,0xd5,0xaf,0xd5,0xaf,0xd5,
    0xaf,0xd5,0xaf,0xd5,0xaf,0xd5,0xaf,0xd5,0x8f,0xd5,0x8e,0xd5,0x8e,0xd5,0x8e,0xd5,
    0xaf,0xdd,0xaf,0xdd,0x8e,0xd5,0x8e,0xd5,0x8e,0xd5,0x6e,0xd5,0x4e,0xd5,0x4e,0xcd,
    0x2d,0xcd,0x0d,0xcd,0x0d,0xc5,0xed,0xc4,0xec,0xc4,0xec,0xc4,0xec,0xc4,0xec,0xc4,
    0xcc,0xc4,0xcc,0xc4,0xcc,0xc4,0xac,0xbc,0xac,0xbc,0xac,0xbc,0xac,0xbc,0x8b,0xbc,
    0x8b,0xbc,0x8b,0xbc,0x6a,0xb4,0x49,0xb4,0x09,0xac,0xe9,0xa3,0xa8,0xa3,0xa7,0xa3,
    0xa7,0xa3,0x86,0xa3,0x65,0x9b,0x45,0x9b,0x25,0x9b,0x05,0x9b,0x25,0x9b,0x25,0x9b,
    0x45,0xa3,0x46,0xa3,0x46,0xa3,0x46,0xa3,0x26,0xa3,0x26,0x9b,0x25,0x9b,0x05,0x9b,
    0x05,0x9b,0x05,0x9b,0x05,0x9b,0x05,0x9b,0x05,0x9b,0x25,0x9b,0x26,0x9b,0x26,0xa3,
    0x26,0xa3,0x46,0xa3,0x46,0xa3,0x46,0xa3,0x46,0x9b,0x26,0x9b,0x26,0x9b,0x26,0x9b,
    0x26,0x9b,0x26,0x9b,0x46,0x9b,0x25,0x9b,0x25,0x9b,0x25,0x9b,0x26,0x9b,0x46,0x9b,
    0x46,0x9b,0x46,0x9b,0x46,0x9b,0x26,0x9b,0x26,0x9b,0x25,0x9b,0x05,0x93,0x05,0x93,
    0x25,0x9b,0x26,0x9b,0x26,0x9b,0x25,0x9b,0x25,0x9b,0x05,0x93,0x05,0x93,0x05,0x93,
    0x05,0x9b,0x05,0x9b,0x05,0x9b,0x05,0x9b,0x05,0x9b,0x05,0x9b,0xe5,0x9a,0x05,0x9b,
    0xe5,0x9a,0x67,0x9b,0xcc,0xbc,0xcc,0xbc,0xcc,0xbc,0xcc,0xbc,0xcc,0xbc,0xcc,0xbc,
    0xcc,0xbc,0xcc,0xbc,0xcc,0xbc,0xcc,0xbc,0xcc,0xbc,0xcc,0xbc,0xcc,0xbc,0xcc,0xbc,
    0xcc,0xbc,0xcc,0xbc,0xcc,0xbc,0xcc,0xbc,0xcc,0xbc,0xcc,0xbc,0xcc,0xbc,0xcc,0xbc,
    0xcc,0xbc,0xcc,0xbc,0xac,0xbc,0xac,0xbc,0x2a,0xb4,0x63,0x82,0x84,0x8a,0xc5,0x92,
    0xe6,0x92,0x06,0x9b,0xe6,0x92,0xe5,0x92,0xe5,0x92,0x06,0x9b,0x05,0x9b,0x26,0x9b,
    0x26,0x9b,0x26,0xa3,0x46,0xa3,0x26,0xa3,0x26,0x9b,0x26,0x9b,0x06,0x9b,0x06,0x9b,
    0x06,0x9b,0x06,0x9b,0xe5,0x9a,0xc5,0x92,0xc5,0x92,0xc5,0x92,0xc5,0x92,0xc5,0x92,
    0xc5,0x92,0xc5,0x92,0xc4,0x92,0xc4,0x92,0xc4,0x92,0xc4,0x92,0xa4,0x92,0xc4,0x92,
    0xa4,0x92,0xa4,0x92,0xa4,0x92,0xc4,0x92,0xc5,0x92,0xa5,0x92,0xa5,0x8a,0xa5,0x8a,
    0xa5,0x8a,0xa4,0x8a,0x84,0x8a,0x84,0x8a,0xa4,0x92,0xc4,0x92,0xc4,0x92,0xc4,0x92,
    0xa4,0x92,0xa5,0x92,0xa5,0x92,0xa5,0x92,0xa5,0x92,0xa5,0x92,0xa5,0x92,0xa5,0x92,
    0xa4,0x8a,0xa4,0x8a,0xa4,0x8a,0xa4,0x8a,0xa4,0x92,0xa4,0x92,0xa4,0x92,0xa4,0x92,
    0xa4,0x92,0xc5,0x92,0xc5,0x92,0xc5,0x92,0xc4,0x92,0xc4,0x92,0xc4,0x92,0xc4,0x92,
    0xa4,0x92,0xa4,0x92,0xa4,0x92,0xc5,0x92,0xc5,0x92,0xc5,0x92,0xc5,0x92,0xc5,0x92,
    0xc5,0x92,0xc5,0x92,0xc5,0x92,0xc5,0x92,0xc5,0x92,0xc5,0x92,0xc5,0x92,0xc5,0x92,
    0xc5,0x92,0xc5,0x92,0xc5,0x92,0xc5,0x92,0xc5,0x92,0xe5,0x92,0xe5,0x8a,0x05,0x8b,
    0x47,0x93,0x88,0x9b,0xaa,0x9b,0xea,0xa3,0x0b,0xa4,0x4b,0xac,0x6c,0xb4,0x8c,0xb4,
    0x2b,0xa4,0x89,0x8b,0x45,0x62,0x82,0x41,0xa0,0x28,0x40,0x20,0xe1,0x38,0xa3,0x49,
    0xa2,0x51,0xc6,0x72,0x89,0x93,0xeb,0xa3,0x2b,0xac,0x6c,0xb4,0x8c,0xb4,0x6c,0xac,
    0x2b,0xa4,0x0a,0xa4,0x07,0x83,0xc2,0x59,0xa2,0x51,0x41,0x41,0x80,0x28,0x60,0x28,
    0x22,0x41,0x04,0x62,0x69,0x8b,0x8d,0xb4,0xad,0xbc,0x8c,0xb4,0xac,0xbc,0x8c,0xbc,
    0x6c,0xb4,0x8c,0xb4,0x8c,0xbc,0xac,0xbc,0xcd,0xbc,0xed,0xc4,0x0e,0xcd,0x2e,0xcd,
    0x4f,0xd5,0x6f,0xd5,0x6f,0xd5,0x8f,0xd5,0x6f,0xd5,0x4e,0xcd,0x2e,0xcd,0x0d,0xc5,
    0x2d,0xc5,0x2d,0xc5,0x2d,0xc5,0x2d,0xc5,0x4e,0xcd,0x4e,0xcd,0x6e,0xcd,0x6e,0xcd,
    0x8e,0xd5,0xaf,0xd5,0x8f,0xd5,0x8e,0xd5,0x8e,0xd5,0x8f,0xd5,0x8f,0xd5,0xcf,0xdd,
    0xcf,0xdd,0xaf,0xd5,0xaf,0xd5,0x8e,0xd5,0x8e,0xd5,0x6e,0xcd,0x6e,0xcd,0x8e,0xd5,
    0x8e,0xd5,0xaf,0xd5,0xaf,0xd5,0xaf,0xd5,0xaf,0xd5,0xaf,0xd5,0x8f,0xd5,0x8f,0xd5,
    0x8f,0xd5,0x8f,0xd5,0x8e,0xd5,0x8e,0xd5,0x8e,0xd5,0x8e,0xd5,0x8e,0xd5,0x8e,0xd5,
    0x8e,0xd5,0x8e,0xd5,0x8e,0xd5,0x8e,0xd5,0x6e,0xd5,0x6e,0xd5,0x6e,0xd5,0x4e,0xcd,
    0x2d,0xcd,0x0d,0xc5,0xed,0xc4,0xec,0xc4,0xec,0xc4,0xcc,0xc4,0xcc,0xc4,0xcc,0xc4,
    0xcc,0xbc,0xac,0xbc,0xac,0xbc,0xac,0xbc,0x8c,0xbc,0x8b,0xbc,0x8b,0xbc,0x8b,0xbc,
    0x8b,0xbc,0x8b,0xbc,0x4a,0xb4,0x29,0xac,0xe9,0xab,0xa8,0xa3,0x87,0x9b,0x87,0x9b,
    0x67,0x9b,0x46,0x9b,0x25,0x9b,0x45,0x9b,0x25,0x9b,0x05,0x9b,0x05,0x9b,0x05,0x9b,
    0x25,0x9b,0x25,0x9b,0x25,0x9b,0x25,0x9b,0x05,0x9b,0x05,0x9b,0x26,0x9b,0x26,0x9b,
    0x25,0x9b,0x25,0x9b,0x25,0x9b,0x25,0x9b,0x25,0x9b,0x26,0x9b,0x26,0xa3,0x26,0xa3,
    0x26,0xa3,0x46,0xa3,0x46,0xa3,0x46,0xa3,0x46,0xa3,0x46,0x9b,0x26,0x9b,0x05,0x93,
    0x26,0x9b,0x46,0x9b,0x67,0xa3,0x46,0x9b,0x46,0x9b,0x46,0x9b,0x46,0x9b,0x46,0x9b,
    0x46,0x9b,0x46,0x9b,0x46,0x9b,0x26,0x9b,0x26,0x9b,0x25,0x9b,0x25,0x9b,0x25,0x9b,
    0x26,0x9b,0x46,0x9b,0x46,0x9b,0x46,0xa3,0x26,0x9b,0x26,0x9b,0x25,0x9b,0x25,0x9b,
    0x26,0x9b,0x26,0x9b,0x25,0x9b,0x25,0x9b,0x05,0x9b,0x05,0x9b,0x05,0x9b,0x05,0x9b,
    0x05,0x9b,0x67,0x9b,0xac,0xbc,0xcc,0xbc,0xcc,0xbc,0xcc,0xbc,0xcc,0xbc,0xcc,0xbc,
    0xcc,0xbc,0xcc,0xbc,0xcc,0xbc,0xcc,0xbc,0xcc,0xbc,0xcc,0xbc,0xcc,0xbc,0xcc,0xbc,
    0xcc,0xbc,0xcc,0xbc,0xcc,0xbc,0xcc,0xbc,0xcc,0xbc,0xcc,0xbc,0xcc,0xbc,0xcc,0xbc,
    0xcc,0xbc,0xcc,0xbc,0xcc,0xbc,0xed,0xc4,0x4b,0xb4,0xa5,0x8a,0xc5,0x92,0xc5,0x92,
    0xe6,0x9a,0x06,0x9b,0x06,0x9b,0x06,0x9b,0x06,0x9b,0x26,0x9b,0x26,0x9b,0x26,0x9b,
    0x25,0x9b,0x05,0x9b,0x25,0x9b,0x05,0x9b,0x05,0x9b,0x05,0x9b,0xe5,0x92,0xe5,0x9a,
    0x05,0x9b,0x06,0x9b,0xe5,0x9a,0xe5,0x92,0xe5,0x92,0xe5,0x92,0xe5,0x92,0xe5,0x92,
    0xe5,0x92,0xe5,0x92,0xe5,0x9a,0xe5,0x92,0xc5,0x92,0xe5,0x92,0xe5,0x92,0xc5,0x92,
    0xc4,0x92,0xa4,0x92,0xc4,0x92,0xc5,0x92,0xc5,0x92,0xa5,0x92,0xa5,0x92,0xc5,0x92,
    0xe5,0x92,0xc5,0x92,0xa4,0x92,0xa4,0x92,0xc5,0x92,0xc4,0x92,0xa4,0x92,0xa4,0x92,
    0xa4,0x92,0xa4,0x8a,0xa5,0x92,0xa5,0x92,0xa5,0x92,0xa5,0x92,0xa5,0x92,0xa4,0x8a,
    0xa4,0x8a,0xa4,0x92,0xa4,0x92,0xa4,0x92,0xa4,0x92,0xc5,0x92,0xc5,0x92,0xc5,0x92,
    0xa4,0x92,0xc5,0x92,0xc5,0x92,0xc5,0x92,0xc4,0x92,0xc4,0x92,0xc4,0x92,0xc4,0x92,
    0xa4,0x92,0xc4,0x92,0xc4,0x92,0xc5,0x92,0xc5,0x92,0xc5,0x92,0xc5,0x92,0xc5,0x92,
    0xc5,0x92,0xc5,0x92,0xc5,0x92,0xc5,0x92,0xc5,0x8a,0xc5,0x8a,0xc5,0x8a,0xc5,0x92,
    0xc5,0x92,0xc5,0x92,0xc5,0x92,0xa5,0x92,0xc5,0x92,0xe5,0x92,0xe5,0x92,0x05,0x8b,
    0x47,0x93,0x88,0x9b,0xaa,0x9b,0xaa,0x9b,0xca,0x9b,0x2b,0xa4,0x4b,0xac,0x6c,0xb4,
    0x6c,0xac,0x2c,0xa4,0x28,0x7b,0x04,0x52,0x42,0x41,0xe1,0x38,0x42,0x41,0xa3,0x51,
    0x82,0x49,0x85,0x6a,0x69,0x93,0xeb,0xa3,0x0b,0xa4,0x6c,0xac,0x8c,0xb4,0x6c,0xac,
    0x2b,0xac,0xea,0xa3,0x07,0x83,0xc2,0x59,0xc2,0x51,0xa2,0x51,0x41,0x41,0x21,0x41,
    0xc4,0x59,0xc7,0x7a,0x0b,0xa4,0xad,0xbc,0xad,0xbc,0xac,0xbc,0xad,0xbc,0x8d,0xbc,
    0x6c,0xb4,0x6b,0xb4,0x6c,0xb4,0x8c,0xbc,0x8c,0xbc,0xac,0xbc,0xed,0xc4,0x2e,0xcd,
    0x4f,0xcd,0x4f,0xd5,0x6f,0xd5,0x6f,0xd5,0x6f,0xd5,0x4e,0xcd,0x0d,0xc5,0xec,0xc4,
    0xec,0xbc,0x0c,0xc5,0x0c,0xc5,0x0d,0xc5,0x2d,0xc5,0x2d,0xc5,0x4e,0xcd,0x4e,0xcd,
    0x6e,0xcd,0x8f,0xd5,0x8e,0xd5,0x8e,0xd5,0x8e,0xd5,0x8e,0xd5,0x8f,0xd5,0x8e,0xd5,
    0x8e,0xd5,0x6e,0xcd,0x6e,0xcd,0x6e,0xcd,0x6e,0xcd,0x4e,0xcd,0x6e,0xcd,0x8e,0xd5,
    0x8e,0xd5,0x8f,0xd5,0xaf,0xd5,0xaf,0xd5,0x8f,0xd5,0x8f,0xd5,0x8e,0xd5,0x8e,0xd5,
    0x8e,0xd5,0x8e,0xd5,0x8e,0xd5,0x8e,0xd5,0x8e,0xd5,0x6e,0xcd,0x6e,0xd5,0x6e,0xd5,
    0x8e,0xd5,0x8e,0xd5,0x8e,0xd5,0x6e,0xd5,0x6e,0xd5,0x6e,0xd5,0x6e,0xd5,0x4e,0xcd,
    0x2d,0xcd,0x0d,0xc5,0xec,0xc4,0xec,0xc4,0xec,0xc4,0xcc,0xbc,0xab,0xbc,0xab,0xbc,
    0xab,0xbc,0xac,0xbc,0xac,0xbc,0x8b,0xbc,0x8b,0xbc,0x8b,0xbc,0x6b,0xbc,0x6b,0xb4,
    0x6b,0xb4,0x6b,0xb4,0x2a,0xb4,0x09,0xac,0xe9,0xa3,0x88,0x9b,0x67,0x93,0x47,0x93,
    0x46,0x93,0x25,0x93,0x05,0x93,0x25,0x9b,0x05,0x9b,0xe5,0x92,0xe5,0x92,0xe5,0x92,
    0x05,0x9b,0x25,0x9b,0x25,0x9b,0x05,0x9b,0xe5,0x9a,0x05,0x9b,0x26,0x9b,0x26,0xa3,
    0x26,0x9b,0x26,0x9b,0x26,0x9b,0x26,0x9b,0x26,0x9b,0x26,0x9b,0x26,0xa3,0x46,0xa3,
    0x46,0xa3,0x46,0xa3,0x46,0xa3,0x67,0xa3,0x67,0xa3,0x46,0x9b,0x46,0x9b,0x46,0x9b,
    0x46,0x9b,0x46,0x9b,0x46,0x9b,0x66,0xa3,0x66,0xa3,0x66,0xa3,0x66,0xa3,0x66,0xa3,
    0x66,0xa3,0x66,0xa3,0x66,0xa3,0x46,0x9b,0x46,0x9b,0x26,0x9b,0x26,0x9b,0x46,0x9b,
    0x46,0x9b,0x66,0xa3,0x66,0xa3,0x66,0xa3,0x46,0xa3,0x46,0xa3,0x26,0x9b,0x46,0x9b,
    0x46,0xa3,0x46,0xa3,0x26,0x9b,0x26,0x9b,0x25,0x9b,0x05,0x9b,0x05,0x9b,0x25,0x9b,
    0x05,0x9b,0x87,0xa3,0xac,0xbc,0xcc,0xbc,0xcc,0xbc,0xcc,0xbc,0xcc,0xbc,0xcc,0xbc,
    0xcc,0xbc,0xcc,0xbc,0xcc,0xbc,0xcc,0xbc,0xcc,0xbc,0xcc,0xbc,0xcc,0xbc,0xcc,0xbc,
    0xcc,0xbc,0xcc,0xbc,0xcc,0xbc,0xcc,0xbc,0xcc,0xbc,0xcc,0xbc,0xcc,0xbc,0xcc,0xbc,
    0xcc,0xbc,0xcc,0xbc,0xcc,0xbc,0xed,0xc4,0x4b,0xbc,0x06,0x93,0x06,0x9b,0xe6,0x92,
    0x06,0x9b,0x06,0x9b,0x06,0x9b,0x06,0x9b,0x05,0x9b,0x05,0x9b,0x05,0x9b,0x05,0x9b,
    0x05,0x9b,0x05,0x9b,0x05,0x9b,0x05,0x9b,0x05,0x9b,0x05,0x9b,0xe5,0x9a,0xe5,0x9a,
    0x05,0x9b,0x06,0x9b,0xe5,0x9a,0xe5,0x92,0xc4,0x92,0xc4,0x92,0xc4,0x92,0xc4,0x92,
    0xc5,0x92,0xc5,0x92,0xc5,0x92,0xe5,0x9a,0xe5,0x9a,0xe5,0x9a,0xe5,0x9a,0xe5,0x9a,
    0xe5,0x92,0xe5,0x9a,0xe5,0x9a,0xe5,0x9a,0xe5,0x9a,0xe5,0x92,0xe5,0x92,0xe6,0x9a,
    0xe6,0x9a,0xe5,0x9a,0xe5,0x92,0xe5,0x92,0xe5,0x92,0xc4,0x92,0xc4,0x92,0xa4,0x92,
    0xa4,0x92,0xa5,0x92,0xa5,0x92,0xa5,0x92,0xa5,0x92,0xc5,0x92,0xa5,0x92,0xa5,0x92,
    0xa4,0x92,0xa4,0x92,0xa4,0x92,0xa4,0x92,0xc5,0x92,0xc5,0x92,0xc5,0x92,0xa4,0x92,
    0xa4,0x92,0xa4,0x92,0xa4,0x92,0xc5,0x92,0xc4,0x92,0xc4,0x92,0xc4,0x92,0xc4,0x92,
    0xc4,0x92,0xc4,0x92,0xa4,0x92,0xa4,0x92,0xc5,0x92,0xc5,0x92,0xc5,0x92,0xc5,0x92,
    0xc5,0x92,0xc5,0x92,0xc5,0x92,0xc5,0x92,0xc5,0x92,0xe5,0x92,0xe5,0x92,0xe5,0x92,
    0xe5,0x92,0xe5,0x92,0xc5,0x92,0xc5,0x92,0xe5,0x92,0xe5,0x92,0xe5,0x92,0x05,0x93,
    0x47,0x93,0x68,0x9b,0x89,0x9b,0x89,0x9b,0x89,0x9b,0xea,0xa3,0x0b,0xa4,0x4c,0xac,
    0x6d,0xb4,0x8d,0xb4,0xeb,0x93,0x08,0x7b,0x05,0x5a,0x83,0x51,0xc3,0x51,0xa2,0x51,
    0x81,0x51,0x64,0x6a,0x48,0x8b,0xca,0x9b,0xea,0xa3,0x6c,0xac,0x8c,0xb4,0x8c,0xb4,
    0x4b,0xac,0xea,0xa3,0x07,0x83,0x23,0x62,0xe3,0x61,0x03,0x5a,0x04,0x5a,0x45,0x6a,
    0x29,0x83,0x4c,0xac,0xce,0xbc,0xad,0xbc,0xac,0xb4,0xac,0xbc,0x6c,0xb4,0x4c,0xb4,
    0x4c,0xb4,0x4b,0xb4,0x6b,0xb4,0x6b,0xb4,0x6b,0xb4,0xac,0xbc,0xed,0xc4,0x0e,0xc5,
    0x2e,0xcd,0x2f,0xcd,0x4f,0xd5,0x6f,0xd5,0x4e,0xcd,0x2e,0xcd,0xed,0xc4,0xcc,0xbc,
    0xec,0xbc,0xec,0xbc,0xec,0xbc,0xec,0xbc,0x0d,0xc5,0x0d,0xc5,0x2d,0xc5,0x2d,0xc5,
    0x4d,0xcd,0x4e,0xcd,0x6e,0xcd,0x6e,0xcd,0x6e,0xcd,0x6e,0xcd,0x6e,0xcd,0x4e,0xcd,
    0x4d,0xcd,0x4d,0xcd,0x4d,0xcd,0x4e,0xcd,0x4e,0xcd,0x4e,0xcd,0x6e,0xcd,0x8e,0xd5,
    0x8e,0xd5,0x8e,0xd5,0x8e,0xd5,0x8e,0xd5,0x8e,0xd5,0x8e,0xd5,0x8e,0xd5,0x6e,0xcd,
    0x6e,0xcd,0x6e,0xcd,0x6e,0xcd,0x6e,0xcd,0x8e,0xd5,0x8e,0xd5,0x6e,0xd5,0x6e,0xd5,
    0x8e,0xd5,0x8e,0xd5,0x8e,0xd5,0x6e,0xd5,0x6e,0xd5,0x6e,0xd5,0x6e,0xd5,0x4e,0xcd,
    0x2e,0xcd,0x0d,0xcd,0x0d,0xc5,0xec,0xc4,0xcc,0xbc,0xab,0xbc,0xab,0xbc,0xab,0xbc,
    0xab,0xbc,0xac,0xbc,0x8b,0xbc,0x8b,0xbc,0x8b,0xbc,0x6b,0xb4,0x6a,0xb4,0x6b,0xb4,
    0x6b,0xb4,0x4a,0xb4,0x0a,0xac,0xc9,0xa3,0x88,0x9b,0x67,0x93,0x27,0x93,0x26,0x93,
    0x05,0x93,0xe5,0x8a,0xe5,0x92,0x05,0x93,0x05,0x93,0xe5,0x92,0xe5,0x92,0xe5,0x92,
    0xe5,0x92,0x05,0x93,0x05,0x93,0x05,0x93,0xe5,0x9a,0xe5,0x9a,0x05,0x9b,0x06,0x9b,
    0x05,0x9b,0x05,0x9b,0x05,0x9b,0x05,0x9b,0x26,0x9b,0x26,0x9b,0x26,0xa3,0x46,0xa3,
    0x26,0xa3,0x26,0x9b,0x46,0xa3,0x46,0xa3,0x46,0xa3,0x46,0x9b,0x46,0x9b,0x67,0xa3,
    0x67,0xa3,0x46,0xa3,0x46,0xa3,0x66,0xa3,0x66,0xa3,0x66,0xa3,0x66,0xa3,0x46,0xa3,
    0x46,0x9b,0x66,0xa3,0x46,0xa3,0x46,0x9b,0x26,0x9b,0x26,0x9b,0x46,0x9b,0x46,0x9b,
    0x46,0x9b,0x46,0x9b,0x66,0xa3,0x66,0xa3,0x66,0xa3,0x46,0xa3,0x46,0xa3,0x46,0xa3,
    0x46,0xa3,0x46,0xa3,0x46,0xa3,0x46,0xa3,0x46,0xa3,0x26,0xa3,0x26,0x9b,0x26,0xa3,
    0x25,0x9b,0x87,0xa3,0xcc,0xbc,0xcc,0xbc,0xac,0xbc,0xcc,0xbc,0xcc,0xbc,0xcc,0xbc,
    0xcc,0xbc,0xcc,0xbc,0xcc,0xbc,0xcc,0xbc,0xcc,0xbc,0xcc,0xbc,0xcc,0xbc,0xcc,0xbc,
    0xcc,0xbc,0xcc,0xbc,0xcc,0xbc,0xcc,0xbc,0xcc,0xbc,0xcc,0xbc,0xcc,0xbc,0xcc,0xbc,
    0xcc,0xbc,0xcc,0xbc,0xcc,0xbc,0xcc,0xc4,0x4b,0xbc,0x06,0x93,0x06,0x9b,0x06,0x9b,
    0x06,0x9b,0x06,0x9b,0x06,0x9b,0x05,0x9b,0x05,0x9b,0x05,0x9b,0x05,0x9b,0x05,0x9b,
    0x05,0x9b,0x05,0x9b,0x05,0x9b,0x05,0x9b,0x05,0x9b,0x05,0x9b,0x05,0x9b,0x05,0x9b,
    0x05,0x9b,0x05,0x9b,0xe5,0x92,0xc4,0x92,0xa4,0x8a,0xa4,0x8a,0xa4,0x92,0xa4,0x92,
    0xc4,0x92,0xc5,0x92,0xc5,0x92,0xc5,0x9a,0xe5,0x9a,0xe5,0x9a,0xe5,0x9a,0xe5,0x9a,
    0xe5,0x9a,0x05,0x9b,0x05,0x9b,0xe5,0x9a,0xe5,0x9a,0xe6,0x9a,0xe6,0x9a,0xe5,0x9a,
    0xe5,0x9a,0xe5,0x9a,0xe5,0x9a,0xe5,0x92,0xe5,0x92,0xe5,0x9a,0xe5,0x92,0xe5,0x92,
    0xe5,0x92,0xc5,0x92,0xe5,0x92,0xe6,0x92,0xc5,0x92,0xc5,0x92,0xc5,0x92,0xc5,0x92,
    0xc5,0x92,0xc4,0x92,0xc4,0x92,0xc4,0x92,0xc5,0x92,0xc5,0x92,0xa4,0x92,0xa4,0x8a,
    0xa4,0x8a,0xa4,0x8a,0xa4,0x8a,0xa4,0x8a,0xa4,0x8a,0xa4,0x8a,0xa4,0x92,0xc4,0x92,
    0xc5,0x92,0xc4,0x92,0xa4,0x92,0xa4,0x92,0xa4,0x92,0xc5,0x92,0xc5,0x92,0xc5,0x92,
    0xc5,0x92,0xc5,0x92,0xc5,0x92,0xc5,0x92,0xe5,0x92,0xe5,0x92,0xe5,0x92,0xe5,0x92,
    0xe5,0x92,0xe5,0x92,0xe5,0x92,0xc5,0x92,0xc5,0x92,0xe5,0x92,0xe5,0x8a,0x05,0x93,
    0x27,0x93,0x68,0x93,0x89,0x9b,0x69,0x9b,0x69,0x9b,0xaa,0x9b,0xeb,0xa3,0x0b,0xa4,
    0x4c,0xac,0x6d,0xb4,0x6d,0xac,0x4d,0xa4,0x8a,0x8b,0xe7,0x7a,0xe7,0x7a,0xa6,0x72,
    0x65,0x6a,0xc6,0x7a,0x69,0x93,0xea,0x9b,0x2b,0xa4,0x8c,0xb4,0xad,0xb4,0xad,0xbc,
    0x6c,0xb4,0x0a,0xa4,0x89,0x93,0x48,0x8b,0x68,0x8b,0xaa,0x93,0xca,0x9b,0xeb,0x9b,
    0x4d,0xac,0x8d,0xb4,0xce,0xbc,0xad,0xb4,0x8c,0xb4,0x6c,0xb4,0x4b,0xac,0x2c,0xac,
    0x4b,0xac,0x4b,0xac,0x4b,0xac,0x4b,0xb4,0x6b,0xb4,0xac,0xbc,0xcd,0xc4,0xed,0xc4,
    0x0e,0xc5,0x2e,0xcd,0x4f,0xcd,0x4f,0xd5,0x4e,0xcd,0x2e,0xcd,0xed,0xc4,0xcc,0xbc,
    0xcc,0xbc,0xec,0xbc,0xec,0xbc,0xec,0xbc,0xec,0xbc,0x0d,0xc5,0x0d,0xc5,0x0d,0xc5,
    0x2d,0xc5,0x2d,0xc5,0x4d,0xcd,0x4d,0xcd,0x4e,0xcd,0x4e,0xcd,0x4e,0xcd,0x4d,0xcd,
    0x4d,0xcd,0x4d,0xcd,0x2d,0xc5,0x4e,0xcd,0x4e,0xcd,0x4e,0xcd,0x6e,0xcd,0x8e,0xd5,
    0x8e,0xd5,0x6e,0xcd,0x6e,0xcd,0x6e,0xcd,0x6e,0xcd,0x8e,0xd5,0x6e,0xcd,0x6e,0xcd,
    0x6e,0xcd,0x6e,0xcd,0x6e,0xcd,0x6e,0xcd,0x6e,0xcd,0x8e,0xd5,0x6e,0xd5,0x6e,0xd5,
    0x8e,0xd5,0x8e,0xd5,0x8e,0xd5,0x6e,0xd5,0x6e,0xd5,0x6e,0xd5,0x6e,0xd5,0x4e,0xcd,
    0x2e,0xcd,0x2d,0xcd,0x0d,0xc5,0xec,0xc4,0xcc,0xbc,0xab,0xbc,0xab,0xbc,0xab,0xbc,
    0xab,0xbc,0x8b,0xbc,0x8b,0xbc,0x8b,0xbc,0x6b,0xb4,0x6a,0xb4,0x4a,0xb4,0x4a,0xb4,
    0x4a,0xb4,0x0a,0xac,0xa9,0xa3,0x68,0x9b,0x06,0x8b,0xe6,0x82,0xe6,0x8a,0xc5,0x82,
    0xc5,0x8a,0xc5,0x8a,0xe5,0x8a,0xe5,0x92,0xe5,0x92,0xe5,0x92,0xe5,0x92,0xe5,0x92,
    0xe5,0x92,0xe5,0x92,0xe5,0x92,0xe5,0x92,0xe5,0x92,0xe5,0x9a,0xe5,0x9a,0xe5,0x9a,
    0xe5,0x9a,0xe5,0x9a,0xe5,0x9a,0x05,0x9b,0x25,0x9b,0x25,0x9b,0x26,0x9b,0x26,0x9b,
    0x05,0x9b,0xe5,0x9a,0x25,0x9b,0x26,0x9b,0x46,0x9b,0x46,0x9b,0x46,0x9b,0x26,0x9b,
    0x26,0x9b,0x26,0x9b,0x26,0x9b,0x46,0x9b,0x46,0x9b,0x46,0xa3,0x46,0xa3,0x46,0x9b,
    0x46,0xa3,0x66,0xa3,0x46,0x9b,0x26,0x9b,0x26,0x9b,0x26,0x9b,0x46,0x9b,0x46,0x9b,
    0x46,0x9b,0x26,0x9b,0x46,0xa3,0x46,0xa3,0x46,0xa3,0x46,0xa3,0x46,0xa3,0x46,0xa3,
    0x46,0xa3,0x46,0xa3,0x46,0xa3,0x46,0xa3,0x46,0xa3,0x46,0xa3,0x46,0xa3,0x46,0xa3,
    0x26,0x9b,0x87,0xa3,0xcc,0xbc,0xcc,0xbc,0xac,0xbc,0xcc,0xbc,0xcc,0xbc,0xcc,0xbc,
    0xcc,0xbc,0xcc,0xbc,0xcc,0xbc,0xcc,0xbc,0xcc,0xbc,0xcc,0xbc,0xcc,0xbc,0xcc,0xbc,
    0xcc,0xbc,0xcc,0xbc,0xcc,0xbc,0xcc,0xbc,0xcc,0xbc,0xcc,0xbc,0xcc,0xbc,0xcc,0xbc,
    0xcc,0xbc,0xcc,0xbc,0xcc,0xbc,0xcc,0xc4,0x4b,0xbc,0x06,0x93,0x06,0x9b,0xe6,0x9a,
    0x06,0x9b,0x06,0x9b,0x06,0x9b,0x05,0x9b,0x05,0x9b,0x05,0x9b,0x05,0x9b,0x05,0x9b,
    0x05,0x9b,0x05,0x9b,0x05,0x9b,0x05,0x9b,0x05,0x9b,0x05,0x9b,0x05,0x93,0x05,0x93,
    0x05,0x93,0x05,0x9b,0xe5,0x92,0xe5,0x92,0xc4,0x8a,0xa4,0x8a,0xa4,0x92,0xc4,0x92,
    0xc5,0x92,0xc5,0x9a,0xc5,0x9a,0xc5,0x9a,0xc5,0x92,0xc5,0x9a,0xe5,0x9a,0xe5,0x9a,
    0xe5,0x9a,0xe5,0x9a,0xe5,0x9a,0xe5,0x9a,0xe5,0x9a,0xe5,0x9a,0xe5,0x9a,0xe5,0x9a,
    0xe5,0x9a,0xe5,0x9a,0xe5,0x92,0xe4,0x92,0xe4,0x92,0x05,0x9b,0xe5,0x9a,0xe5,0x9a,
    0xe5,0x9a,0xe6,0x9a,0xe6,0x9a,0xe6,0x9a,0xe6,0x9a,0xe6,0x9a,0xe5,0x92,0xe5,0x92,
    0xc5,0x92,0xe5,0x92,0xe5,0x92,0xe5,0x92,0xc5,0x92,0xc5,0x92,0xc5,0x92,0xa4,0x92,
    0xa4,0x92,0xa4,0x92,0xa4,0x92,0xa4,0x92,0xa4,0x8a,0xa4,0x92,0xa4,0x92,0xc4,0x92,
    0xc5,0x92,0xc4,0x92,0xa4,0x92,0xa4,0x92,0xa4,0x92,0xa4,0x92,0xa4,0x92,0xc5,0x92,
    0xc5,0x92,0xc5,0x92,0xc5,0x92,0xc5,0x92,0xe5,0x92,0xe5,0x92,0xe5,0x92,0xe5,0x92,
    0xe5,0x92,0xe5,0x92,0xe5,0x92,0xc5,0x92,0xc5,0x92,0xe5,0x92,0xe5,0x8a,0x05,0x8b,
    0x26,0x93,0x48,0x93,0x68,0x9b,0x48,0x93,0x49,0x93,0x8a,0x9b,0xab,0x9b,0xcb,0xa3,
    0x0b,0xa4,0x4c,0xac,0x6d,0xac,0x8d,0xac,0x8d,0xb4,0x8d,0xb4,0x4c,0xac,0x0b,0xa4,
    0x89,0x93,0x89,0x93,0xaa,0x9b,0x0b,0xa4,0x4c,0xac,0xad,0xb4,0xcd,0xbc,0xcd,0xbc,
    0x8c,0xb4,0x4b,0xac,0x0b,0xac,0x2b,0xac,0x6c,0xb4,0xad,0xb4,0xae,0xb4,0xce,0xbc,
    0xce,0xb4,0x8d,0xb4,0x8d,0xb4,0x8c,0xb4,0x4b,0xac,0x2b,0xac,0x0b,0xac,0x0b,0xac,
    0x2b,0xac,0x2a,0xac,0x2a,0xac,0x2a,0xac,0x4b,0xac,0xac,0xbc,0xcd,0xbc,0xcd,0xc4,
    0xee,0xc4,0x0e,0xc5,0x2e,0xcd,0x4f,0xcd,0x4e,0xd5,0x2e,0xcd,0xed,0xc4,0xcc,0xbc,
    0xcc,0xbc,0xcc,0xbc,0xec,0xbc,0xec,0xbc,0xec,0xbc,0x0c,0xc5,0x0d,0xc5,0x0d,0xc5,
    0x0c,0xc5,0x2d,0xc5,0x2d,0xc5,0x4d,0xcd,0x4e,0xcd,0x4e,0xcd,0x4e,0xcd,0x4d,0xcd,
    0x4d,0xcd,0x4d,0xcd,0x4d,0xcd,0x4e,0xcd,0x4e,0xcd,0x4e,0xcd,0x6e,0xcd,0x6e,0xcd,
    0x6e,0xcd,0x6e,0xcd,0x6e,0xcd,0x6e,0xcd,0x6e,0xcd,0x6e,0xcd,0x6e,0xcd,0x6e,0xcd,
    0x6e,0xcd,0x6e,0xcd,0x6e,0xcd,0x6e,0xcd,0x6e,0xcd,0x6e,0xcd,0x6e,0xd5,0x6e,0xd5,
    0x6e,0xd5,0x6e,0xd5,0x8e,0xd5,0x6e,0xd5,0x6e,0xd5,0x6e,0xd5,0x6e,0xd5,0x4e,0xcd,
    0x2e,0xcd,0x2d,0xcd,0x0d,0xc5,0xec,0xc4,0xcc,0xbc,0xcc,0xbc,0xab,0xbc,0xab,0xbc,
    0x8b,0xbc,0x6b,0xb4,0x6b,0xb4,0x6b,0xb4,0x4a,0xb4,0x4a,0xb4,0x29,0xb4,0x09,0xac,
    0x09,0xac,0xc9,0xa3,0x68,0x93,0x07,0x8b,0xa5,0x82,0xa5,0x7a,0xa5,0x82,0xa5,0x82,
    0xa4,0x82,0xc4,0x8a,0xc4,0x8a,0xc4,0x8a,0xc5,0x8a,0xc5,0x8a,0xe5,0x92,0xe5,0x92,
    0xe5,0x92,0xe5,0x92,0xe5,0x92,0xe5,0x92,0xe5,0x92,0xe5,0x92,0xe5,0x9a,0xe5,0x9a,
    0xe5,0x9a,0xe5,0x9a,0xe5,0x9a,0xe5,0x9a,0x05,0x9b,0x05,0x9b,0x05,0x9b,0x05,0x9b,
    0xe5,0x92,0xe4,0x92,0x05,0x9b,0x05,0x9b,0x26,0x9b,0x26,0x9b,0x26,0x9b,0x05,0x93,
    0x05,0x93,0x05,0x93,0x05,0x93,0x25,0x9b,0x26,0x9b,0x26,0x9b,0x26,0x9b,0x46,0x9b,
    0x46,0x9b,0x46,0x9b,0x46,0x9b,0x26,0x9b,0x26,0x9b,0x26,0x9b,0x26,0x9b,0x46,0x9b,
    0x26,0x9b,0x26,0x9b,0x26,0x9b,0x26,0xa3,0x26,0xa3,0x26,0xa3,0x26,0xa3,0x26,0xa3,
    0x26,0xa3,0x26,0xa3,0x46,0xa3,0x46,0xa3,0x46,0xa3,0x46,0xa3,0x46,0xa3,0x46,0xa3,
    0x26,0xa3,0x87,0xa3,0xcc,0xbc,0xcc,0xbc,0xac,0xbc,0xcc,0xbc,0xcc,0xbc,0xcc,0xbc,
    0xcc,0xbc,0xcc,0xbc,0xcc,0xbc,0xcc,0xbc,0xcc,0xbc,0xcc,0xbc,0xcc,0xbc,0xcc,0xbc,
    0xcc,0xbc,0xcc,0xbc,0xcc,0xbc,0xcc,0xbc,0xcc,0xbc,0xcc,0xbc,0xcc,0xbc,0xcc,0xbc,
    0xcc,0xbc,0xcc,0xbc,0xcc,0xbc,0xcc,0xc4,0x4b,0xbc,0x06,0x93,0x06,0x9b,0xe6,0x9a,
    0x06,0x9b,0x06,0x9b,0x05,0x9b,0x05,0x9b,0x05,0x9b,0x05,0x9b,0x05,0x9b,0x05,0x9b,
    0x05,0x9b,0x05,0x9b,0x05,0x9b,0x05,0x9b,0x05,0x9b,0x05,0x9b,0x05,0x93,0x05,0x93,
    0x05,0x93,0x05,0x93,0x26,0x9b,0x25,0x9b,0x05,0x93,0xe5,0x92,0xa4,0x92,0xc5,0x92,
    0xc5,0x9a,0xc5,0x9a,0xe5,0x9a,0xc5,0x9a,0xa4,0x92,0xc4,0x92,0xe5,0x9a,0xe5,0x9a,
    0xe5,0x9a,0xe5,0x9a,0xe5,0x9a,0xe5,0x9a,0xe5,0x9a,0xe5,0x9a,0xe5,0x9a,0xe5,0x9a,
    0xe5,0x9a,0xe5,0x92,0xe5,0x92,0xc4,0x92,0xc4,0x92,0xe5,0x92,0xe5,0x92,0xe5,0x92,
    0xc5,0x92,0xe5,0x92,0xe6,0x9a,0xe6,0x9a,0xe6,0x9a,0x06,0x9b,0xe6,0x9a,0xe6,0x9a,
    0xe5,0x9a,0xe5,0x9a,0x05,0x9b,0x05,0x9b,0x06,0x9b,0x06,0x9b,0xe5,0x9a,0xe5,0x92,
    0xe5,0x92,0xe5,0x92,0xe5,0x92,0xe5,0x92,0xc5,0x92,0xc5,0x92,0xe5,0x92,0xe5,0x92,
    0xc4,0x92,0xc4,0x92,0xa4,0x92,0xa4,0x8a,0xa4,0x8a,0xa4,0x92,0xa4,0x92,0xc5,0x92,
    0xc5,0x92,0xc5,0x92,0xc5,0x92,0xc5,0x92,0xe5,0x92,0xe5,0x92,0xe5,0x92,0xe5,0x92,
    0xe5,0x92,0xe5,0x92,0xe5,0x92,0xc5,0x92,0xc5,0x92,0xe5,0x92,0xe5,0x8a,0x05,0x8b,
    0x26,0x93,0x47,0x93,0x48,0x93,0x48,0x93,0x48,0x93,0x6a,0x93,0x8a,0x9b,0xaa,0x9b,
    0xeb,0xa3,0x0b,0xa4,0x2c,0xa4,0x6d,0xac,0xad,0xb4,0xad,0xb4,0xad,0xb4,0x4c,0xac,
    0x0b,0xa4,0xca,0x9b,0xca,0x9b,0xeb,0x9b,0x4c,0xac,0x8d,0xb4,0xad,0xbc,0xcd,0xbc,
    0x6c,0xb4,0x4c,0xac,0x4c,0xb4,0x6c,0xb4,0xad,0xbc,0xce,0xbc,0xad,0xb4,0xce,0xbc,
    0xad,0xb4,0x8d,0xb4,0x6c,0xac,0x6c,0xac,0x2b,0xac,0x0a,0xa4,0xea,0xa3,0xeb,0xa3,
    0x0b,0xac,0x0a,0xa4,0x0a,0xac,0x0a,0xac,0x2b,0xac,0xac,0xbc,0xcd,0xbc,0xcd,0xc4,
    0xed,0xc4,0xee,0xc4,0x0e,0xcd,0x2e,0xcd,0x4e,0xd5,0x2e,0xcd,0x0d,0xc5,0xcc,0xbc,
    0xcc,0xbc,0xcc,0xbc,0xcc,0xbc,0xec,0xbc,0xec,0xbc,0xec,0xc4,0x0d,0xc5,0x0d,0xc5,
    0x0c,0xc5,0x2d,0xc5,0x2d,0xc5,0x4d,0xcd,0x4e,0xcd,0x4e,0xcd,0x4e,0xcd,0x4e,0xcd,
    0x4e,0xcd,0x4d,0xcd,0x4d,0xcd,0x4e,0xcd,0x4e,0xcd,0x4e,0xcd,0x4e,0xcd,0x6e,0xcd,
    0x6e,0xcd,0x6e,0xcd,0x4e,0xcd,0x4d,0xcd,0x4d,0xcd,0x4e,0xcd,0x4e,0xcd,0x4d,0xcd,
    0x4d,0xcd,0x4d,0xcd,0x4d,0xcd,0x4e,0xcd,0x6e,0xcd,0x6e,0xcd,0x6e,0xd5,0x6e,0xd5,
    0x6e,0xd5,0x6e,0xd5,0x8e,0xd5,0x6e,0xd5,0x6e,0xd5,0x6e,0xd5,0x6e,0xd5,0x4e,0xcd,
    0x2e,0xcd,0x2d,0xcd,0x0d,0xcd,0xed,0xc4,0xcc,0xc4,0xcc,0xc4,0xcb,0xbc,0x8b,0xbc,
    0x8b,0xb4,0x6a,0xb4,0x4a,0xb4,0x4a,0xb4,0x2a,0xb4,0x4a,0xb4,0x29,0xac,0xe9,0xa3,
    0xc8,0xa3,0x47,0x93,0xc6,0x82,0x64,0x7a,0x03,0x6a,0x44,0x72,0x44,0x72,0x64,0x7a,
    0x84,0x82,0xa4,0x82,0xa4,0x8a,0xa4,0x8a,0xc5,0x8a,0xc5,0x8a,0xc5,0x8a,0xc5,0x8a,
    0xc5,0x8a,0xe5,0x92,0xe5,0x92,0xe5,0x92,0xe5,0x92,0xe5,0x92,0xe5,0x92,0xe5,0x9a,
    0xe6,0x9a,0xe6,0x9a,0xe6,0x9a,0xe5,0x9a,0x05,0x9b,0x05,0x9b,0x05,0x9b,0x05,0x9b,
    0x05,0x9b,0xe5,0x92,0x05,0x9b,0x05,0x9b,0x05,0x93,0x05,0x93,0x05,0x93,0x05,0x93,
    0x05,0x93,0x05,0x93,0x05,0x93,0x05,0x93,0x05,0x9b,0x25,0x9b,0x25,0x9b,0x05,0x93,
    0x05,0x93,0x05,0x93,0x25,0x9b,0x25,0x9b,0x25,0x9b,0x25,0x9b,0x26,0x9b,0x26,0x9b,
    0x26,0x9b,0x25,0x9b,0x25,0x9b,0x05,0x9b,0x05,0x9b,0x05,0x9b,0x26,0xa3,0x26,0xa3,
    0x26,0xa3,0x26,0xa3,0x46,0xa3,0x46,0xa3,0x46,0xa3,0x46,0xa3,0x46,0xa3,0x46,0xa3,
    0x26,0xa3,0x87,0xa3,0xcc,0xbc,0xcc,0xbc,0xac,0xbc,0xcc,0xbc,0xcc,0xbc,0xcc,0xbc,
    0xcc,0xbc,0xcc,0xbc,0xcc,0xbc,0xcc,0xbc,0xcc,0xbc,0xcc,0xbc,0xcc,0xbc,0xcc,0xbc,
    0xcc,0xbc,0xcc,0xbc,0xcc,0xbc,0xcc,0xbc,0xcc,0xbc,0xcc,0xbc,0xcc,0xbc,0xcc,0xbc,
    0xcc,0xbc,0xcc,0xbc,0xcc,0xbc,0xcc,0xbc,0x6b,0xbc,0x26,0x9b,0x06,0x9b,0x06,0x9b,
    0x06,0x9b,0x06,0x9b,0x06,0x9b,0x05,0x9b,0x05,0x9b,0x05,0x9b,0x06,0x9b,0x06,0x9b,
    0x06,0x9b,0x06,0x9b,0x06,0x9b,0x05,0x9b,0xe5,0x9a,0xe5,0x9a,0x05,0x9b,0x05,0x93,
    0x05,0x93,0x05,0x93,0x05,0x9b,0x05,0x9b,0x05,0x9b,0x05,0x9b,0xe5,0x9a,0xc4,0x92,
    0xc5,0x9a,0xe5,0x9a,0xe5,0x9a,0xe5,0x9a,0xe5,0x9a,0xc5,0x9a,0xc5,0x9a,0xc5,0x9a,
    0xc5,0x9a,0xe5,0x9a,0xe5,0x9a,0xe5,0x9a,0xe5,0x9a,0xe5,0x9a,0xe5,0x9a,0xe5,0x9a,
    0xe5,0x9a,0xc4,0x92,0xc4,0x92,0xc4,0x92,0xc4,0x92,0xe5,0x92,0xe5,0x92,0xc5,0x92,
    0xc5,0x92,0xe5,0x92,0xe5,0x92,0xe5,0x9a,0xe6,0x9a,0xe6,0x9a,0xe6,0x9a,0xe5,0x9a,
    0xe5,0x92,0xe5,0x9a,0x06,0x9b,0x26,0x9b,0x26,0x9b,0x26,0x9b,0x26,0x9b,0x06,0x9b,
    0xe5,0x92,0xe5,0x92,0xe5,0x92,0xe5,0x92,0x05,0x9b,0x05,0x9b,0xe5,0x9a,0xe5,0x9a,
    0xe5,0x92,0xc5,0x92,0xa4,0x92,0xa4,0x92,0xc5,0x92,0xc5,0x92,0xc4,0x92,0xe5,0x92,
    0xe5,0x92,0xe5,0x92,0xe5,0x92,0xc5,0x92,0xc5,0x92,0xc4,0x92,0xc4,0x92,0xe5,0x92,
    0xc5,0x92,0xc4,0x92,0xc4,0x92,0xe5,0x92,0xe5,0x92,0xe5,0x92,0xe5,0x8a,0xe5,0x8a,
    0x26,0x93,0x47,0x93,0x68,0x93,0x48,0x8b,0x48,0x8b,0x69,0x93,0x69,0x93,0x89,0x93,
    0xaa,0x9b,0xeb,0x9b,0x2c,0xa4,0x4d,0xac,0x4d,0xac,0x4d,0xac,0x8d,0xb4,0x6d,0xb4,
    0x2c,0xa4,0xeb,0x9b,0xaa,0x93,0xaa,0x9b,0x2c,0xac,0x6c,0xac,0x8d,0xb4,0x6d,0xb4,
    0x2c,0xac,0x2c,0xac,0x6d,0xb4,0xae,0xbc,0xce,0xc4,0xce,0xc4,0xce,0xbc,0xcd,0xbc,
    0x8d,0xb4,0x6c,0xb4,0x2b,0xac,0x0a,0xa4,0xea,0xa3,0xca,0xa3,0xca,0xa3,0xea,0xa3,
    0x0a,0xa4,0x0a,0xac,0x2a,0xac,0x2a,0xac,0x4b,0xac,0x8c,0xbc,0xcc,0xbc,0xcc,0xbc,
    0xcd,0xbc,0xed,0xc4,0x0e,0xc5,0x2e,0xcd,0x4e,0xcd,0x4e,0xcd,0x2e,0xc5,0xed,0xbc,
    0xcc,0xbc,0xcc,0xbc,0xcc,0xbc,0xcc,0xbc,0xed,0xbc,0xed,0xbc,0x0d,0xc5,0xed,0xc4,
    0xed,0xc4,0x0d,0xc5,0x2d,0xcd,0x2d,0xcd,0x4d,0xcd,0x4d,0xcd,0x4d,0xcd,0x4d,0xcd,
    0x4d,0xcd,0x4d,0xcd,0x2d,0xcd,0x2d,0xcd,0x2d,0xcd,0x2d,0xcd,0x2d,0xcd,0x2d,0xcd,
    0x2d,0xcd,0x4d,0xcd,0x4d,0xcd,0x2d,0xcd,0x4d,0xcd,0x6e,0xcd,0x4e,0xcd,0x2d,0xcd,
    0x2d,0xcd,0x2d,0xcd,0x4d,0xcd,0x4d,0xcd,0x4e,0xcd,0x6e,0xcd,0x6e,0xcd,0x6e,0xcd,
    0x6e,0xd5,0x6e,0xd5,0x8e,0xd5,0x6e,0xd5,0x6e,0xd5,0x6e,0xd5,0x4e,0xcd,0x4d,0xcd,
    0x2d,0xcd,0x0d,0xcd,0x0d,0xc5,0x0d,0xc5,0xcc,0xc4,0xac,0xbc,0xab,0xbc,0x6b,0xb4,
    0x6a,0xb4,0x4a,0xac,0x29,0xac,0x49,0xac,0x49,0xac,0x29,0xac,0x09,0xac,0xc8,0xa3,
    0x67,0x93,0xc6,0x82,0x85,0x7a,0x03,0x6a,0xc3,0x61,0xe3,0x69,0xe3,0x69,0x03,0x72,
    0x44,0x7a,0x64,0x7a,0x64,0x82,0x84,0x82,0x84,0x82,0xa4,0x8a,0xa4,0x8a,0xc4,0x8a,
    0xc4,0x8a,0xc5,0x8a,0xc5,0x92,0xe5,0x92,0xe5,0x92,0xe5,0x92,0xe5,0x92,0xe5,0x92,
    0xe5,0x92,0x05,0x93,0x05,0x9b,0x05,0x93,0x06,0x93,0x06,0x93,0x06,0x93,0x06,0x9b,
    0x06,0x93,0x06,0x93,0x06,0x9b,0x06,0x93,0x05,0x93,0x05,0x93,0x05,0x93,0x26,0x9b,
    0x26,0x9b,0x26,0x9b,0x26,0x9b,0x05,0x9b,0x05,0x93,0x05,0x93,0x05,0x93,0x05,0x93,
    0x05,0x93,0x05,0x93,0x05,0x93,0x05,0x93,0x25,0x9b,0x25,0x9b,0x25,0x9b,0x25,0x9b,
    0x25,0x9b,0x25,0x9b,0x25,0x9b,0x05,0x9b,0x05,0x9b,0x05,0x9b,0x05,0x9b,0x05,0x9b,
    0x05,0x9b,0x05,0x9b,0x26,0x9b,0x26,0x9b,0x26,0x9b,0x26,0x9b,0x46,0xa3,0x46,0xa3,
    0x26,0xa3,0x87,0xa3,0xac,0xbc,0xcc,0xbc,0xcc,0xbc,0xcc,0xbc,0xcc,0xbc,0xcc,0xbc,
    0xcc,0xbc,0xcc,0xbc,0xcc,0xbc,0xcc,0xbc,0xcc,0xbc,0xcc,0xbc,0xcc,0xbc,0xcc,0xbc,
    0xcc,0xbc,0xcc,0xbc,0xcc,0xbc,0xcc,0xbc,0xcc,0xbc,0xcc,0xbc,0xcc,0xbc,0xcc,0xbc,
    0xcc,0xbc,0xcc,0xbc,0xcc,0xbc,0xcc,0xbc,0x6b,0xbc,0x46,0x9b,0x06,0x9b,0x06,0x9b,
    0x06,0x9b,0x06,0x9b,0x06,0x9b,0x05,0x9b,0x05,0x9b,0x05,0x9b,0x05,0x9b,0x26,0xa3,
    0x26,0xa3,0x26,0xa3,0x06,0x9b,0x06,0x9b,0x05,0x9b,0x05,0x9b,0x05,0x9b,0x05,0x9b,
    0x05,0x9b,0x05,0x9b,0x05,0x9b,0x05,0x9b,0x05,0x9b,0x05,0x9b,0xe5,0x9a,0xc5,0x9a,
    0xe5,0x9a,0xe5,0x9a,0xe5,0x9a,0xe5,0x9a,0xe5,0x9a,0xc5,0x9a,0xc5,0x9a,0xc5,0x9a,
    0xc5,0x9a,0xe5,0x9a,0xe5,0x9a,0xe5,0x9a,0xe5,0x9a,0xe5,0x9a,0xe5,0x9a,0xe5,0x9a,
    0xe5,0x9a,0xe5,0x9a,0xe5,0x9a,0xe5,0x9a,0xe5,0x9a,0xe5,0x9a,0xe5,0x92,0xe5,0x92,
    0xe5,0x92,0xe5,0x92,0xe5,0x92,0xe5,0x9a,0xe5,0x9a,0xe5,0x9a,0xe5,0x9a,0xe5,0x9a,
    0xe5,0x92,0xe5,0x9a,0x06,0x9b,0x06,0x9b,0x26,0x9b,0x26,0x9b,0x06,0x9b,0x06,0x93,
    0x06,0x93,0x06,0x93,0x06,0x93,0x06,0x9b,0x05,0x9b,0x05,0x9b,0xe5,0x9a,0xe5,0x9a,
    0xe5,0x9a,0xc5,0x92,0xc4,0x92,0xc5,0x92,0xe5,0x92,0xc5,0x92,0xc5,0x92,0xe5,0x92,
    0xe5,0x9a,0xe5,0x9a,0xe5,0x9a,0x05,0x9b,0xe5,0x9a,0xe5,0x9a,0xe5,0x9a,0xe5,0x9a,
    0xe5,0x92,0xc5,0x92,0xc4,0x92,0xe5,0x92,0xe5,0x92,0xe5,0x92,0xe5,0x8a,0x06,0x8b,
    0x47,0x93,0x68,0x93,0x89,0x93,0x68,0x8b,0x68,0x8b,0x68,0x8b,0x68,0x8b,0x68,0x8b,
    0x69,0x93,0xaa,0x93,0xaa,0x9b,0xcb,0x9b,0x2c,0xa4,0x4d,0xac,0x6d,0xb4,0x6d,0xb4,
    0x4d,0xac,0xeb,0x9b,0x48,0x8b,0x89,0x93,0x0b,0xa4,0x2c,0xac,0x2c,0xac,0x0c,0xac,
    0xeb,0xa3,0x0b,0xac,0x4c,0xb4,0x8d,0xbc,0xad,0xbc,0xad,0xbc,0xad,0xbc,0xad,0xbc,
    0x6c,0xb4,0x2b,0xac,0xca,0xa3,0xa9,0x9b,0xa9,0x9b,0xa9,0x9b,0xc9,0x9b,0xca,0xa3,
    0xea,0xa3,0x0a,0xa4,0x0a,0xac,0x2a,0xac,0x4b,0xb4,0x8c,0xbc,0xcc,0xbc,0xcc,0xbc,
    0xcc,0xbc,0xed,0xbc,0x0e,0xc5,0x2e,0xc5,0x2e,0xcd,0x4e,0xcd,0x2e,0xc5,0xed,0xbc,
    0xcc,0xbc,0xcc,0xbc,0xcc,0xbc,0xcc,0xbc,0xed,0xbc,0xed,0xbc,0x0d,0xc5,0xed,0xc4,
    0xed,0xc4,0x0d,0xc5,0x2d,0xcd,0x2e,0xcd,0x2d,0xcd,0x4d,0xcd,0x4d,0xcd,0x4d,0xcd,
    0x4d,0xcd,0x2d,0xcd,0x2d,0xcd,0x2d,0xcd,0x2d,0xcd,0x2d,0xcd,0x2d,0xcd,0x2d,0xcd,
    0x2d,0xcd,0x4d,0xcd,0x4d,0xcd,0x2d,0xcd,0x4d,0xcd,0x4e,0xcd,0x4d,0xcd,0x0d,0xcd,
    0x2d,0xcd,0x2d,0xcd,0x2d,0xcd,0x4d,0xcd,0x4e,0xcd,0x6e,0xcd,0x6e,0xcd,0x6e,0xcd,
    0x6e,0xd5,0x6e,0xd5,0x8e,0xd5,0x6e,0xd5,0x6e,0xd5,0x4e,0xd5,0x4d,0xcd,0x2d,0xcd,
    0x2d,0xcd,0x0d,0xc5,0x0d,0xc5,0x0d,0xc5,0xcc,0xbc,0x8b,0xbc,0x6b,0xb4,0x6a,0xb4,
    0x4a,0xac,0x29,0xac,0x29,0xac,0x09,0xac,0x09,0xac,0x09,0xac,0xc9,0xa3,0x27,0x8b,
    0xa5,0x82,0x44,0x72,0x24,0x6a,0xc3,0x61,0xa3,0x61,0xa3,0x61,0xc3,0x69,0x03,0x6a,
    0x44,0x7a,0x64,0x7a,0x64,0x82,0x84,0x82,0x84,0x82,0x84,0x8a,0xa4,0x8a,0xc4,0x8a,
    0xa4,0x8a,0xc4,0x8a,0xc4,0x8a,0xe5,0x92,0xe5,0x92,0xe5,0x92,0xe5,0x92,0xe5,0x92,
    0xe5,0x92,0xe5,0x92,0x05,0x93,0x05,0x93,0x06,0x93,0x06,0x93,0x06,0x93,0x06,0x93,
    0x06,0x93,0x06,0x93,0x06,0x93,0xe5,0x92,0xe5,0x92,0x05,0x93,0x05,0x93,0x06,0x93,
    0x06,0x93,0x06,0x93,0x06,0x93,0x05,0x93,0x05,0x93,0x05,0x93,0x05,0x93,0x05,0x93,
    0x05,0x93,0x05,0x93,0xe5,0x92,0xe5,0x92,0x25,0x9b,0x05,0x9b,0x05,0x93,0x25,0x9b,
    0x25,0x9b,0x25,0x9b,0x25,0x9b,0x05,0x9b,0x05,0x9b,0x05,0x9b,0x05,0x9b,0x05,0x9b,
    0x05,0x9b,0x05,0x9b,0x06,0x9b,0x06,0x9b,0x06,0x9b,0x06,0x9b,0x06,0x9b,0x06,0x9b,
    0xe5,0x9a,0x67,0x9b,0xac,0xbc,0xcc,0xbc,0xcc,0xbc,0xcc,0xbc,0xcc,0xbc,0xcc,0xbc,
    0xcc,0xbc,0xcc,0xbc,0xcc,0xbc,0xcc,0xbc,0xcc,0xbc,0xcc,0xbc,0xcc,0xbc,0xcc,0xbc,
    0xcc,0xbc,0xcc,0xbc,0xcc,0xbc,0xcc,0xbc,0xcc,0xbc,0xcc,0xbc,0xcc,0xbc,0xcc,0xbc,
    0xcc,0xbc,0xcc,0xbc,0xcc,0xbc,0xcc,0xc4,0x6b,0xbc,0x46,0x9b,0x26,0x9b,0x06,0x9b,
    0x26,0x9b,0x26,0x9b,0x05,0x9b,0x05,0x9b,0x05,0x9b,0x25,0x9b,0x25,0xa3,0x26,0xa3,
    0x25,0xa3,0x25,0xa3,0x25,0xa3,0x25,0xa3,0x25,0xa3,0x25,0xa3,0x25,0x9b,0x25,0x9b,
    0x25,0x9b,0x25,0x9b,0x05,0x9b,0x05,0x9b,0x05,0x9b,0x05,0x9b,0xe5,0x9a,0x05,0x9b,
    0xe5,0x9a,0xe5,0x9a,0xe5,0x9a,0xe5,0x9a,0xe5,0x9a,0xc5,0x9a,0xc5,0x9a,0xc5,0x9a,
    0xc5,0x9a,0xe5,0x9a,0xe5,0x9a,0xe5,0x9a,0xe5,0x9a,0x05,0x9b,0x05,0x9b,0x05,0x9b,
    0x05,0x9b,0x06,0x9b,0x06,0x9b,0x06,0x9b,0x05,0x9b,0xe5,0x9a,0xe5,0x9a,0xe5,0x92,
    0xe5,0x92,0xe5,0x92,0xe5,0x92,0xe5,0x9a,0xe5,0x9a,0xe5,0x92,0xe5,0x92,0xe5,0x92,
    0xe5,0x9a,0xe5,0x9a,0xe5,0x92,0xe5,0x92,0x06,0x9b,0x06,0x93,0x05,0x93,0x05,0x93,
    0x06,0x9b,0x06,0x9b,0x06,0x9b,0x06,0x9b,0x05,0x9b,0x05,0x9b,0xe5,0x9a,0xe5,0x9a,
    0xe5,0x9a,0xe5,0x9a,0xe5,0x92,0xe5,0x9a,0xe5,0x9a,0xe5,0x92,0xe5,0x92,0xe5,0x9a,
    0xe5,0x9a,0xe5,0x9a,0xe5,0x9a,0x06,0x9b,0x06,0x9b,0x05,0x9b,0x05,0x9b,0x05,0x9b,
    0xe5,0x9a,0xe5,0x92,0xe5,0x92,0x05,0x93,0x05,0x93,0x05,0x93,0x06,0x93,0x26,0x93,
    0x47,0x93,0x88,0x9b,0xa9,0x9b,0x68,0x8b,0x48,0x8b,0x48,0x8b,0x28,0x8b,0x07,0x83,
    0x07,0x83,0x28,0x8b,0x69,0x93,0xaa,0x9b,0x0c,0xa4,0x4d,0xac,0x4d,0xac,0x4d,0xac,
    0x2c,0xac,0xcb,0x9b,0x28,0x8b,0x28,0x8b,0x8a,0x93,0xaa,0x9b,0xca,0xa3,0xaa,0x9b,
    0xaa,0x9b,0xeb,0xa3,0x2c,0xac,0x6d,0xb4,0x6c,0xb4,0x6c,0xb4,0x6c,0xb4,0x4c,0xb4,
    0x2b,0xac,0xea,0xa3,0xa9,0x9b,0x88,0x93,0x88,0x93,0x89,0x9b,0xa9,0x9b,0xa9,0x9b,
    0xc9,0x9b,0xc9,0xa3,0x0a,0xa4,0x2a,0xac,0x4b,0xb4,0x8c,0xb4,0xac,0xbc,0xcc,0xbc,
    0xcc,0xbc,0xed,0xbc,0x0d,0xc5,0x2e,0xc5,0x2e,0xcd,0x4e,0xcd,0x2e,0xc5,0xed,0xbc,
    0xcc,0xbc,0xcc,0xbc,0xcc,0xbc,0xcc,0xbc,0xec,0xbc,0xed,0xbc,0xed,0xc4,0xed,0xc4,
    0xed,0xc4,0x0d,0xc5,0x2e,0xcd,0x2e,0xcd,0x2d,0xcd,0x4d,0xcd,0x4d,0xcd,0x4d,0xcd,
    0x2d,0xcd,0x2d,0xcd,0x2d,0xcd,0x2d,0xcd,0x2d,0xcd,0x0c,0xc5,0x0d,0xc5,0x2d,0xcd,
    0x2d,0xcd,0x4d,0xcd,0x4d,0xcd,0x4d,0xcd,0x4d,0xcd,0x2d,0xcd,0x2d,0xcd,0x0d,0xcd,
    0x0d,0xc5,0x0c,0xc5,0x2d,0xcd,0x4d,0xcd,0x4d,0xcd,0x6e,0xcd,0x6e,0xcd,0x6e,0xcd,
    0x6e,0xd5,0x6e,0xd5,0x6e,0xd5,0x6e,0xd5,0x4e,0xd5,0x4e,0xd5,0x2d,0xcd,0x2d,0xcd,
    0x2d,0xcd,0xed,0xc4,0xed,0xc4,0xed,0xc4,0xcc,0xbc,0x8b,0xb4,0x4a,0xb4,0x4a,0xac,
    0x29,0xac,0x2a,0xac,0x09,0xac,0xe9,0xa3,0xe9,0xa3,0xa9,0xa3,0x07,0x8b,0x23,0x6a,
    0x81,0x59,0x82,0x59,0x82,0x59,0x82,0x59,0x62,0x59,0x82,0x61,0xe3,0x69,0x24,0x72,
    0x44,0x7a,0x64,0x7a,0x64,0x82,0x84,0x82,0x84,0x82,0x83,0x82,0xa4,0x8a,0xa4,0x8a,
    0xa4,0x8a,0xa4,0x8a,0xc4,0x8a,0xc5,0x8a,0xc5,0x92,0xc5,0x92,0xc5,0x92,0xc5,0x92,
    0xc5,0x92,0xe5,0x92,0xe5,0x92,0xe5,0x92,0xe5,0x92,0xe5,0x92,0xe5,0x92,0xe5,0x92,
    0xe5,0x92,0xe5,0x92,0xe5,0x92,0xe5,0x92,0xe5,0x92,0xe5,0x92,0x05,0x93,0xe5,0x92,
    0x05,0x93,0x05,0x93,0x05,0x93,0x05,0x93,0x05,0x93,0x05,0x93,0xe5,0x92,0x05,0x93,
    0x05,0x93,0x05,0x93,0xe5,0x92,0xe5,0x92,0x05,0x9b,0x05,0x93,0x05,0x93,0x05,0x9b,
    0x05,0x9b,0x05,0x9b,0x05,0x9b,0x05,0x9b,0x05,0x9b,0xe5,0x9a,0x05,0x9b,0x05,0x9b,
    0x05,0x9b,0x05,0x9b,0x05,0x9b,0x05,0x9b,0x05,0x9b,0xe5,0x9a,0xe5,0x92,0xe5,0x92,
    0xc5,0x92,0x67,0x9b,0xcc,0xbc,0xcc,0xbc,0xcc,0xbc,0xcc,0xbc,0xcc,0xbc,0xcc,0xbc,
    0xcc,0xbc,0xcc,0xbc,0xcc,0xbc,0xcc,0xbc,0xcc,0xbc,0xcc,0xbc,0xcc,0xbc,0xcc,0xbc,
    0xcc,0xbc,0xcc,0xbc,0xcc,0xbc,0xcc,0xbc,0xcc,0xbc,0xcc,0xbc,0xcc,0xbc,0xcc,0xbc,
    0xcc,0xbc,0xcc,0xbc,0xcc,0xbc,0xcc,0xc4,0x8b,0xbc,0x47,0x9b,0x26,0x9b,0x26,0xa3,
    0x26,0xa3,0x25,0xa3,0x25,0x9b,0x05,0x9b,0x05,0x9b,0x25,0x9b,0x25,0xa3,0x25,0xa3,
    0x25,0xa3,0x25,0xa3,0x45,0xa3,0x45,0xa3,0x45,0xa3,0x25,0xa3,0x26,0xa3,0x26,0xa3,
    0x25,0x9b,0x25,0x9b,0x05,0x9b,0x05,0x9b,0x05,0x9b,0x05,0x9b,0xe5,0x9a,0x06,0xa3,
    0x05,0xa3,0xe5,0x9a,0xe5,0x9a,0xe5,0x9a,0xe5,0x9a,0xe5,0x9a,0xc5,0x9a,0xe5,0x9a,
    0xe5,0x9a,0xe5,0x9a,0x05,0x9b,0x05,0x9b,0x05,0x9b,0x06,0x9b,0x06,0x9b,0x06,0x9b,
    0x06,0x9b,0x06,0x9b,0x05,0x9b,0x05,0x9b,0x05,0x9b,0x06,0x9b,0xe5,0x9a,0xe5,0x9a,
    0xe5,0x92,0xe5,0x92,0xe5,0x92,0xe5,0x9a,0xe5,0x92,0xe5,0x92,0xe5,0x92,0xe5,0x92,
    0xe5,0x9a,0xe5,0x9a,0xe5,0x92,0xc5,0x92,0x05,0x93,0x05,0x93,0xe5,0x92,0xe5,0x92,
    0x05,0x93,0x05,0x93,0x05,0x93,0x05,0x93,0x05,0x9b,0x05,0x9b,0xe5,0x9a,0xe5,0x9a,
    0xe5,0x92,0xe5,0x9a,0xe5,0x9a,0xe5,0x9a,0xe5,0x9a,0xe5,0x9a,0xe5,0x9a,0xe5,0x9a,
    0x05,0x9b,0x05,0x9b,0x05,0x9b,0x05,0x9b,0x05,0x9b,0xe5,0x9a,0x05,0x9b,0x06,0x9b,
    0x06,0x9b,0x05,0x9b,0x05,0x9b,0x05,0x93,0x05,0x93,0x06,0x93,0x26,0x93,0x47,0x93,
    0x68,0x9b,0xa9,0x9b,0xc9,0x9b,0x88,0x93,0x48,0x8b,0x48,0x8b,0x07,0x83,0xe7,0x82,
    0xc6,0x7a,0xe7,0x82,0x28,0x8b,0x69,0x93,0xaa,0x9b,0xeb,0x9b,0xeb,0xa3,0x0c,0xa4,
    0xeb,0xa3,0xaa,0x9b,0x48,0x8b,0x07,0x83,0x08,0x83,0x28,0x8b,0x28,0x8b,0xe7,0x82,
    0x08,0x8b,0xca,0xa3,0x2c,0xac,0x2c,0xac,0x2b,0xac,0x2b,0xac,0x4b,0xac,0x2b,0xac,
    0x0a,0xa4,0xea,0xa3,0xa9,0x9b,0x88,0x93,0x88,0x93,0x68,0x93,0x89,0x9b,0xa9,0x9b,
    0xa9,0x9b,0xc9,0x9b,0x0a,0xa4,0x2b,0xac,0x4b,0xb4,0x8c,0xb4,0xac,0xbc,0xac,0xbc,
    0xcc,0xbc,0xed,0xbc,0x0d,0xc5,0x2e,0xc5,0x2e,0xcd,0x4e,0xcd,0x2e,0xc5,0xed,0xbc,
    0xcc,0xbc,0xcb,0xbc,0xcc,0xbc,0xcc,0xbc,0xcc,0xbc,0xec,0xbc,0xed,0xbc,0xed,0xc4,
    0xed,0xc4,0x0d,0xcd,0x2e,0xcd,0x2e,0xcd,0x2d,0xcd,0x4d,0xcd,0x4d,0xcd,0x2d,0xcd,
    0x2d,0xcd,0x2d,0xcd,0x2d,0xcd,0x2d,0xcd,0x2d,0xcd,0x0c,0xc5,0x0c,0xc5,0x2d,0xcd,
    0x2d,0xcd,0x4d,0xcd,0x4d,0xcd,0x4e,0xcd,0x2d,0xcd,0x2d,0xcd,0x0d,0xcd,0x0d,0xcd,
    0x0d,0xc5,0x0c,0xc5,0x2d,0xc5,0x2d,0xcd,0x4d,0xcd,0x4e,0xcd,0x6e,0xcd,0x6e,0xcd,
    0x6e,0xd5,0x6e,0xd5,0x6e,0xd5,0x6e,0xd5,0x4e,0xd5,0x4d,0xcd,0x2d,0xcd,0x2d,0xcd,
    0x0d,0xc5,0xed,0xc4,0xec,0xc4,0xec,0xc4,0xac,0xbc,0x6b,0xb4,0x4a,0xb4,0x2a,0xac,
    0x09,0xac,0xc9,0xa3,0xa8,0xa3,0x88,0x9b,0x67,0x93,0xc6,0x82,0x04,0x6a,0x81,0x59,
    0x20,0x51,0x00,0x49,0x21,0x51,0x41,0x51,0x62,0x59,0xa2,0x61,0x04,0x72,0x44,0x7a,
    0x44,0x7a,0x64,0x7a,0x63,0x82,0x84,0x82,0x83,0x82,0x83,0x82,0xa4,0x8a,0xa4,0x8a,
    0xa4,0x8a,0xa4,0x8a,0xc4,0x8a,0xc5,0x8a,0xc5,0x8a,0xc5,0x8a,0xc5,0x8a,0xc5,0x8a,
    0xc4,0x8a,0xc4,0x8a,0xc4,0x92,0xc4,0x8a,0xc5,0x8a,0xc5,0x8a,0xe5,0x92,0xe5,0x92,
    0xe5,0x92,0xe5,0x92,0xe5,0x92,0xe5,0x92,0xe5,0x92,0xe5,0x92,0xe5,0x92,0xe5,0x92,
    0xe5,0x92,0xe5,0x92,0xe5,0x92,0x05,0x93,0x05,0x93,0xe5,0x92,0xe5,0x92,0x05,0x93,
    0x05,0x93,0x05,0x93,0xe5,0x92,0xe5,0x92,0x05,0x93,0x05,0x93,0x05,0x93,0x05,0x93,
    0x05,0x93,0x05,0x93,0x05,0x9b,0x05,0x9b,0xe5,0x9a,0xe5,0x9a,0xe5,0x9a,0xe5,0x9a,
    0xe5,0x9a,0xe5,0x9a,0xe5,0x9a,0xe5,0x9a,0xe5,0x9a,0xe5,0x9a,0xe5,0x9a,0xe5,0x9a,
    0xe5,0x92,0x67,0x9b,0xcc,0xbc,0xcc,0xbc,0xcc,0xbc,0xcc,0xbc,0xcc,0xbc,0xcc,0xbc,
    0xcc,0xbc,0xcc,0xbc,0xcc,0xbc,0xcc,0xbc,0xcc,0xbc,0xcc,0xbc,0xcc,0xbc,0xcc,0xbc,
    0xcc,0xbc,0xcc,0xbc,0xcc,0xbc,0xcc,0xbc,0xcc,0xbc,0xcc,0xbc,0xcc,0xbc,0xcc,0xbc,
    0xcc,0xbc,0xcc,0xbc,0xcc,0xbc,0xed,0xc4,0x6b,0xbc,0x06,0x93,0xe5,0x92,0x06,0x9b,
    0x06,0x9b,0x05,0x9b,0x05,0x9b,0x05,0x9b,0x05,0x9b,0x05,0x9b,0x05,0x9b,0x25,0x9b,
    0x25,0x9b,0x25,0x9b,0x25,0x9b,0x25,0xa3,0x25,0xa3,0x25,0xa3,0x26,0xa3,0x25,0xa3,
    0x25,0xa3,0x05,0x9b,0x05,0x9b,0x05,0x9b,0x25,0xa3,0x25,0xa3,0x05,0x9b,0x05,0xa3,
    0x05,0xa3,0x05,0xa3,0x05,0x9b,0x05,0x9b,0xe5,0x9a,0xe5,0x9a,0xe5,0x9a,0x05,0x9b,
    0x06,0xa3,0x06,0x9b,0x05,0x9b,0x05,0x9b,0x05,0x9b,0x06,0x9b,0x05,0x9b,0x05,0x9b,
    0x05,0x9b,0x05,0x9b,0x05,0x9b,0xe5,0x9a,0x05,0x9b,0x26,0x9b,0x06,0x9b,0xe5,0x9a,
    0xe5,0x9a,0x06,0x9b,0xe5,0x9a,0xe5,0x92,0xe5,0x9a,0xe5,0x9a,0xe5,0x92,0xe5,0x92,
    0xe5,0x92,0xe5,0x9a,0xe5,0x9a,0x06,0x9b,0x05,0x9b,0x05,0x93,0x05,0x93,0xe5,0x92,
    0xe5,0x92,0xe5,0x92,0xe5,0x92,0xe5,0x92,0xe5,0x9a,0xe5,0x9a,0xe5,0x92,0xe5,0x92,
    0xc5,0x92,0xc5,0x92,0xc5,0x92,0xc5,0x92,0xc5,0x92,0xc5,0x92,0xc5,0x92,0xe5,0x92,
    0xe5,0x92,0xe5,0x92,0xe5,0x92,0xe5,0x92,0xe5,0x92,0xe5,0x92,0xe5,0x9a,0x06,0x9b,
    0x06,0x9b,0x06,0x9b,0x05,0x9b,0x05,0x93,0x05,0x93,0x06,0x93,0x26,0x93,0x47,0x93,
    0x68,0x9b,0xa9,0x9b,0xa9,0x9b,0x89,0x93,0x68,0x93,0x48,0x8b,0x07,0x83,0x07,0x83,
    0xe7,0x82,0xe7,0x7a,0x08,0x83,0x28,0x8b,0x49,0x8b,0x69,0x93,0xaa,0x93,0xcb,0x9b,
    0xcb,0x9b,0xaa,0x9b,0x8a,0x93,0xe7,0x82,0x86,0x72,0xa6,0x7a,0xa6,0x7a,0xa6,0x7a,
    0x08,0x8b,0xeb,0xa3,0x2c,0xac,0x0c,0xac,0x0b,0xa4,0x0b,0xac,0x0b,0xac,0x0a,0xac,
    0x0a,0xac,0xca,0xa3,0xa9,0x9b,0xa9,0x9b,0x89,0x9b,0x68,0x93,0x89,0x9b,0xa9,0x9b,
    0xa9,0x9b,0xc9,0xa3,0x0a,0xac,0x4b,0xac,0x4b,0xb4,0x4b,0xb4,0x6b,0xb4,0x8c,0xbc,
    0xcc,0xbc,0xed,0xbc,0x0d,0xc5,0x2d,0xc5,0x2d,0xc5,0x4e,0xcd,0x2e,0xc5,0x0d,0xc5,
    0xec,0xbc,0xab,0xb4,0xab,0xb4,0xcc,0xbc,0xcc,0xbc,0xcc,0xbc,0xed,0xbc,0xed,0xc4,
    0x0d,0xc5,0x0d,0xc5,0x2d,0xcd,0x2d,0xcd,0x2d,0xcd,0x2d,0xcd,0x4d,0xcd,0x4d,0xcd,
    0x2d,0xcd,0x2d,0xcd,0x2d,0xcd,0x2d,0xcd,0x2d,0xcd,0x2d,0xcd,0x2d,0xcd,0x2d,0xcd,
    0x2d,0xcd,0x2d,0xcd,0x2d,0xcd,0x2d,0xcd,0x2d,0xcd,0x2d,0xcd,0x0d,0xc5,0x0c,0xcd,
    0x0d,0xc5,0x0d,0xc5,0x2d,0xc5,0x2d,0xc5,0x2d,0xcd,0x4d,0xcd,0x6e,0xcd,0x6e,0xcd,
    0x4e,0xcd,0x4d,0xcd,0x4d,0xcd,0x4d,0xcd,0x2d,0xcd,0x2d,0xcd,0x2d,0xcd,0x0d,0xc5,
    0x0c,0xc5,0xed,0xc4,0xcc,0xc4,0xac,0xbc,0x8b,0xbc,0x4a,0xb4,0x09,0xac,0xe9,0xa3,
    0xc9,0xa3,0xa8,0x9b,0x68,0x9b,0x47,0x93,0xc6,0x82,0xe3,0x69,0x62,0x59,0x41,0x51,
    0x41,0x51,0x20,0x51,0x41,0x51,0x62,0x59,0x82,0x61,0xe3,0x69,0x04,0x72,0x44,0x7a,
    0x44,0x7a,0x43,0x7a,0x63,0x82,0x63,0x82,0x83,0x82,0x84,0x8a,0xa4,0x8a,0xc4,0x8a,
    0xc4,0x8a,0xc4,0x8a,0xc4,0x8a,0xc4,0x8a,0xc5,0x92,0xc5,0x92,0xc5,0x92,0xc5,0x92,
    0xc5,0x92,0xc4,0x92,0xc4,0x92,0xe5,0x92,0xe5,0x92,0xe5,0x92,0xe5,0x92,0xe5,0x92,
    0xc5,0x8a,0xc5,0x8a,0xc4,0x8a,0xc4,0x8a,0xc5,0x8a,0xc5,0x92,0xe5,0x92,0xe5,0x92,
    0xe5,0x92,0xc5,0x8a,0xc5,0x8a,0xc4,0x8a,0xc4,0x92,0xc5,0x92,0xe5,0x92,0xe5,0x92,
    0xe5,0x92,0xe5,0x92,0xc4,0x8a,0xc4,0x8a,0xe5,0x92,0xe5,0x92,0xe5,0x92,0xe5,0x92,
    0xe5,0x92,0xe5,0x92,0xe5,0x9a,0xc5,0x9a,0xc5,0x92,0xe5,0x9a,0xe5,0x9a,0xe5,0x9a,
    0xe5,0x9a,0xe5,0x9a,0xe6,0x9a,0xe6,0x9a,0xe6,0x9a,0xe6,0x9a,0xe5,0x92,0xe5,0x92,
    0xc5,0x92,0x46,0x9b,0xcc,0xbc,0xcc,0xbc,0xcc,0xbc,0xac,0xbc,0xcc,0xbc,0xcc,0xbc,
    0xcc,0xbc,0xcc,0xbc,0xcc,0xbc,0xcc,0xbc,0xcc,0xbc,0xcc,0xbc,0xcc,0xbc,0xcc,0xbc,
    0xcc,0xbc,0xcc,0xbc,0xcc,0xbc,0xcc,0xbc,0xcc,0xbc,0xcc,0xbc,0xcc,0xbc,0xcc,0xbc,
    0xcc,0xbc,0xcc,0xbc,0xcc,0xbc,0xcc,0xc4,0x4b,0xb4,0xa4,0x8a,0xa5,0x8a,0xa5,0x92,
    0xc5,0x92,0xe5,0x9a,0x05,0x9b,0xe5,0x9a,0x05,0x9b,0x05,0x9b,0x25,0xa3,0x26,0xa3,
    0x05,0x9b,0x05,0x9b,0xe5,0x9a,0xe5,0x9a,0x05,0x9b,0x05,0x9b,0x05,0x9b,0x05,0x9b,
    0x05,0x9b,0x05,0x9b,0x05,0x9b,0x05,0x9b,0x05,0x9b,0x05,0x9b,0x05,0x9b,0x05,0x9b,
    0x05,0x9b,0x05,0x9b,0x05,0x9b,0xe5,0x9a,0xe5,0x9a,0xe5,0x9a,0x05,0x9b,0x05,0x9b,
    0x06,0x9b,0x06,0x9b,0x05,0x9b,0x05,0x9b,0x05,0x9b,0x05,0x9b,0x05,0x9b,0x05,0x9b,
    0xe5,0x9a,0x05,0x9b,0xe5,0x9a,0xe5,0x9a,0xe5,0x9a,0x06,0x9b,0x06,0x9b,0x05,0x9b,
    0x05,0x9b,0x06,0x9b,0xe5,0x9a,0xe5,0x92,0xe5,0x92,0xe5,0x9a,0xc5,0x92,0xc5,0x92,
    0xc5,0x92,0xe5,0x92,0xe5,0x92,0x05,0x9b,0x05,0x93,0xe5,0x92,0xe5,0x92,0xe5,0x92,
    0x05,0x93,0x05,0x93,0x06,0x93,0x06,0x9b,0xe5,0x9a,0xe5,0x92,0xe5,0x92,0xe5,0x92,
    0xc5,0x92,0xc5,0x92,0xc5,0x92,0xc5,0x92,0xc5,0x92,0xc5,0x92,0xc5,0x92,0xe5,0x92,
    0xe5,0x92,0xe5,0x92,0xe5,0x92,0xc5,0x92,0xc5,0x92,0xe5,0x92,0xe5,0x92,0xe5,0x92,
    0xe5,0x92,0xe5,0x92,0xe5,0x92,0xe5,0x92,0x05,0x93,0x05,0x93,0x06,0x93,0x26,0x93,
    0x67,0x9b,0x88,0x9b,0xa9,0x9b,0xa9,0x93,0x89,0x93,0x68,0x8b,0x28,0x8b,0x07,0x83,
    0x07,0x83,0xe7,0x82,0x08,0x83,0x28,0x8b,0x49,0x8b,0x69,0x93,0xaa,0x93,0xcb,0x9b,
    0xcb,0x9b,0xaa,0x9b,0xcb,0x9b,0x69,0x93,0xa6,0x7a,0x45,0x6a,0x65,0x72,0xe8,0x82,
    0xcb,0xa3,0x2c,0xac,0xeb,0xa3,0xeb,0xa3,0x0b,0xa4,0x0b,0xac,0xea,0xa3,0xc9,0xa3,
    0xc9,0x9b,0xa9,0x9b,0xa9,0x9b,0x89,0x9b,0x89,0x9b,0x89,0x9b,0x89,0x9b,0xa9,0x9b,
    0xc9,0x9b,0xea,0xa3,0x0a,0xac,0x2b,0xac,0x4b,0xac,0x4b,0xb4,0x6b,0xb4,0x8c,0xbc,
    0xcc,0xbc,0xec,0xbc,0xed,0xc4,0x0d,0xc5,0x2d,0xc5,0x4e,0xcd,0x2e,0xc5,0x0d,0xc5,
    0xec,0xbc,0xcb,0xbc,0xcb,0xbc,0xcb,0xbc,0xcc,0xbc,0xec,0xbc,0xed,0xc4,0xed,0xc4,
    0xed,0xc4,0x0d,0xc5,0x0d,0xc5,0x2d,0xcd,0x4d,0xcd,0x4d,0xcd,0x4d,0xcd,0x4d,0xcd,
    0x4d,0xcd,0x2d,0xcd,0x2d,0xcd,0x2d,0xcd,0x2d,0xcd,0x2d,0xcd,0x2d,0xcd,0x2d,0xcd,
    0x2d,0xcd,0x2d,0xcd,0x2d,0xcd,0x2d,0xcd,0x2d,0xcd,0x0d,0xc5,0x0c,0xc5,0xec,0xc4,
    0x0d,0xc5,0x0d,0xc5,0x0d,0xc5,0x2d,0xc5,0x2d,0xc5,0x4d,0xcd,0x6e,0xcd,0x6e,0xcd,
    0x4d,0xcd,0x2d,0xcd,0x2d,0xcd,0x2d,0xcd,0x2d,0xcd,0x0d,0xcd,0x0d,0xc5,0x0c,0xc5,
    0xec,0xc4,0xec,0xc4,0xac,0xbc,0x8b,0xb4,0x6b,0xb4,0x2a,0xac,0xe9,0xab,0xa8,0xa3,
    0xa8,0xa3,0x68,0x9b,0x07,0x8b,0xa6,0x82,0x24,0x72,0x82,0x61,0x21,0x51,0x00,0x51,
    0x41,0x51,0x61,0x59,0x82,0x59,0xa3,0x61,0xc3,0x69,0x03,0x72,0x24,0x72,0x44,0x7a,
    0x64,0x82,0x84,0x82,0x84,0x8a,0xa4,0x8a,0xa4,0x8a,0xc4,0x8a,0xc4,0x8a,0xc5,0x8a,
    0xc4,0x8a,0xa4,0x8a,0xa4,0x8a,0xa4,0x8a,0xc5,0x92,0xc5,0x92,0xc5,0x92,0xc5,0x92,
    0xe5,0x92,0xe5,0x92,0xe5,0x92,0xe5,0x92,0xe5,0x92,0xe5,0x92,0xe5,0x92,0xe5,0x92,
    0xc4,0x8a,0xc4,0x8a,0xc4,0x8a,0xc4,0x8a,0xc5,0x8a,0xc5,0x92,0xe5,0x92,0xe5,0x92,
    0xe5,0x92,0xc5,0x92,0xc5,0x8a,0xc4,0x8a,0xc4,0x8a,0xc4,0x92,0xe5,0x92,0xe5,0x92,
    0xe5,0x92,0xc4,0x92,0xc5,0x92,0xc5,0x92,0xc5,0x92,0xc5,0x92,0xe5,0x92,0xe5,0x92,
    0xe5,0x92,0xe5,0x92,0xe5,0x92,0xc5,0x92,0xa5,0x92,0xc5,0x9a,0xe5,0x9a,0xe5,0x9a,
    0xe5,0x9a,0xe5,0x9a,0xe6,0x92,0xe6,0x92,0xe6,0x92,0xe6,0x92,0xe5,0x92,0xe5,0x92,
    0xc5,0x92,0x46,0x9b,0xcc,0xbc,0xcc,0xbc,0xcc,0xbc,0xac,0xbc,0xcc,0xbc,0xcc,0xbc,
    0xcc,0xbc,0xcc,0xbc,0xcc,0xbc,0xcc,0xbc,0xcc,0xbc,0xcc,0xbc,0xcc,0xbc,0xcc,0xbc,
    0xcc,0xbc,0xcc,0xbc,0xcc,0xbc,0xcc,0xbc,0xcc,0xbc,0xcc,0xbc,0xcc,0xbc,0xcc,0xbc,
    0xcc,0xbc,0xcc,0xbc,0xcc,0xbc,0xcd,0xc4,0x0a,0xb4,0x02,0x72,0x23,0x7a,0x23,0x82,
    0x43,0x82,0x64,0x8a,0x64,0x8a,0x64,0x8a,0x84,0x8a,0xa4,0x92,0xc5,0x92,0xe5,0x9a,
    0xe5,0x9a,0xe5,0x9a,0xe5,0x9a,0xe5,0x9a,0xc5,0x92,0xc5,0x92,0xc4,0x92,0xe4,0x9a,
    0xe5,0x9a,0x05,0x9b,0x05,0x9b,0x05,0x9b,0xe5,0x9a,0xe4,0x9a,0xe4,0x9a,0xe4,0x9a,
    0xe4,0x9a,0xe5,0x9a,0xe5,0x9a,0xe4,0x9a,0xe4,0x9a,0xe5,0x9a,0x05,0x9b,0x05,0x9b,
    0x06,0x9b,0x06,0x9b,0x05,0x9b,0x05,0x9b,0x05,0x9b,0x05,0x9b,0x05,0x9b,0xe5,0x9a,
    0xe5,0x9a,0xe5,0x9a,0xe5,0x9a,0xe5,0x9a,0xe5,0x9a,0xe5,0x92,0xe5,0x9a,0x06,0x9b,
    0x06,0x9b,0x06,0x9b,0xe5,0x9a,0xe5,0x92,0xe5,0x92,0xc5,0x92,0xc5,0x92,0xc5,0x92,
    0xc5,0x92,0xc5,0x92,0xc5,0x92,0xe5,0x92,0xe5,0x92,0xe5,0x92,0xe5,0x92,0xe5,0x92,
    0xe5,0x92,0xe5,0x92,0xe5,0x92,0xe5,0x92,0xe5,0x92,0xe5,0x92,0xc5,0x92,0xc5,0x92,
    0xc5,0x92,0xc5,0x92,0xc5,0x92,0xc5,0x92,0xc5,0x92,0xc5,0x92,0xc5,0x92,0xc5,0x92,
    0xc5,0x92,0xc5,0x92,0xc5,0x92,0xc5,0x92,0xc5,0x92,0xc5,0x92,0xc5,0x92,0xc5,0x92,
    0xc5,0x92,0xc5,0x92,0xe5,0x92,0xe4,0x92,0xe5,0x92,0xe5,0x92,0x05,0x8b,0x26,0x93,
    0x47,0x93,0x88,0x9b,0xa9,0x9b,0xa9,0x93,0x89,0x93,0x68,0x93,0x48,0x8b,0x28,0x8b,
    0x28,0x83,0x08,0x83,0x08,0x83,0x28,0x83,0x28,0x8b,0x49,0x8b,0x69,0x93,0x8a,0x93,
    0x8a,0x93,0x8a,0x93,0xaa,0x93,0x8a,0x93,0x28,0x83,0x45,0x72,0x25,0x6a,0xe8,0x8a,
    0xab,0x9b,0xaa,0x9b,0x89,0x9b,0x8a,0x9b,0xca,0x9b,0xca,0xa3,0xa9,0x9b,0x89,0x9b,
    0x88,0x93,0x89,0x9b,0x89,0x9b,0x89,0x9b,0x89,0x9b,0x89,0x9b,0xa9,0x9b,0xc9,0x9b,
    0xca,0xa3,0xea,0xa3,0x0a,0xac,0x2a,0xac,0x4b,0xac,0x4b,0xb4,0x6b,0xb4,0x8c,0xbc,
    0xac,0xbc,0xcc,0xbc,0xec,0xbc,0x0d,0xc5,0x2d,0xc5,0x4e,0xcd,0x2d,0xc5,0x0d,0xc5,
    0xeb,0xbc,0xcb,0xbc,0xcb,0xbc,0xcb,0xbc,0xcc,0xbc,0xec,0xbc,0x0d,0xc5,0x0d,0xc5,
    0x0d,0xc5,0x2d,0xcd,0x2e,0xcd,0x2e,0xcd,0x4e,0xcd,0x4e,0xcd,0x4e,0xcd,0x4d,0xcd,
    0x4d,0xcd,0x4d,0xcd,0x4d,0xcd,0x2d,0xcd,0x2d,0xcd,0x2d,0xcd,0x2d,0xcd,0x0d,0xc5,
    0x2d,0xcd,0x2d,0xcd,0x2d,0xcd,0x0c,0xc5,0x0c,0xc5,0x0c,0xc5,0xec,0xc4,0xec,0xc4,
    0x0c,0xc5,0x0c,0xc5,0x0d,0xc5,0x2d,0xc5,0x2d,0xc5,0x4d,0xcd,0x4e,0xcd,0x4d,0xcd,
    0x2d,0xcd,0x2d,0xcd,0x0d,0xc5,0x0c,0xc5,0x0c,0xc5,0xec,0xc4,0xec,0xc4,0xec,0xc4,
    0xcc,0xbc,0xac,0xbc,0x8b,0xb4,0x6a,0xb4,0x2a,0xac,0x0a,0xac,0xc8,0xa3,0x88,0x9b,
    0x67,0x9b,0x07,0x93,0x85,0x82,0x24,0x72,0xe3,0x69,0x82,0x61,0x41,0x59,0x41,0x59,
    0x82,0x61,0xc2,0x61,0xe3,0x69,0x24,0x72,0x24,0x72,0x45,0x7a,0x65,0x82,0xa5,0x8a,
    0xc5,0x8a,0xc5,0x92,0xc5,0x92,0xe5,0x92,0xe5,0x92,0xe5,0x92,0xe5,0x92,0xe5,0x92,
    0xc5,0x8a,0xc4,0x8a,0xc4,0x8a,0xc4,0x8a,0xc5,0x92,0xc5,0x92,0xc5,0x92,0xc5,0x92,
    0xe5,0x92,0xe5,0x92,0xe5,0x92,0xe5,0x92,0xe4,0x8a,0xe4,0x8a,0xe4,0x8a,0xe4,0x8a,
    0xc4,0x8a,0xc4,0x8a,0xc4,0x8a,0xc4,0x8a,0xc5,0x8a,0xc5,0x92,0xe5,0x92,0xe5,0x92,
    0xe5,0x92,0xc5,0x92,0xc5,0x8a,0xc4,0x8a,0xc4,0x8a,0xc4,0x8a,0xc4,0x92,0xe5,0x92,
    0xe5,0x92,0xc4,0x8a,0xc5,0x92,0xe5,0x92,0xc5,0x8a,0xc4,0x8a,0xc5,0x8a,0xc5,0x92,
    0xc5,0x92,0xc5,0x92,0xc5,0x92,0xa5,0x92,0xa4,0x92,0xc5,0x92,0xc5,0x92,0xc5,0x92,
    0xc5,0x92,0xc5,0x92,0xc5,0x92,0xc5,0x92,0xc5,0x92,0xc5,0x92,0xe6,0x92,0xe6,0x92,
    0xc5,0x92,0x46,0x9b,0xcc,0xbc,0xcc,0xbc,0xcc,0xbc,0xac,0xbc,0xcc,0xbc,0xcc,0xbc,
    0xcc,0xbc,0xcc,0xbc,0xcc,0xbc,0xcc,0xbc,0xcc,0xbc,0xcc,0xbc,0xcc,0xbc,0xcc,0xbc,
    0xcc,0xbc,0xcc,0xbc,0xcc,0xbc,0xcc,0xbc,0xcc,0xbc,0xcc,0xbc,0xcc,0xbc,0xcc,0xbc,
    0xcc,0xbc,0xcc,0xbc,0xcc,0xbc,0xed,0xc4,0x2a,0xb4,0x81,0x61,0xa2,0x71,0xa2,0x71,
    0xa2,0x71,0xa1,0x69,0x81,0x69,0x81,0x69,0xa1,0x71,0xe2,0x79,0xe2,0x79,0xe2,0x71,
    0x02,0x7a,0x43,0x82,0x43,0x82,0x43,0x82,0x64,0x8a,0x84,0x8a,0xa4,0x8a,0xa4,0x92,
    0xc5,0x92,0xe5,0x9a,0x05,0x9b,0x05,0x9b,0xe5,0x9a,0xc4,0x92,0xc4,0x92,0xe4,0x9a,
    0xe4,0x9a,0xe4,0x9a,0xe4,0x9a,0xe4,0x9a,0xe4,0x9a,0xe5,0x9a,0x05,0x9b,0x05,0x9b,
    0x06,0x9b,0x06,0x9b,0x05,0x9b,0x05,0x9b,0x05,0x9b,0xe5,0x9a,0xe5,0x9a,0xe5,0x9a,
    0xe5,0x9a,0xe5,0x9a,0xe5,0x9a,0xe5,0x9a,0xe5,0x9a,0xe5,0x92,0xe5,0x9a,0x06,0x9b,
    0x06,0x9b,0x05,0x9b,0xe5,0x9a,0xe5,0x92,0xe5,0x92,0xc5,0x92,0xc5,0x92,0xc5,0x92,
    0xc5,0x92,0xc5,0x92,0xc5,0x92,0xc5,0x92,0xe5,0x92,0xe5,0x92,0xe5,0x92,0xc5,0x92,
    0xc5,0x92,0xc5,0x92,0xc5,0x92,0xc5,0x92,0xe5,0x92,0xe5,0x92,0xe5,0x92,0xc5,0x92,
    0xc5,0x92,0xc5,0x92,0xc5,0x92,0xc5,0x92,0xc5,0x92,0xc5,0x92,0xc5,0x92,0xc5,0x92,
    0xc5,0x92,0xc5,0x92,0xc5,0x92,0xc5,0x92,0xc5,0x92,0xc5,0x92,0xc5,0x92,0xe5,0x92,
    0xe5,0x92,0xe5,0x92,0xe5,0x92,0xc4,0x92,0xe5,0x92,0xe5,0x92,0xe5,0x92,0x06,0x93,
    0x47,0x93,0x68,0x9b,0xa9,0x9b,0xc9,0x9b,0x89,0x93,0x89,0x93,0x68,0x8b,0x48,0x8b,
    0x48,0x8b,0x28,0x8b,0x08,0x83,0x08,0x83,0x08,0x83,0x08,0x83,0x28,0x8b,0x69,0x8b,
    0x69,0x8b,0x49,0x8b,0x29,0x8b,0x08,0x83,0xc7,0x7a,0x45,0x6a,0x25,0x6a,0xa7,0x7a,
    0xe8,0x82,0x08,0x8b,0x48,0x93,0x69,0x93,0x68,0x93,0x68,0x93,0x68,0x93,0x88,0x93,
    0x88,0x93,0x88,0x93,0x89,0x9b,0x89,0x9b,0x89,0x9b,0xa9,0x9b,0xa9,0x9b,0xc9,0x9b,
    0xca,0xa3,0xea,0xa3,0x0a,0xac,0x0a,0xac,0x2b,0xac,0x4b,0xb4,0x6b,0xb4,0x8c,0xbc,
    0xac,0xbc,0xcc,0xbc,0xec,0xbc,0x0d,0xc5,0x2d,0xc5,0x4e,0xcd,0x2e,0xc5,0x0d,0xc5,
    0xec,0xbc,0xcb,0xbc,0xcb,0xbc,0xec,0xbc,0xec,0xbc,0x0c,0xc5,0x0d,0xc5,0x2d,0xcd,
    0x4e,0xcd,0x4e,0xcd,0x4e,0xcd,0x4e,0xcd,0x4e,0xcd,0x4e,0xcd,0x6e,0xd5,0x4d,0xcd,
    0x4d,0xcd,0x4d,0xcd,0x4d,0xcd,0x2d,0xcd,0x2d,0xcd,0x2d,0xcd,0x2d,0xcd,0x0d,0xc5,
    0x0d,0xcd,0x2d,0xcd,0x0d,0xcd,0x0c,0xc5,0xec,0xc4,0xec,0xc4,0xec,0xc4,0xec,0xc4,
    0x0c,0xc5,0x0c,0xc5,0x0d,0xc5,0x2d,0xcd,0x2d,0xcd,0x2d,0xcd,0x4d,0xcd,0x4d,0xcd,
    0x2d,0xcd,0x2d,0xc5,0xec,0xc4,0xec,0xc4,0xec,0xc4,0xec,0xc4,0xec,0xbc,0xcc,0xbc,
    0xab,0xbc,0x8b,0xb4,0x6a,0xb4,0x4a,0xac,0x2a,0xac,0xc9,0xa3,0x67,0x9b,0x06,0x93,
    0xc6,0x8a,0x85,0x82,0x03,0x72,0xc3,0x69,0xa2,0x61,0xa2,0x61,0x82,0x61,0xa2,0x69,
    0xe3,0x71,0x03,0x72,0x23,0x72,0x44,0x7a,0x65,0x82,0x85,0x8a,0xa6,0x8a,0xe6,0x92,
    0xe6,0x92,0xe6,0x92,0x06,0x93,0x06,0x9b,0x06,0x9b,0x06,0x9b,0x05,0x93,0xe5,0x92,
    0xe5,0x92,0xe5,0x92,0xe5,0x92,0xe5,0x92,0xe5,0x92,0xe5,0x92,0xe5,0x92,0xe5,0x92,
    0xe5,0x92,0xe5,0x92,0xe5,0x92,0xe5,0x92,0xe4,0x8a,0xe5,0x92,0xe5,0x92,0xe5,0x8a,
    0xc4,0x8a,0xc4,0x8a,0xc4,0x8a,0xc4,0x8a,0xc4,0x8a,0xc4,0x8a,0xe5,0x92,0xe5,0x92,
    0xc5,0x92,0xc5,0x92,0xc5,0x8a,0xc4,0x8a,0xc4,0x8a,0xc4,0x8a,0xc4,0x92,0xe5,0x92,
    0xc4,0x92,0xc4,0x8a,0xc5,0x92,0xe5,0x92,0xc5,0x8a,0xa5,0x8a,0xc5,0x8a,0xc5,0x92,
    0xc5,0x8a,0xc5,0x8a,0xc5,0x92,0xa5,0x92,0xa5,0x92,0xc5,0x92,0xc5,0x92,0xc5,0x92,
    0xc5,0x92,0xc5,0x92,0xc5,0x92,0xc5,0x92,0xc5,0x92,0xc5,0x92,0xe6,0x92,0xe6,0x92,
    0xc5,0x92,0x46,0x9b,0xcc,0xbc,0xcc,0xbc,0xcc,0xbc,0xac,0xbc,0xcc,0xbc,0xcc,0xbc,
    0xcc,0xbc,0xcc,0xbc,0xcc,0xbc,0xcc,0xbc,0xcc,0xbc,0xcc,0xbc,0xcc,0xbc,0xcc,0xbc,
    0xcc,0xbc,0xcc,0xbc,0xcc,0xbc,0xcc,0xbc,0xcc,0xbc,0xcc,0xbc,0xcc,0xbc,0xcc,0xbc,
    0xcc,0xbc,0xcc,0xbc,0xcb,0xbc,0xec,0xc4,0x2b,0xb4,0x61,0x61,0x83,0x69,0xa2,0x69,
    0x61,0x61,0x81,0x61,0x81,0x61,0x41,0x61,0x61,0x61,0x61,0x61,0x61,0x61,0x80,0x61,
    0x81,0x61,0xa1,0x69,0xa2,0x69,0xc2,0x69,0xe2,0x71,0x03,0x7a,0x23,0x82,0x44,0x82,
    0x64,0x8a,0x85,0x8a,0xa5,0x8a,0x84,0x8a,0x84,0x8a,0x84,0x8a,0x84,0x8a,0xc5,0x92,
    0xe5,0x92,0xc5,0x92,0xc4,0x92,0xc5,0x92,0xe5,0x92,0xe5,0x92,0xe5,0x92,0xe5,0x9a,
    0xe5,0x9a,0x05,0x9b,0x05,0x9b,0xe5,0x92,0xe5,0x92,0xc5,0x92,0xe5,0x9a,0xe5,0x9a,
    0xe5,0x9a,0xe5,0x9a,0xe5,0x9a,0xe4,0x9a,0xe5,0x9a,0xe5,0x9a,0xe5,0x92,0xe5,0x92,
    0xe5,0x92,0xe5,0x9a,0xe5,0x9a,0xe5,0x92,0xe5,0x92,0xe6,0x92,0xe6,0x92,0xe6,0x92,
    0xc5,0x92,0xc5,0x92,0xc5,0x92,0xc5,0x92,0xe6,0x92,0xc6,0x92,0xe5,0x92,0xe5,0x92,
    0xe5,0x92,0xe5,0x92,0xe5,0x92,0xe5,0x92,0xe5,0x92,0xe5,0x92,0xe5,0x92,0xc5,0x92,
    0xc5,0x92,0xc5,0x92,0xc5,0x92,0xa4,0x92,0xa4,0x92,0xc5,0x92,0xe5,0x92,0xe5,0x92,
    0xe5,0x92,0xe5,0x92,0xc5,0x92,0xc5,0x92,0xc5,0x92,0xc5,0x92,0xc5,0x92,0xc5,0x92,
    0xc5,0x92,0xc5,0x92,0xc5,0x92,0xc4,0x92,0xc5,0x92,0xc5,0x9a,0xc5,0x92,0xc6,0x92,
    0x27,0x93,0x68,0x9b,0xa9,0x9b,0xa9,0x9b,0xa9,0x93,0x89,0x93,0x69,0x93,0x68,0x8b,
    0x48,0x8b,0x28,0x8b,0x28,0x8b,0x08,0x83,0x08,0x83,0xe7,0x82,0x08,0x83,0x28,0x8b,
    0x28,0x8b,0xe7,0x82,0xc7,0x7a,0x86,0x72,0x65,0x72,0x24,0x6a,0x04,0x62,0x65,0x72,
    0x86,0x72,0xc7,0x82,0xe7,0x82,0x07,0x8b,0x28,0x8b,0x48,0x93,0x48,0x93,0x68,0x93,
    0x68,0x93,0x89,0x9b,0x89,0x93,0x68,0x93,0x68,0x93,0x89,0x9b,0xa9,0x9b,0xa9,0x9b,
    0xc9,0x9b,0xe9,0xa3,0x0a,0xa4,0x2a,0xac,0x4a,0xac,0x4b,0xb4,0x6b,0xb4,0x8b,0xb4,
    0xac,0xbc,0xcc,0xbc,0xcc,0xbc,0xcc,0xbc,0x0d,0xc5,0x2e,0xc5,0x2e,0xcd,0x2e,0xc5,
    0x0d,0xc5,0xed,0xc4,0xec,0xbc,0xec,0xbc,0x0c,0xc5,0x0d,0xc5,0x2d,0xc5,0x4e,0xcd,
    0x4e,0xcd,0x4e,0xcd,0x4e,0xcd,0x6e,0xcd,0x6e,0xcd,0x6e,0xcd,0x6e,0xcd,0x6d,0xcd,
    0x6d,0xcd,0x4d,0xcd,0x4d,0xcd,0x2d,0xc5,0x2d,0xc5,0x2d,0xc5,0x2d,0xc5,0x0d,0xcd,
    0x2d,0xcd,0x2d,0xcd,0x0d,0xcd,0x0d,0xcd,0xec,0xc4,0xcc,0xc4,0xcc,0xc4,0xec,0xc4,
    0xec,0xc4,0x0d,0xcd,0x0d,0xcd,0x2d,0xcd,0x2d,0xcd,0x0c,0xc5,0x0c,0xc5,0x0c,0xc5,
    0x0c,0xc5,0x0c,0xc5,0xcc,0xbc,0xcc,0xbc,0xcc,0xbc,0xcc,0xbc,0xcc,0xbc,0xab,0xb4,
    0x6b,0xb4,0x4a,0xac,0x4a,0xac,0x29,0xac,0xe8,0xa3,0x67,0x9b,0x06,0x93,0xa5,0x82,
    0x44,0x7a,0x03,0x72,0xe3,0x69,0xc3,0x69,0xc3,0x69,0xc3,0x69,0xe4,0x71,0x24,0x72,
    0x44,0x7a,0x44,0x7a,0x64,0x82,0x64,0x82,0x84,0x82,0xa5,0x8a,0xc5,0x8a,0xe5,0x92,
    0xe6,0x92,0x06,0x93,0x06,0x93,0x06,0x9b,0x06,0x9b,0x26,0x9b,0x26,0x9b,0x26,0x9b,
    0x06,0x93,0x06,0x93,0x06,0x93,0x06,0x93,0x06,0x93,0x06,0x93,0x06,0x93,0x06,0x93,
    0x06,0x9b,0x06,0x93,0x06,0x93,0x05,0x93,0xe5,0x92,0xe5,0x92,0x06,0x93,0x05,0x93,
    0xe5,0x92,0xe5,0x92,0xc5,0x92,0xc4,0x8a,0xc4,0x8a,0xc4,0x8a,0xc4,0x8a,0xc4,0x8a,
    0xc5,0x8a,0xc5,0x8a,0xc5,0x8a,0xa4,0x8a,0xc4,0x8a,0xc5,0x8a,0xc5,0x92,0xc5,0x8a,
    0xc5,0x8a,0xc5,0x8a,0xc5,0x92,0xc5,0x92,0xc5,0x92,0xc5,0x8a,0xc5,0x92,0xe5,0x92,
    0xc5,0x92,0xc5,0x92,0xc5,0x92,0xe5,0x92,0xc5,0x92,0xc5,0x92,0xc5,0x92,0xc5,0x92,
    0xc5,0x92,0xe5,0x92,0xe6,0x92,0xc5,0x92,0xc5,0x92,0xe6,0x92,0xc5,0x92,0xe5,0x92,
    0xc5,0x92,0x27,0x93,0xcc,0xbc,0xcc,0xbc,0xac,0xbc,0xcc,0xbc,0xcc,0xbc,0xcc,0xbc,
    0xcc,0xbc,0xcc,0xbc,0xcc,0xbc,0xcc,0xbc,0xcc,0xbc,0xcc,0xbc,0xcc,0xbc,0xcc,0xbc,
    0xcc,0xbc,0xcc,0xbc,0xcc,0xbc,0xcc,0xbc,0xcc,0xbc,0xcc,0xbc,0xcc,0xbc,0xcc,0xbc,
    0xcc,0xbc,0xcc,0xbc,0xcb,0xbc,0xec,0xc4,0x2b,0xb4,0x41,0x59,0x62,0x61,0x62,0x61,
    0x41,0x59,0x41,0x61,0x62,0x61,0x61,0x61,0x41,0x59,0x21,0x59,0x41,0x59,0x41,0x59,
    0x61,0x59,0x61,0x61,0x41,0x61,0x61,0x61,0x82,0x69,0xa2,0x69,0xc2,0x71,0xc3,0x71,
    0xe3,0x71,0xe3,0x79,0x03,0x7a,0x03,0x7a,0x03,0x7a,0x23,0x7a,0x43,0x82,0x84,0x8a,
    0xa4,0x8a,0x84,0x8a,0xa4,0x8a,0xa4,0x8a,0xa5,0x92,0xa4,0x92,0xa4,0x8a,0xa4,0x8a,
    0xa4,0x92,0xa4,0x8a,0xa4,0x8a,0xa4,0x8a,0xa4,0x8a,0xc5,0x92,0xe6,0x9a,0x06,0x9b,
    0xe5,0x9a,0xe5,0x9a,0xe5,0x9a,0xc5,0x92,0xc5,0x92,0xc4,0x92,0xc5,0x92,0xe5,0x92,
    0xe5,0x92,0xe5,0x9a,0xe5,0x92,0xe5,0x92,0xe5,0x92,0xe6,0x92,0xe5,0x92,0xe5,0x92,
    0xc5,0x92,0xc5,0x92,0xc5,0x92,0xc5,0x92,0xc6,0x92,0xc6,0x92,0xc5,0x92,0xc5,0x92,
    0xc5,0x92,0xc5,0x92,0xc5,0x92,0xc5,0x92,0xc5,0x8a,0xc5,0x8a,0xc5,0x8a,0xc5,0x92,
    0xc5,0x92,0xc5,0x92,0xc5,0x92,0xc5,0x92,0xc5,0x92,0xc5,0x92,0xc5,0x92,0xc5,0x92,
    0xc5,0x92,0xc5,0x92,0xa4,0x92,0xc5,0x92,0xc5,0x92,0xc5,0x92,0xc5,0x92,0xc5,0x92,
    0xc5,0x92,0xc5,0x92,0xc5,0x92,0xc4,0x92,0xc5,0x92,0xc5,0x9a,0xc5,0x92,0xe6,0x92,
    0x27,0x9b,0x68,0x9b,0xa9,0x9b,0xc9,0x9b,0xa9,0x93,0xa9,0x93,0x89,0x93,0x69,0x8b,
    0x48,0x8b,0x48,0x8b,0x28,0x8b,0x08,0x83,0x08,0x83,0xe7,0x82,0x08,0x83,0xe7,0x82,
    0xa7,0x7a,0x86,0x72,0x45,0x6a,0x45,0x6a,0x24,0x6a,0x04,0x62,0x04,0x62,0x45,0x6a,
    0x65,0x72,0x86,0x7a,0xa6,0x7a,0xe7,0x82,0x28,0x8b,0x28,0x8b,0x28,0x8b,0x48,0x8b,
    0x48,0x93,0x68,0x93,0x68,0x93,0x68,0x93,0x68,0x93,0x88,0x9b,0xa9,0x9b,0xc9,0x9b,
    0xc9,0xa3,0xe9,0xa3,0x0a,0xac,0x2a,0xac,0x4a,0xac,0x4b,0xb4,0x6b,0xb4,0x8c,0xb4,
    0xac,0xb4,0xac,0xb4,0xcc,0xbc,0xcc,0xbc,0xed,0xc4,0x0d,0xc5,0x2e,0xc5,0x4e,0xcd,
    0x2d,0xc5,0x0d,0xc5,0x0d,0xc5,0x0d,0xc5,0x0d,0xc5,0x2d,0xc5,0x4d,0xcd,0x4e,0xcd,
    0x6f,0xcd,0x6e,0xcd,0x6e,0xcd,0x6e,0xcd,0x6e,0xcd,0x6e,0xcd,0x6e,0xcd,0x6e,0xcd,
    0x6e,0xcd,0x6d,0xcd,0x4d,0xcd,0x2d,0xc5,0x2d,0xc5,0x2d,0xc5,0x2d,0xcd,0x2d,0xcd,
    0x2d,0xcd,0x0d,0xcd,0x0d,0xcd,0x0c,0xc5,0xec,0xc4,0xcc,0xc4,0xcc,0xc4,0xec,0xc4,
    0xec,0xc4,0xec,0xc4,0xec,0xc4,0x0d,0xcd,0x0d,0xcd,0xec,0xc4,0xec,0xc4,0xec,0xbc,
    0xcc,0xbc,0xcc,0xbc,0xab,0xbc,0xab,0xbc,0x8b,0xb4,0x8b,0xb4,0xab,0xb4,0x6b,0xb4,
    0x4a,0xac,0x29,0xa4,0xe9,0xa3,0xa8,0x9b,0x67,0x93,0xe5,0x8a,0x64,0x7a,0x03,0x72,
    0xa2,0x61,0xa2,0x61,0xa2,0x69,0xe3,0x69,0x04,0x72,0x24,0x72,0x45,0x7a,0x65,0x7a,
    0x85,0x82,0xa6,0x8a,0xa5,0x8a,0x84,0x8a,0x84,0x8a,0xc5,0x8a,0xc5,0x92,0xe6,0x92,
    0x06,0x93,0x06,0x93,0x06,0x93,0x06,0x9b,0x06,0x9b,0x06,0x9b,0x06,0x9b,0x06,0x9b,
    0x06,0x93,0x06,0x93,0x06,0x93,0x06,0x93,0x05,0x93,0x05,0x93,0x05,0x93,0x05,0x93,
    0x06,0x9b,0x06,0x93,0x05,0x93,0x05,0x93,0x06,0x93,0x26,0x9b,0x26,0x9b,0x26,0x9b,
    0x26,0x9b,0x06,0x93,0x05,0x93,0x05,0x93,0x05,0x93,0xe4,0x8a,0xc4,0x8a,0xe5,0x92,
    0xe5,0x92,0xe5,0x92,0xe5,0x92,0xc5,0x92,0xe5,0x92,0xe5,0x92,0xe5,0x92,0xe5,0x92,
    0xe5,0x92,0xe5,0x92,0xe5,0x92,0xc5,0x8a,0xc5,0x8a,0xc5,0x8a,0xc5,0x92,0xe5,0x92,
    0xc5,0x92,0xc5,0x92,0xc5,0x92,0xe5,0x92,0xc5,0x92,0xc5,0x92,0xc5,0x92,0xc5,0x92,
    0xc5,0x92,0xe5,0x92,0xe6,0x92,0xa5,0x8a,0xc5,0x8a,0xc5,0x92,0xc5,0x8a,0xc5,0x8a,
    0xa5,0x8a,0x26,0x93,0xcc,0xbc,0xcc,0xbc,0xac,0xbc,0xcc,0xbc,0xcc,0xbc,0xcc,0xbc,
    0xcc,0xbc,0xcc,0xbc,0xcc,0xbc,0xcc,0xbc,0xcc,0xbc,0xcc,0xbc,0xcc,0xbc,0xcc,0xbc,
    0xcc,0xbc,0xcc,0xbc,0xcc,0xbc,0xcc,0xbc,0xcc,0xbc,0xcc,0xbc,0xcc,0xbc,0xcc,0xbc,
    0xcc,0xbc,0xcc,0xbc,0xcb,0xbc,0xec,0xc4,0x0a,0xac,0x21,0x51,0x21,0x51,0x01,0x51,
    0xe1,0x50,0x21,0x51,0x42,0x59,0x42,0x59,0x42,0x59,0x22,0x59,0x41,0x59,0x41,0x59,
    0x41,0x59,0x21,0x59,0x21,0x59,0x21,0x59,0x42,0x61,0x62,0x61,0x62,0x61,0x62,0x61,
    0x62,0x61,0x62,0x61,0x82,0x69,0xa2,0x69,0xc2,0x69,0xc2,0x71,0xc2,0x71,0x03,0x7a,
    0x23,0x7a,0x03,0x7a,0x02,0x7a,0x03,0x7a,0x03,0x7a,0x23,0x7a,0x23,0x7a,0x23,0x7a,
    0x23,0x7a,0x43,0x82,0x43,0x82,0x44,0x82,0x64,0x82,0x85,0x8a,0xc6,0x92,0xc6,0x92,
    0xc5,0x92,0xc5,0x92,0xc5,0x92,0xc5,0x92,0xa4,0x92,0xa4,0x8a,0xc4,0x92,0xe5,0x92,
    0xe5,0x92,0xe5,0x92,0xe5,0x92,0xe5,0x92,0xe5,0x92,0xe5,0x92,0xc5,0x92,0xc5,0x8a,
    0xc5,0x92,0xe5,0x92,0xe5,0x92,0xe5,0x92,0xc5,0x92,0xc5,0x92,0xc5,0x92,0xc5,0x92,
    0xc5,0x92,0xc5,0x92,0xc5,0x92,0xc5,0x92,0xc5,0x8a,0xc5,0x8a,0xc5,0x8a,0xc5,0x8a,
    0xc5,0x92,0xc5,0x92,0xa5,0x92,0xc5,0x92,0xc5,0x92,0xc5,0x92,0xa4,0x92,0xc5,0x92,
    0xc5,0x92,0xc5,0x92,0xa4,0x92,0xc5,0x92,0xc5,0x92,0xc5,0x92,0xc5,0x92,0xc5,0x92,
    0xc5,0x92,0xc5,0x92,0xc4,0x92,0xc4,0x92,0xc5,0x92,0xc5,0x9a,0xc5,0x92,0xe6,0x92,
    0x27,0x9b,0x88,0x9b,0xa9,0x9b,0xc9,0x9b,0xa9,0x9b,0xa9,0x93,0x89,0x93,0x69,0x93,
    0x48,0x8b,0x48,0x8b,0x28,0x8b,0x08,0x83,0x08,0x83,0xe7,0x82,0xe7,0x82,0xc7,0x7a,
    0x86,0x72,0x65,0x72,0x45,0x6a,0x65,0x72,0x65,0x72,0x65,0x72,0x65,0x72,0x86,0x72,
    0xa6,0x7a,0xa6,0x7a,0xc6,0x82,0xc7,0x82,0xe7,0x82,0xe7,0x82,0x07,0x8b,0x07,0x8b,
    0x27,0x8b,0x48,0x8b,0x48,0x93,0x68,0x93,0x68,0x93,0x68,0x93,0xa9,0x9b,0xe9,0xa3,
    0xea,0xa3,0xe9,0xa3,0x0a,0xac,0x2a,0xac,0x4b,0xac,0x4b,0xb4,0x6b,0xb4,0x8c,0xb4,
    0x8b,0xb4,0xab,0xb4,0xac,0xb4,0xac,0xbc,0xcc,0xbc,0xed,0xc4,0x2e,0xc5,0x4e,0xcd,
    0x4e,0xcd,0x2e,0xcd,0x2d,0xc5,0x2d,0xc5,0x2d,0xc5,0x4d,0xcd,0x4d,0xcd,0x6e,0xcd,
    0x6f,0xcd,0x6e,0xcd,0x6e,0xcd,0x6e,0xcd,0x6e,0xcd,0x6e,0xcd,0x6e,0xcd,0x6e,0xcd,
    0x6e,0xcd,0x6e,0xcd,0x6d,0xcd,0x4d,0xcd,0x4d,0xcd,0x4d,0xcd,0x4d,0xcd,0x6e,0xd5,
    0x2d,0xcd,0x0d,0xcd,0x0c,0xc5,0xec,0xc4,0xec,0xc4,0xcc,0xc4,0xcc,0xc4,0xcc,0xc4,
    0xec,0xc4,0xec,0xc4,0xcc,0xc4,0xec,0xc4,0xec,0xc4,0xcb,0xbc,0xab,0xbc,0xab,0xbc,
    0x8b,0xb4,0x8b,0xb4,0x6b,0xb4,0x6b,0xb4,0x4b,0xb4,0x6b,0xb4,0x6b,0xb4,0x2a,0xac,
    0x09,0xa4,0xe9,0xa3,0xa8,0x9b,0x46,0x93,0xc4,0x82,0x23,0x72,0xe3,0x69,0xc2,0x69,
    0x81,0x61,0x82,0x61,0xc3,0x69,0x04,0x72,0x45,0x7a,0x65,0x7a,0x85,0x82,0x85,0x82,
    0x85,0x82,0xc6,0x8a,0xc5,0x8a,0xc5,0x8a,0xc5,0x8a,0xe5,0x92,0xe6,0x92,0x06,0x93,
    0x06,0x9b,0x06,0x9b,0x06,0x9b,0x06,0x9b,0x06,0x9b,0x06,0x93,0x06,0x93,0x06,0x93,
    0x06,0x93,0x06,0x93,0x06,0x93,0x06,0x93,0x05,0x93,0x05,0x93,0x05,0x93,0x05,0x93,
    0x06,0x9b,0x06,0x93,0x05,0x93,0x05,0x93,0x05,0x93,0x06,0x9b,0x26,0x9b,0x26,0x9b,
    0x26,0x9b,0x06,0x9b,0x06,0x93,0x05,0x93,0x05,0x93,0x05,0x93,0x05,0x93,0x05,0x93,
    0x06,0x93,0x06,0x93,0x06,0x93,0xe5,0x92,0x05,0x93,0x05,0x93,0x06,0x93,0x05,0x93,
    0x05,0x93,0x06,0x93,0x06,0x93,0xe6,0x92,0xe6,0x92,0xe5,0x92,0xe5,0x92,0xe5,0x92,
    0xc5,0x92,0xc5,0x92,0xc5,0x92,0xe5,0x92,0xc5,0x92,0xc5,0x92,0xc5,0x92,0xc5,0x92,
    0xe5,0x92,0xe5,0x92,0xc5,0x8a,0xa5,0x8a,0xa5,0x8a,0xc5,0x8a,0xa5,0x8a,0xa5,0x8a,
    0x85,0x8a,0x26,0x93,0xcc,0xbc,0xcc,0xbc,0xac,0xbc,0xcc,0xbc,0xcc,0xbc,0xcc,0xbc,
    0xcc,0xbc,0xcc,0xbc,0xcc,0xbc,0xcc,0xbc,0xcc,0xbc,0xcc,0xbc,0xcc,0xbc,0xcc,0xbc,
    0xcc,0xbc,0xcc,0xbc,0xcc,0xbc,0xcc,0xbc,0xcc,0xbc,0xcc,0xbc,0xcc,0xbc,0xcc,0xbc,
    0xcc,0xbc,0xcc,0xbc,0xcb,0xbc,0xcc,0xbc,0x0a,0xac,0x20,0x51,0x21,0x51,0xe1,0x48,
    0xe1,0x48,0x01,0x51,0x02,0x51,0xe1,0x50,0x01,0x51,0x22,0x51,0x22,0x59,0x42,0x51,
    0x21,0x51,0x21,0x51,0x01,0x51,0x01,0x51,0x21,0x59,0x42,0x59,0x42,0x61,0x42,0x59,
    0x42,0x59,0x42,0x59,0x21,0x59,0x41,0x59,0x42,0x61,0x62,0x61,0x61,0x61,0x81,0x69,
    0xa2,0x69,0x81,0x69,0x81,0x61,0xa2,0x69,0x82,0x69,0xa2,0x69,0xc2,0x69,0xc2,0x69,
    0xc2,0x71,0xc2,0x71,0xe3,0x71,0x03,0x7a,0x23,0x7a,0x24,0x7a,0x24,0x82,0x44,0x82,
    0x44,0x82,0x44,0x82,0x64,0x82,0x44,0x82,0x64,0x82,0x84,0x82,0xa4,0x8a,0xc5,0x8a,
    0xe5,0x92,0xe5,0x92,0xe5,0x92,0xe5,0x92,0xc5,0x8a,0xc5,0x8a,0xc5,0x8a,0xc5,0x8a,
    0xc5,0x8a,0xc5,0x8a,0xc5,0x8a,0xc5,0x8a,0xa5,0x8a,0xa5,0x92,0xa5,0x8a,0xa5,0x8a,
    0xa5,0x8a,0xc5,0x8a,0xc5,0x92,0xc5,0x8a,0xc5,0x8a,0xc5,0x8a,0xc5,0x8a,0xa5,0x8a,
    0xa5,0x92,0xc5,0x92,0xa5,0x92,0xc5,0x92,0xe5,0x92,0xc5,0x92,0xc5,0x92,0xc5,0x92,
    0xe5,0x92,0xe5,0x92,0xe5,0x92,0xc5,0x92,0xc5,0x92,0xc5,0x92,0xc5,0x92,0xc5,0x92,
    0xa4,0x92,0xa4,0x92,0xa4,0x92,0xc4,0x92,0xc5,0x92,0xc5,0x9a,0xc6,0x9a,0xe6,0x92,
    0x48,0x9b,0x68,0x9b,0xa9,0x9b,0xca,0x9b,0xa9,0x9b,0xaa,0x9b,0x89,0x93,0x68,0x8b,
    0x48,0x8b,0x28,0x8b,0x28,0x8b,0x08,0x83,0x08,0x83,0xe7,0x82,0xc7,0x7a,0xc7,0x7a,
    0xa6,0x7a,0x65,0x72,0x65,0x72,0x85,0x72,0xa6,0x7a,0xc6,0x7a,0xe7,0x82,0xe7,0x82,
    0xe7,0x82,0xe7,0x82,0xe7,0x82,0xc7,0x82,0xc6,0x82,0xc6,0x82,0xe6,0x82,0xe7,0x82,
    0x07,0x8b,0x27,0x8b,0x28,0x8b,0x48,0x93,0x68,0x93,0x88,0x9b,0xa9,0x9b,0xea,0xa3,
    0x0a,0xa4,0xe9,0xa3,0x0a,0xac,0x2a,0xac,0x4b,0xac,0x6b,0xb4,0x6b,0xb4,0x8c,0xb4,
    0x8b,0xb4,0xab,0xb4,0xac,0xb4,0xac,0xb4,0xcc,0xbc,0xec,0xbc,0x2d,0xc5,0x4e,0xcd,
    0x6e,0xcd,0x4e,0xcd,0x4e,0xcd,0x4e,0xcd,0x4e,0xcd,0x4e,0xcd,0x6e,0xcd,0x6e,0xcd,
    0x6f,0xcd,0x6f,0xcd,0x6f,0xcd,0x8f,0xd5,0x8e,0xd5,0x8e,0xd5,0x8e,0xd5,0x6e,0xcd,
    0x6e,0xcd,0x6e,0xcd,0x6e,0xcd,0x6d,0xcd,0x6d,0xcd,0x4d,0xcd,0x4d,0xcd,0x4e,0xd5,
    0x2d,0xcd,0x0d,0xcd,0x0c,0xc5,0xec,0xc4,0xec,0xc4,0xcb,0xbc,0xab,0xbc,0xac,0xbc,
    0xcc,0xc4,0xcc,0xc4,0xcc,0xc4,0xcc,0xc4,0xcc,0xbc,0xab,0xbc,0x8b,0xb4,0x6a,0xb4,
    0x6a,0xb4,0x6a,0xb4,0x4a,0xac,0x4a,0xac,0x2a,0xac,0x2a,0xac,0x2a,0xac,0x2a,0xac,
    0xe9,0xa3,0xa8,0x9b,0x47,0x93,0xc5,0x8a,0x43,0x7a,0xe2,0x69,0xc2,0x69,0xc2,0x69,
    0xc2,0x69,0xc2,0x69,0x03,0x72,0x44,0x7a,0x65,0x7a,0x85,0x82,0x85,0x82,0x85,0x82,
    0x84,0x82,0xa5,0x8a,0xa5,0x8a,0xc5,0x92,0xc5,0x92,0xc5,0x8a,0xe6,0x92,0x06,0x9b,
    0x06,0x9b,0x06,0x9b,0x06,0x9b,0x26,0x9b,0x06,0x9b,0x06,0x93,0x06,0x93,0x06,0x93,
    0x05,0x93,0x05,0x93,0x06,0x93,0x06,0x93,0x05,0x93,0x05,0x93,0x05,0x93,0x05,0x93,
    0x06,0x9b,0x06,0x93,0x05,0x93,0xe5,0x92,0x05,0x93,0x05,0x93,0x05,0x93,0x06,0x93,
    0x06,0x93,0x05,0x93,0x05,0x93,0x05,0x93,0x05,0x9b,0x05,0x9b,0x06,0x9b,0x06,0x9b,
    0x06,0x9b,0x06,0x9b,0x06,0x9b,0x05,0x93,0x05,0x93,0x06,0x9b,0x26,0x9b,0x06,0x9b,
    0x06,0x9b,0x06,0x93,0x06,0x9b,0x06,0x9b,0x06,0x93,0x06,0x9b,0xe6,0x92,0xe5,0x92,
    0xe5,0x92,0xc5,0x92,0xe5,0x92,0xe5,0x92,0xe5,0x92,0xc5,0x92,0xc5,0x92,0xe5,0x92,
    0xe5,0x92,0xe5,0x92,0xa5,0x8a,0x84,0x8a,0x84,0x8a,0x84,0x8a,0x84,0x8a,0xa5,0x8a,
    0x84,0x8a,0x06,0x93,0xcc,0xbc,0xcc,0xbc,0xac,0xbc,0xcc,0xbc,0xcc,0xbc,0xcc,0xbc,
    0xcc,0xbc,0xcc,0xbc,0xcc,0xbc,0xcc,0xbc,0xcc,0xbc,0xcc,0xbc,0xcc,0xbc,0xcc,0xbc,
    0xcc,0xbc,0xcc,0xbc,0xcc,0xbc,0xcc,0xbc,0xcc,0xbc,0xcc,0xbc,0xcc,0xbc,0xcc,0xbc,
    0xcc,0xbc,0xcc,0xbc,0xcb,0xbc,0xcc,0xbc,0x2b,0xac,0x40,0x51,0x21,0x49,0x01,0x51,
    0x02,0x51,0x02,0x51,0x02,0x51,0x02,0x51,0x02,0x51,0x22,0x51,0x22,0x51,0x01,0x49,
    0x01,0x49,0x01,0x49,0xe1,0x48,0xe1,0x48,0x01,0x51,0x02,0x51,0x02,0x51,0x22,0x59,
    0x22,0x59,0x22,0x59,0x22,0x59,0x22,0x59,0x42,0x59,0x42,0x59,0x41,0x59,0x41,0x59,
    0x41,0x59,0x41,0x59,0x41,0x61,0x82,0x61,0x82,0x61,0x61,0x61,0x41,0x59,0x41,0x59,
    0x61,0x61,0x82,0x61,0xa2,0x69,0xc3,0x69,0xc3,0x69,0xc3,0x69,0xc3,0x71,0xc3,0x69,
    0xc2,0x71,0xc2,0x71,0xc2,0x71,0xe3,0x71,0xe3,0x71,0x23,0x72,0x23,0x7a,0x44,0x7a,
    0x64,0x7a,0x64,0x7a,0x64,0x7a,0x64,0x7a,0x64,0x82,0x84,0x82,0xa5,0x8a,0xa5,0x8a,
    0xa5,0x8a,0xa5,0x8a,0xa5,0x8a,0xa5,0x8a,0xa5,0x8a,0xa5,0x8a,0x85,0x8a,0x85,0x8a,
    0x84,0x82,0x84,0x82,0xa4,0x8a,0xa5,0x8a,0xc5,0x8a,0xc5,0x8a,0xa5,0x8a,0xa5,0x8a,
    0xc5,0x92,0xa5,0x92,0xa5,0x92,0xc5,0x92,0xc5,0x92,0xc5,0x92,0xc5,0x92,0xc5,0x92,
    0xc5,0x92,0xc5,0x92,0xc5,0x92,0xc5,0x92,0xa4,0x92,0xa4,0x92,0xa4,0x92,0xc5,0x92,
    0xc5,0x92,0xa5,0x92,0xa4,0x92,0xa4,0x8a,0xa5,0x92,0xc5,0x92,0xe6,0x9a,0x06,0x9b,
    0x28,0x9b,0x68,0x9b,0xa9,0x9b,0xa9,0x9b,0xa9,0x9b,0xaa,0x9b,0x89,0x93,0x48,0x8b,
    0x28,0x83,0x28,0x8b,0x08,0x83,0x08,0x83,0xe7,0x82,0xe7,0x82,0xc7,0x7a,0xc7,0x7a,
    0xa6,0x7a,0x86,0x72,0x85,0x72,0xa6,0x7a,0xc6,0x7a,0xe7,0x82,0xe7,0x82,0xe6,0x7a,
    0xc6,0x7a,0xa6,0x7a,0xa6,0x7a,0xc6,0x82,0xc6,0x82,0xc6,0x82,0xc6,0x82,0xe6,0x82,
    0x07,0x8b,0x27,0x8b,0x28,0x8b,0x48,0x93,0x68,0x93,0xa9,0x9b,0xc9,0x9b,0xea,0xa3,
    0x0a,0xa4,0x0a,0xa4,0x0a,0xac,0x2a,0xac,0x4b,0xac,0x6b,0xb4,0x6b,0xb4,0x8c,0xb4,
    0xac,0xb4,0xac,0xb4,0xac,0xb4,0xac,0xb4,0xac,0xb4,0xcc,0xbc,0x0d,0xc5,0x2e,0xc5,
    0x4e,0xcd,0x6f,0xcd,0x8f,0xd5,0x8f,0xd5,0x6e,0xcd,0x6e,0xcd,0x6e,0xcd,0x6e,0xcd,
    0x6f,0xcd,0x6f,0xcd,0x6f,0xcd,0x8f,0xd5,0x8f,0xd5,0x8e,0xd5,0x8e,0xd5,0x6e,0xcd,
    0x6e,0xcd,0x6e,0xcd,0x6e,0xcd,0x6e,0xcd,0x6e,0xcd,0x6e,0xcd,0x4d,0xcd,0x2d,0xcd,
    0x2d,0xcd,0x0d,0xcd,0x0d,0xcd,0xec,0xc4,0xcc,0xc4,0xab,0xbc,0x8b,0xbc,0x8b,0xbc,
    0x8b,0xbc,0xac,0xbc,0xac,0xbc,0xac,0xbc,0x8b,0xbc,0x6b,0xb4,0x4a,0xb4,0x4a,0xb4,
    0x2a,0xac,0x09,0xac,0x09,0xac,0xe9,0xab,0xe9,0xa3,0xc9,0xa3,0xc9,0xa3,0xa9,0xa3,
    0x67,0x93,0x06,0x8b,0xc5,0x82,0x43,0x7a,0x23,0x72,0x03,0x72,0xe3,0x71,0x03,0x72,
    0x03,0x72,0x03,0x7a,0x44,0x7a,0x85,0x82,0x84,0x82,0x84,0x82,0x84,0x82,0x84,0x82,
    0x84,0x82,0xa5,0x8a,0xa5,0x8a,0xa5,0x8a,0xa5,0x8a,0xa5,0x8a,0xc5,0x92,0xe6,0x92,
    0x06,0x93,0x06,0x93,0x06,0x93,0x06,0x93,0x06,0x93,0x06,0x93,0x05,0x93,0x05,0x93,
    0xe5,0x92,0x05,0x93,0x05,0x93,0x05,0x93,0x06,0x93,0x06,0x93,0x05,0x93,0x05,0x93,
    0x06,0x93,0x05,0x93,0xe5,0x92,0xe5,0x92,0x06,0x93,0x05,0x93,0xe5,0x92,0xe5,0x92,
    0x05,0x93,0x05,0x93,0x06,0x93,0x05,0x9b,0x05,0x9b,0x05,0x9b,0xe5,0x92,0xe6,0x9a,
    0xe6,0x9a,0xe6,0x9a,0xe6,0x9a,0x06,0x93,0x05,0x93,0x06,0x93,0x06,0x9b,0x06,0x9b,
    0x06,0x93,0x05,0x93,0x06,0x9b,0x06,0x9b,0xe6,0x92,0x06,0x93,0x06,0x93,0xe6,0x92,
    0xe6,0x92,0xe6,0x92,0xe6,0x92,0xe6,0x92,0xe6,0x92,0xe6,0x92,0xe6,0x92,0xe5,0x92,
    0xe5,0x92,0xc5,0x92,0xc5,0x8a,0xa5,0x8a,0x84,0x8a,0x84,0x8a,0x84,0x8a,0xa5,0x8a,
    0x84,0x8a,0x06,0x93,0xcc,0xbc,0xcc,0xbc,0xac,0xbc,0xcc,0xbc,0xcc,0xbc,0xcc,0xbc,
    0xcc,0xbc,0xcc,0xbc,0xcc,0xbc,0xcc,0xbc,0xcc,0xbc,0xcc,0xbc,0xcc,0xbc,0xcc,0xbc,
    0xcc,0xbc,0xcc,0xbc,0xcc,0xbc,0xcc,0xbc,0xcc,0xbc,0xcc,0xbc,0xcc,0xbc,0xcc,0xbc,
    0xcc,0xbc,0xcc,0xbc,0xcb,0xbc,0xec,0xc4,0x2a,0xac,0x61,0x51,0x41,0x51,0x42,0x51,
    0x22,0x51,0x22,0x51,0x22,0x51,0x42,0x51,0x42,0x51,0x42,0x51,0x22,0x51,0x01,0x49,
    0x01,0x49,0x01,0x49,0x01,0x49,0x01,0x49,0x01,0x49,0x01,0x51,0xe2,0x50,0xe2,0x50,
    0x02,0x51,0x02,0x51,0x01,0x51,0x21,0x51,0x22,0x51,0x22,0x59,0x22,0x59,0x22,0x59,
    0x22,0x59,0x22,0x59,0x42,0x59,0x62,0x61,0x62,0x61,0x42,0x59,0x21,0x51,0x01,0x51,
    0x21,0x59,0x42,0x59,0x82,0x61,0xa3,0x61,0x83,0x61,0x62,0x61,0x62,0x61,0x62,0x61,
    0x62,0x61,0x82,0x61,0x82,0x61,0xa2,0x69,0xa2,0x69,0xa2,0x61,0xa2,0x61,0xa2,0x69,
    0xa2,0x61,0xa2,0x61,0xc2,0x69,0xc3,0x69,0x03,0x72,0x23,0x7a,0x24,0x7a,0x44,0x7a,
    0x44,0x7a,0x44,0x7a,0x44,0x7a,0x64,0x7a,0x65,0x82,0x85,0x82,0x85,0x8a,0xa5,0x8a,
    0x84,0x82,0x84,0x82,0xa4,0x8a,0xc5,0x8a,0xc5,0x8a,0xc5,0x8a,0xa5,0x8a,0xc5,0x8a,
    0xc5,0x92,0xa5,0x92,0x85,0x8a,0xa5,0x92,0xa4,0x92,0xa4,0x92,0xa4,0x8a,0xa4,0x8a,
    0xa4,0x92,0xa4,0x92,0xa4,0x92,0xc5,0x92,0xc5,0x92,0xa4,0x92,0xa4,0x92,0xc5,0x92,
    0xc5,0x92,0xc5,0x92,0xc4,0x92,0xc4,0x92,0xc5,0x92,0xc5,0x92,0xc5,0x92,0xe6,0x92,
    0x27,0x93,0x68,0x9b,0x89,0x9b,0xa9,0x93,0xa9,0x93,0xa9,0x93,0x89,0x93,0x89,0x93,
    0x48,0x8b,0x48,0x8b,0x28,0x8b,0x08,0x83,0xe7,0x82,0xe7,0x82,0xe7,0x82,0xe7,0x82,
    0xc7,0x7a,0xc6,0x7a,0xc6,0x7a,0xc6,0x7a,0xe7,0x82,0xe6,0x82,0xc6,0x7a,0xc6,0x7a,
    0xc6,0x7a,0xa6,0x7a,0xa6,0x7a,0xa6,0x7a,0xa6,0x7a,0xc6,0x82,0xe6,0x82,0x07,0x83,
    0x27,0x8b,0x48,0x8b,0x48,0x93,0x68,0x93,0x89,0x9b,0xa9,0x9b,0xc9,0xa3,0xea,0xa3,
    0x0a,0xa4,0x0a,0xa4,0x0a,0xac,0x2a,0xac,0x4a,0xac,0x4b,0xac,0x6b,0xb4,0x6b,0xb4,
    0x8c,0xb4,0xac,0xb4,0xac,0xb4,0xac,0xb4,0xac,0xb4,0xcc,0xbc,0x0d,0xc5,0x2d,0xc5,
    0x4e,0xcd,0x6f,0xcd,0x6f,0xd5,0x8f,0xd5,0x6e,0xcd,0x6e,0xcd,0x6e,0xcd,0x4e,0xcd,
    0x4e,0xcd,0x6e,0xcd,0x4e,0xcd,0x6e,0xcd,0x6e,0xcd,0x6e,0xcd,0x6e,0xcd,0x6e,0xcd,
    0x6e,0xcd,0x6e,0xcd,0x6e,0xcd,0x6e,0xcd,0x6e,0xcd,0x6d,0xcd,0x4d,0xcd,0x2d,0xcd,
    0x2d,0xcd,0x0d,0xcd,0x0c,0xc5,0xec,0xc4,0xcc,0xc4,0xab,0xbc,0x8b,0xbc,0x6b,0xb4,
    0x6b,0xb4,0x6b,0xb4,0x6b,0xb4,0x6b,0xb4,0x4b,0xb4,0x4a,0xb4,0x4a,0xb4,0x2a,0xac,
    0xe9,0xab,0xc9,0xa3,0xa8,0xa3,0x88,0x9b,0x68,0x9b,0x47,0x93,0x26,0x93,0xe6,0x8a,
    0x84,0x82,0x64,0x7a,0x43,0x7a,0x23,0x72,0x23,0x7a,0x44,0x7a,0x44,0x82,0x64,0x82,
    0x64,0x82,0x84,0x82,0x84,0x82,0xa4,0x8a,0xa4,0x8a,0xa4,0x8a,0xa4,0x8a,0xa4,0x8a,
    0xa4,0x8a,0xa5,0x8a,0xa5,0x92,0xa5,0x92,0xa5,0x92,0xc5,0x8a,0xc5,0x92,0xe6,0x92,
    0xe5,0x92,0xc5,0x92,0xc5,0x92,0xc5,0x92,0xe5,0x92,0x05,0x93,0xe5,0x92,0xe5,0x92,
    0xe5,0x92,0xe5,0x92,0xe5,0x92,0x05,0x93,0xe5,0x92,0xe5,0x92,0xe5,0x92,0xe5,0x92,
    0xe5,0x92,0xe5,0x92,0xe5,0x92,0xe5,0x92,0x05,0x93,0xe5,0x92,0xe5,0x92,0xe5,0x92,
    0xe5,0x92,0x05,0x93,0x05,0x93,0x05,0x93,0xe5,0x9a,0xe5,0x92,0xe5,0x92,0xe6,0x92,
    0xe6,0x92,0xe6,0x92,0xe6,0x92,0xe5,0x92,0x05,0x93,0x05,0x93,0x06,0x93,0x06,0x9b,
    0x06,0x93,0x05,0x93,0x06,0x9b,0x06,0x9b,0xe5,0x92,0xe6,0x92,0x06,0x93,0xe6,0x92,
    0xe6,0x92,0xe6,0x92,0xe6,0x92,0xe6,0x92,0xe6,0x92,0xe6,0x92,0xe6,0x92,0xe6,0x92,
    0xe5,0x92,0xe5,0x92,0xe6,0x92,0xe6,0x92,0xe6,0x92,0xc5,0x92,0xc5,0x8a,0xc5,0x8a,
    0xa5,0x8a,0x26,0x93,0xcc,0xbc,0xcc,0xbc,0xac,0xbc,0xcc,0xbc,0xcc,0xbc,0xcc,0xbc,
    0xcc,0xbc,0xcc,0xbc,0xcc,0xbc,0xcc,0xbc,0xcc,0xbc,0xcc,0xbc,0xcc,0xbc,0xcc,0xbc,
    0xcc,0xbc,0xcc,0xbc,0xcc,0xbc,0xcc,0xbc,0xcc,0xbc,0xcc,0xbc,0xcc,0xbc,0xcc,0xbc,
    0xcc,0xbc,0xcc,0xbc,0xcb,0xbc,0x0c,0xbd,0x4b,0xac,0xe3,0x61,0xe4,0x61,0xa3,0x59,
    0x83,0x59,0x63,0x59,0x62,0x51,0x63,0x59,0x62,0x51,0x42,0x51,0x42,0x51,0x42,0x51,
    0x22,0x49,0x21,0x49,0x22,0x51,0x42,0x51,0x22,0x51,0x01,0x51,0x02,0x51,0x02,0x51,
    0x02,0x51,0x02,0x51,0x01,0x51,0x01,0x51,0x21,0x51,0x21,0x51,0x01,0x51,0x01,0x51,
    0x01,0x51,0x01,0x51,0x22,0x51,0x42,0x59,0x42,0x59,0x22,0x59,0x22,0x59,0x01,0x51,
    0x01,0x51,0x01,0x51,0x42,0x59,0x62,0x61,0x62,0x59,0x42,0x59,0x42,0x59,0x42,0x59,
    0x41,0x59,0x21,0x59,0x41,0x59,0x41,0x59,0x61,0x61,0x62,0x61,0x62,0x61,0x62,0x61,
    0x62,0x59,0x62,0x61,0x82,0x61,0x82,0x61,0x82,0x61,0xa2,0x69,0xa2,0x69,0xc3,0x69,
    0xc3,0x69,0xe3,0x69,0xe3,0x69,0xc3,0x69,0xe3,0x71,0x03,0x7a,0x43,0x7a,0x44,0x82,
    0x44,0x7a,0x64,0x82,0x64,0x82,0x84,0x82,0xa5,0x8a,0xa5,0x8a,0xa5,0x8a,0x85,0x8a,
    0x85,0x8a,0xa5,0x92,0xc5,0x92,0xc5,0x92,0xc5,0x92,0xc5,0x92,0xc5,0x92,0xc5,0x92,
    0xc5,0x92,0xc5,0x92,0xc5,0x92,0xc5,0x92,0xc5,0x92,0xc5,0x92,0xc5,0x92,0xc5,0x92,
    0xc5,0x92,0xc5,0x92,0xc5,0x92,0xc5,0x92,0xc5,0x92,0xa5,0x92,0xa5,0x92,0xe6,0x92,
    0x07,0x93,0x48,0x93,0x88,0x93,0x89,0x93,0x89,0x93,0x89,0x93,0xa9,0x93,0xaa,0x9b,
    0x89,0x93,0x48,0x8b,0x28,0x8b,0x28,0x8b,0x08,0x83,0x08,0x83,0xe7,0x82,0xe7,0x82,
    0x08,0x83,0x07,0x83,0xe7,0x82,0x07,0x83,0x07,0x83,0xe7,0x82,0xe7,0x82,0xe7,0x82,
    0xe6,0x7a,0xc7,0x82,0xc6,0x82,0xc6,0x82,0xc6,0x82,0xc6,0x82,0xe7,0x82,0x07,0x8b,
    0x27,0x8b,0x48,0x93,0x68,0x93,0x89,0x9b,0xa9,0x9b,0xa9,0x9b,0xc9,0xa3,0x0a,0xa4,
    0x0a,0xac,0x0a,0xac,0x2a,0xac,0x4a,0xac,0x2a,0xac,0x2a,0xac,0x4a,0xac,0x4b,0xb4,
    0x8b,0xb4,0xac,0xb4,0xac,0xb4,0xac,0xb4,0xab,0xb4,0xcc,0xbc,0xed,0xc4,0x0d,0xc5,
    0x4e,0xcd,0x6f,0xcd,0x6f,0xd5,0x8f,0xd5,0x6e,0xcd,0x6e,0xcd,0x6e,0xcd,0x4e,0xcd,
    0x4e,0xcd,0x4e,0xcd,0x4e,0xcd,0x6e,0xcd,0x6e,0xcd,0x6e,0xcd,0x6e,0xcd,0x6e,0xcd,
    0x6e,0xcd,0x6e,0xcd,0x6e,0xcd,0x6e,0xcd,0x6d,0xcd,0x4d,0xcd,0x4d,0xcd,0x2d,0xcd,
    0x0d,0xcd,0x0d,0xcd,0x0c,0xc5,0xec,0xc4,0xcb,0xc4,0xab,0xbc,0x8b,0xbc,0x6b,0xb4,
    0x4a,0xb4,0x2a,0xac,0x4a,0xb4,0x4a,0xb4,0x2a,0xac,0x0a,0xac,0x09,0xac,0xc9,0xa3,
    0xa8,0x9b,0x67,0x9b,0x47,0x93,0x06,0x8b,0xe6,0x82,0xc5,0x82,0xa5,0x82,0x64,0x7a,
    0x43,0x7a,0x44,0x7a,0x44,0x7a,0x44,0x7a,0x84,0x82,0x84,0x82,0x84,0x82,0x84,0x82,
    0x84,0x82,0xa4,0x8a,0xa4,0x8a,0xa3,0x82,0xc4,0x8a,0xc4,0x8a,0xc4,0x8a,0xc4,0x8a,
    0xa4,0x8a,0xc5,0x92,0xc5,0x92,0xc5,0x92,0xc5,0x92,0xc5,0x92,0xc5,0x92,0xe5,0x92,
    0xe5,0x92,0xe5,0x92,0xe5,0x92,0xc5,0x92,0xe5,0x92,0xe5,0x92,0xc5,0x92,0xc5,0x8a,
    0xc5,0x92,0xe5,0x92,0xe5,0x92,0xe5,0x92,0xe5,0x92,0xe5,0x92,0xc5,0x92,0xc5,0x8a,
    0xc5,0x92,0xe5,0x92,0xe5,0x92,0x05,0x93,0x05,0x93,0xe5,0x92,0xe5,0x92,0xe5,0x92,
    0xe5,0x92,0xe5,0x92,0xe5,0x92,0xe5,0x92,0xe5,0x92,0xc5,0x92,0xc5,0x92,0xc5,0x92,
    0xc5,0x92,0xc5,0x92,0xc5,0x92,0xe5,0x92,0x05,0x93,0x05,0x93,0x05,0x93,0x06,0x9b,
    0x06,0x93,0x05,0x93,0x06,0x93,0xe6,0x92,0xc5,0x92,0xe5,0x92,0x06,0x93,0x06,0x93,
    0x06,0x93,0x06,0x93,0x06,0x93,0xe6,0x92,0xe6,0x92,0xe6,0x92,0xe6,0x92,0xe6,0x92,
    0xe6,0x92,0xe5,0x92,0xe6,0x92,0xe6,0x92,0xe6,0x92,0xe6,0x92,0xe6,0x92,0xe6,0x92,
    0xe6,0x92,0x47,0x93,0xcc,0xbc,0xcc,0xbc,0xac,0xbc,0xcc,0xbc,0xcc,0xbc,0xcc,0xbc,
    0xcc,0xbc,0xcc,0xbc,0xcc,0xbc,0xcc,0xbc,0xcc,0xbc,0xcc,0xbc,0xcc,0xbc,0xcc,0xbc,
    0xcc,0xbc,0xcc,0xbc,0xcc,0xbc,0xcc,0xbc,0xcc,0xbc,0xcc,0xbc,0xcc,0xbc,0xcc,0xbc,
    0xcc,0xbc,0xcc,0xbc,0xcc,0xbc,0xec,0xbc,0x6b,0xac,0x85,0x72,0x65,0x6a,0x05,0x6a,
    0xe4,0x61,0xc3,0x59,0xa3,0x59,0xa3,0x59,0xa3,0x59,0x83,0x59,0x82,0x51,0x62,0x51,
    0x62,0x51,0x42,0x51,0x62,0x51,0x63,0x51,0x42,0x51,0x22,0x49,0x22,0x51,0x22,0x51,
    0x22,0x51,0x22,0x49,0x21,0x49,0x01,0x49,0x21,0x49,0x22,0x51,0x22,0x51,0x22,0x51,
    0x22,0x51,0x21,0x51,0x22,0x51,0x42,0x51,0x42,0x51,0x22,0x51,0x02,0x51,0x01,0x51,
    0x01,0x51,0x02,0x51,0x22,0x59,0x22,0x59,0x22,0x59,0x01,0x51,0x01,0x51,0x01,0x51,
    0x21,0x59,0x01,0x51,0x01,0x51,0x01,0x51,0x01,0x51,0x62,0x59,0x62,0x59,0x62,0x59,
    0x62,0x59,0x62,0x59,0x42,0x59,0x41,0x59,0x62,0x59,0x62,0x59,0x62,0x59,0x62,0x61,
    0x62,0x61,0x82,0x61,0x82,0x61,0x82,0x61,0x82,0x61,0x82,0x61,0xa2,0x69,0xc3,0x69,
    0x03,0x72,0x04,0x72,0x04,0x72,0x24,0x7a,0x44,0x7a,0x44,0x7a,0x44,0x7a,0x44,0x7a,
    0x64,0x82,0xa5,0x8a,0xc6,0x92,0xe6,0x92,0x06,0x93,0xe5,0x92,0xe5,0x92,0xe5,0x92,
    0xe5,0x92,0xe5,0x92,0xe5,0x92,0xc5,0x92,0xa5,0x8a,0xa4,0x8a,0xa4,0x8a,0xc5,0x92,
    0xc5,0x92,0xc5,0x92,0xa4,0x92,0xc4,0x92,0xa4,0x92,0xa4,0x92,0xa4,0x8a,0xc5,0x8a,
    0x06,0x93,0x47,0x93,0x88,0x93,0xa9,0x93,0xa9,0x93,0x89,0x93,0xa9,0x93,0xaa,0x93,
    0xaa,0x93,0x89,0x93,0x49,0x8b,0x48,0x8b,0x07,0x83,0x07,0x83,0x07,0x83,0x07,0x83,
    0x07,0x83,0x08,0x83,0x27,0x83,0x27,0x83,0x07,0x83,0x07,0x83,0x07,0x83,0x07,0x83,
    0x07,0x83,0xe7,0x82,0xe7,0x82,0x07,0x83,0x07,0x83,0x07,0x83,0x07,0x83,0x27,0x8b,
    0x48,0x8b,0x68,0x93,0x88,0x9b,0xa9,0x9b,0xc9,0x9b,0xc9,0x9b,0xc9,0xa3,0x0a,0xa4,
    0x0a,0xac,0x0a,0xac,0x2a,0xac,0x2a,0xac,0x2a,0xac,0x2a,0xac,0x4b,0xac,0x4b,0xb4,
    0x8c,0xb4,0xac,0xb4,0xac,0xbc,0xcc,0xbc,0xac,0xbc,0xcc,0xbc,0xec,0xbc,0x0d,0xc5,
    0x4e,0xcd,0x6e,0xcd,0x8e,0xd5,0x8e,0xd5,0x6e,0xcd,0x6e,0xcd,0x6e,0xcd,0x4e,0xcd,
    0x2e,0xcd,0x4e,0xcd,0x4d,0xcd,0x4d,0xcd,0x4e,0xcd,0x4e,0xcd,0x6e,0xcd,0x4e,0xcd,
    0x4e,0xcd,0x4e,0xcd,0x4e,0xcd,0x4d,0xcd,0x4d,0xcd,0x4d,0xcd,0x4d,0xcd,0x2d,0xc5,
    0x2d,0xc5,0x0d,0xc5,0x0c,0xc5,0xcc,0xc4,0xab,0xbc,0x8b,0xbc,0x6b,0xb4,0x4b,0xb4,
    0x2a,0xac,0x0a,0xac,0x0a,0xac,0x0a,0xac,0xea,0xab,0xe9,0xa3,0xa8,0xa3,0x67,0x9b,
    0x06,0x93,0xc5,0x8a,0x84,0x7a,0x63,0x7a,0x43,0x7a,0x43,0x7a,0x63,0x7a,0x63,0x7a,
    0x83,0x82,0x84,0x82,0xa4,0x8a,0x84,0x8a,0xa4,0x8a,0xa4,0x8a,0xa4,0x8a,0xa4,0x8a,
    0xa4,0x8a,0xc4,0x8a,0xc4,0x8a,0xa3,0x8a,0xc4,0x8a,0xe4,0x8a,0xe4,0x8a,0xc4,0x8a,
    0xc4,0x8a,0xc5,0x92,0xc5,0x92,0xe5,0x92,0xe5,0x92,0xc5,0x92,0xc5,0x92,0xc5,0x92,
    0xc5,0x92,0xe5,0x92,0xe5,0x92,0xe5,0x9a,0xe5,0x92,0xe5,0x92,0xe5,0x92,0xe5,0x92,
    0xe5,0x92,0xe5,0x92,0xe5,0x92,0xe5,0x92,0xc5,0x92,0xc5,0x92,0xc4,0x92,0xc4,0x8a,
    0xe5,0x92,0xe5,0x92,0xe5,0x92,0xe5,0x92,0xe5,0x92,0xe5,0x92,0xe5,0x92,0xc5,0x8a,
    0xc5,0x8a,0xc5,0x92,0xe5,0x92,0xe5,0x92,0xc5,0x92,0xc5,0x92,0xc5,0x92,0xc5,0x92,
    0xc5,0x92,0xc5,0x92,0xc5,0x92,0xe5,0x92,0xe5,0x92,0xe5,0x92,0x05,0x93,0x05,0x93,
    0x05,0x93,0x05,0x93,0x06,0x93,0xe6,0x92,0xe5,0x92,0xe5,0x92,0xe6,0x92,0x06,0x9b,
    0xe6,0x92,0xe6,0x92,0xe6,0x92,0x06,0x93,0xe6,0x92,0xe6,0x92,0xe6,0x92,0xe6,0x92,
    0xe5,0x92,0xe5,0x92,0xe5,0x92,0xe6,0x92,0xe6,0x92,0xe6,0x92,0xe6,0x92,0xe6,0x92,
    0xe6,0x92,0x47,0x9b,0xac,0xbc,0xcc,0xbc,0xcc,0xbc,0xcc,0xbc,0xcc,0xbc,0xcc,0xbc,
    0xcc,0xbc,0xcc,0xbc,0xcc,0xbc,0xcc,0xbc,0xcc,0xbc,0xcc,0xbc,0xcc,0xbc,0xcc,0xbc,
    0xcc,0xbc,0xcc,0xbc,0xcc,0xbc,0xcc,0xbc,0xcc,0xbc,0xcc,0xbc,0xcc,0xbc,0xcc,0xbc,
    0xcc,0xbc,0xcc,0xbc,0xcc,0xbc,0xcc,0xbc,0x6c,0xac,0x07,0x83,0xc7,0x7a,0xc7,0x7a,
    0xa7,0x72,0x66,0x72,0x45,0x6a,0x45,0x6a,0x25,0x6a,0x04,0x62,0x04,0x62,0xc4,0x59,
    0xc4,0x59,0xc3,0x59,0xc3,0x59,0xc4,0x59,0xc3,0x59,0x82,0x51,0x82,0x51,0x62,0x51,
    0x62,0x51,0x42,0x49,0x62,0x51,0x42,0x49,0x42,0x49,0x62,0x51,0x42,0x51,0x42,0x51,
    0x42,0x51,0x42,0x51,0x42,0x51,0x42,0x51,0x42,0x51,0x42,0x51,0x22,0x51,0x22,0x51,
    0x22,0x51,0x22,0x51,0x22,0x51,0x02,0x51,0x02,0x51,0xe1,0x50,0x01,0x51,0x01,0x51,
    0x01,0x51,0x22,0x59,0x01,0x51,0x01,0x51,0x01,0x51,0x21,0x51,0x41,0x51,0x41,0x51,
    0x42,0x59,0x62,0x59,0x62,0x59,0x62,0x59,0x62,0x59,0x63,0x59,0x43,0x59,0x42,0x59,
    0x42,0x59,0x42,0x59,0x62,0x59,0x62,0x59,0x83,0x61,0x62,0x61,0x62,0x61,0x83,0x61,
    0x83,0x61,0xa3,0x61,0xa3,0x61,0xa3,0x61,0xa4,0x69,0xa3,0x69,0xc3,0x69,0xc3,0x69,
    0xe3,0x69,0x03,0x72,0x23,0x72,0x43,0x7a,0x84,0x82,0x64,0x82,0x84,0x82,0x85,0x8a,
    0x84,0x8a,0x84,0x8a,0x84,0x8a,0x84,0x82,0x84,0x82,0x84,0x8a,0xa4,0x8a,0xc5,0x8a,
    0xe5,0x92,0xe5,0x92,0xc4,0x8a,0xc4,0x92,0xa4,0x92,0xc4,0x8a,0xc4,0x8a,0xe5,0x8a,
    0x26,0x93,0x87,0x93,0xa8,0x93,0xa9,0x93,0xa9,0x93,0x89,0x93,0xaa,0x93,0xaa,0x93,
    0xaa,0x93,0xaa,0x93,0x89,0x93,0x68,0x8b,0x28,0x8b,0x07,0x83,0x27,0x83,0x27,0x83,
    0x27,0x83,0x27,0x83,0x28,0x8b,0x28,0x8b,0x28,0x8b,0x27,0x83,0x48,0x8b,0x48,0x8b,
    0x28,0x8b,0x07,0x83,0x27,0x83,0x27,0x83,0x28,0x8b,0x27,0x83,0x28,0x8b,0x48,0x8b,
    0x68,0x8b,0x88,0x93,0x88,0x9b,0xa9,0x9b,0xc9,0x9b,0xc9,0xa3,0xea,0xa3,0x0a,0xa4,
    0x0a,0xac,0x2a,0xac,0x2a,0xac,0x2a,0xac,0x2a,0xac,0x4b,0xac,0x4b,0xb4,0x6b,0xb4,
    0x8c,0xb4,0xac,0xbc,0xcc,0xbc,0xcc,0xbc,0xcc,0xbc,0xcc,0xbc,0xec,0xbc,0x0d,0xc5,
    0x4d,0xcd,0x6e,0xcd,0x8e,0xd5,0x6e,0xcd,0x6e,0xcd,0x6e,0xcd,0x6e,0xcd,0x4d,0xcd,
    0x4d,0xc5,0x4d,0xc5,0x2d,0xc5,0x2d,0xc5,0x2d,0xc5,0x4d,0xcd,0x4d,0xcd,0x4d,0xc5,
    0x4d,0xc5,0x4d,0xc5,0x4d,0xc5,0x2d,0xc5,0x2d,0xc5,0x4e,0xcd,0x4e,0xcd,0x2d,0xc5,
    0x0d,0xc5,0x0d,0xc5,0xec,0xc4,0xcc,0xbc,0x8b,0xbc,0x6a,0xb4,0x4a,0xb4,0x2a,0xb4,
    0x0a,0xac,0xc9,0xa3,0xc9,0xa3,0xa8,0xa3,0x88,0x9b,0x67,0x93,0x07,0x93,0xe6,0x8a,
    0xa4,0x82,0x63,0x7a,0x22,0x72,0x42,0x7a,0x63,0x7a,0x63,0x82,0xa3,0x8a,0xa4,0x8a,
    0xc4,0x8a,0xc4,0x8a,0xc4,0x8a,0xc4,0x8a,0xc4,0x8a,0xe4,0x92,0x05,0x93,0xe4,0x92,
    0xe4,0x92,0xc4,0x8a,0xc4,0x92,0xe4,0x92,0xc4,0x92,0xe5,0x92,0xe4,0x92,0xe4,0x8a,
    0xc4,0x92,0xe5,0x92,0xe5,0x92,0xe5,0x92,0xe5,0x92,0xe5,0x92,0xc5,0x92,0xc5,0x92,
    0xc4,0x92,0xc4,0x92,0xc5,0x92,0xe5,0x92,0xe5,0x92,0xe5,0x92,0xe5,0x92,0xe5,0x92,
    0xe5,0x92,0xe5,0x92,0xe5,0x92,0xc4,0x92,0xc4,0x92,0xc4,0x92,0xc4,0x92,0xc4,0x92,
    0xe5,0x92,0xe5,0x92,0xe5,0x92,0xe5,0x92,0xe5,0x92,0xc5,0x8a,0xc5,0x8a,0xc5,0x8a,
    0xc5,0x8a,0xc5,0x8a,0xc5,0x8a,0xc5,0x92,0xe5,0x92,0xc4,0x92,0xc4,0x8a,0xc5,0x92,
    0xc5,0x92,0xc5,0x8a,0xa5,0x8a,0xc5,0x8a,0xe5,0x8a,0xe5,0x92,0xe5,0x92,0xe5,0x92,
    0xe5,0x92,0xe5,0x92,0xe5,0x92,0xe5,0x92,0xe5,0x92,0xe5,0x92,0xe6,0x92,0xe6,0x9a,
    0xe5,0x92,0xc5,0x92,0xe6,0x92,0x06,0x93,0xe6,0x92,0xe6,0x92,0xe5,0x92,0xe5,0x92,
    0xc5,0x92,0xc5,0x92,0xe6,0x92,0xe6,0x92,0xe6,0x92,0xe6,0x92,0xe6,0x92,0xe6,0x92,
    0xe5,0x92,0x47,0x9b,0xac,0xbc,0xcc,0xbc,0xcc,0xbc,0xcc,0xbc,0xcc,0xbc,0xcc,0xbc,
    0xcc,0xbc,0xcc,0xbc,0xcc,0xbc,0xcc,0xbc,0xcc,0xbc,0xcc,0xbc,0xcc,0xbc,0xcc,0xbc,
    0xcc,0xbc,0xcc,0xbc,0xcc,0xbc,0xcc,0xbc,0xcc,0xbc,0xcc,0xbc,0xcc,0xbc,0xcc,0xbc,
    0xcc,0xbc,0xcc,0xbc,0xcc,0xbc,0xcc,0xbc,0x8c,0xb4,0x68,0x93,0x69,0x8b,0x49,0x8b,
    0x29,0x8b,0x08,0x83,0x08,0x83,0xe8,0x82,0xe8,0x7a,0xc7,0x7a,0xa7,0x7a,0x66,0x72,
    0x66,0x72,0x66,0x72,0x45,0x6a,0x25,0x6a,0x25,0x6a,0xe4,0x61,0xc3,0x59,0xa3,0x59,
    0xa3,0x59,0x83,0x51,0x83,0x51,0x83,0x51,0x62,0x51,0x62,0x51,0x42,0x49,0x42,0x51,
    0x42,0x51,0x42,0x51,0x62,0x51,0x42,0x51,0x41,0x49,0x42,0x51,0x42,0x51,0x42,0x51,
    0x42,0x51,0x22,0x51,0x22,0x51,0x01,0x51,0x01,0x51,0x01,0x51,0x01,0x51,0x21,0x51,
    0x21,0x51,0x21,0x51,0x01,0x51,0x01,0x51,0x01,0x51,0x21,0x51,0x21,0x51,0x22,0x51,
    0x42,0x51,0x62,0x59,0x62,0x59,0x62,0x59,0x42,0x59,0x42,0x51,0x22,0x51,0x22,0x51,
    0x22,0x51,0x42,0x51,0x42,0x51,0x62,0x59,0x42,0x59,0x22,0x59,0x42,0x59,0x62,0x59,
    0x42,0x59,0x62,0x59,0x62,0x59,0x62,0x59,0x63,0x61,0x63,0x61,0x62,0x61,0x82,0x61,
    0x82,0x61,0x81,0x61,0x61,0x61,0x81,0x61,0xc2,0x69,0xe3,0x69,0x03,0x72,0x03,0x7a,
    0x03,0x7a,0x03,0x7a,0x03,0x7a,0x23,0x7a,0x64,0x82,0x85,0x82,0xc5,0x8a,0xc5,0x8a,
    0xe5,0x92,0xe6,0x92,0x06,0x93,0xe5,0x9a,0xe5,0x92,0xe5,0x92,0xe5,0x8a,0x06,0x8b,
    0x47,0x93,0x88,0x9b,0xa8,0x93,0xa9,0x93,0xa9,0x93,0xa9,0x93,0xca,0x9b,0xca,0x9b,
    0xca,0x9b,0xaa,0x9b,0xaa,0x93,0x89,0x93,0x48,0x8b,0x28,0x8b,0x28,0x8b,0x28,0x8b,
    0x48,0x8b,0x48,0x8b,0x48,0x8b,0x48,0x8b,0x48,0x8b,0x48,0x8b,0x69,0x93,0x89,0x93,
    0x68,0x8b,0x48,0x8b,0x48,0x8b,0x48,0x8b,0x48,0x8b,0x28,0x8b,0x48,0x8b,0x68,0x8b,
    0x68,0x93,0x88,0x93,0xa8,0x9b,0xc9,0x9b,0xc9,0xa3,0xc9,0xa3,0xea,0xa3,0x0a,0xa4,
    0x0a,0xac,0x2a,0xac,0x2a,0xac,0x2a,0xac,0x2b,0xac,0x4b,0xac,0x4b,0xb4,0x6b,0xb4,
    0x8c,0xb4,0xac,0xb4,0xac,0xbc,0xcc,0xbc,0xcc,0xbc,0xcc,0xbc,0xec,0xbc,0x0d,0xc5,
    0x2d,0xc5,0x6e,0xcd,0x6e,0xcd,0x6e,0xcd,0x6e,0xcd,0x6e,0xcd,0x6e,0xcd,0x4e,0xcd,
    0x4d,0xcd,0x4d,0xcd,0x4d,0xcd,0x2d,0xc5,0x2d,0xc5,0x2d,0xc5,0x2d,0xc5,0x0d,0xc5,
    0x0d,0xc5,0x0d,0xc5,0x0d,0xc5,0x0d,0xc5,0x2d,0xc5,0x2d,0xc5,0x2d,0xc5,0x0d,0xc5,
    0x0d,0xc5,0xec,0xc4,0xcc,0xc4,0xab,0xbc,0x6a,0xb4,0x29,0xac,0x09,0xac,0x0a,0xac,
    0xe9,0xab,0x88,0xa3,0x47,0x93,0x06,0x8b,0xc5,0x8a,0x84,0x82,0x64,0x7a,0x63,0x7a,
    0x43,0x7a,0x43,0x7a,0x43,0x7a,0x63,0x82,0xa4,0x82,0xc4,0x8a,0xe5,0x92,0xe5,0x92,
    0x05,0x93,0xe5,0x92,0xe5,0x92,0xe5,0x92,0xe5,0x92,0x05,0x93,0x25,0x9b,0x05,0x93,
    0x05,0x93,0x05,0x93,0xe5,0x92,0xe5,0x9a,0x05,0x9b,0x05,0x93,0x05,0x93,0xe5,0x92,
    0xe4,0x92,0xe5,0x92,0xe5,0x92,0xe5,0x9a,0x05,0x9b,0xe5,0x9a,0xe5,0x9a,0xe5,0x92,
    0xe5,0x92,0xc5,0x92,0xc5,0x92,0xc5,0x92,0xc5,0x92,0xe5,0x92,0xe5,0x92,0xe5,0x92,
    0xe5,0x92,0xe5,0x92,0xe5,0x92,0xe5,0x92,0xe5,0x92,0xe5,0x92,0xe5,0x92,0xe5,0x92,
    0xe5,0x92,0xe5,0x92,0xe5,0x92,0xe5,0x92,0xe5,0x92,0xc5,0x8a,0xc5,0x8a,0xc5,0x8a,
    0xc5,0x8a,0xc5,0x8a,0xc5,0x8a,0xe5,0x92,0xe5,0x92,0xc4,0x92,0xc4,0x8a,0xc5,0x92,
    0xc5,0x8a,0xa5,0x8a,0xa4,0x8a,0xc4,0x8a,0xc4,0x8a,0xc5,0x8a,0xe5,0x92,0xe5,0x92,
    0xe5,0x92,0xe5,0x92,0xe5,0x92,0xe5,0x92,0xc5,0x8a,0xc5,0x8a,0xc5,0x92,0xc5,0x92,
    0xc5,0x92,0xc5,0x92,0xe5,0x92,0xe5,0x92,0xe5,0x92,0xc5,0x92,0xe5,0x92,0xc5,0x92,
    0xc5,0x92,0xc5,0x92,0xe5,0x92,0xe5,0x92,0xe5,0x92,0xe5,0x92,0xe5,0x92,0xe5,0x92,
    0xc5,0x92,0x47,0x9b,0xac,0xbc,0xcc,0xbc,0xcc,0xbc,0xcc,0xbc,0xcc,0xbc,0xcc,0xbc,
    0xcc,0xbc,0xcc,0xbc,0xcc,0xbc,0xcc,0xbc,0xcc,0xbc,0xcc,0xbc,0xcc,0xbc,0xcc,0xbc,
    0xcc,0xbc,0xcc,0xbc,0xcc,0xbc,0xcc,0xbc,0xcc,0xbc,0xcc,0xbc,0xcc,0xbc,0xcc,0xbc,
    0xcc,0xbc,0xcc,0xbc,0xcc,0xbc,0xed,0xbc,0x8c,0xb4,0x89,0x93,0x69,0x93,0x6a,0x93,
    0x6a,0x93,0x69,0x8b,0x69,0x8b,0x6a,0x93,0x69,0x8b,0x49,0x8b,0x29,0x8b,0x08,0x83,
    0x08,0x83,0x08,0x83,0xe8,0x7a,0xe8,0x7a,0xc7,0x7a,0x86,0x72,0x66,0x72,0x46,0x6a,
    0x45,0x6a,0x25,0x6a,0x25,0x6a,0x25,0x6a,0x04,0x62,0xc3,0x59,0xa3,0x59,0xc3,0x59,
    0xc3,0x59,0xc3,0x59,0xa3,0x59,0x82,0x51,0x62,0x51,0x62,0x49,0x62,0x49,0x62,0x49,
    0x62,0x49,0x62,0x51,0x42,0x51,0x42,0x51,0x42,0x49,0x21,0x49,0x21,0x51,0x21,0x51,
    0x22,0x51,0x21,0x51,0x01,0x49,0x01,0x49,0x01,0x49,0x02,0x49,0x02,0x49,0x22,0x49,
    0x22,0x51,0x22,0x51,0x22,0x51,0x22,0x51,0x22,0x51,0x22,0x51,0x22,0x51,0x21,0x49,
    0x21,0x49,0x21,0x51,0x21,0x51,0x42,0x51,0x21,0x51,0x01,0x49,0x01,0x51,0x21,0x51,
    0x42,0x51,0x42,0x51,0x42,0x59,0x42,0x59,0x22,0x59,0x22,0x59,0x42,0x59,0x42,0x59,
    0x42,0x59,0x42,0x59,0x62,0x59,0x62,0x59,0x82,0x61,0x62,0x61,0x62,0x61,0xa3,0x69,
    0xc3,0x69,0xa3,0x69,0xa3,0x69,0xc2,0x69,0xe3,0x69,0x03,0x72,0x24,0x7a,0x44,0x7a,
    0x43,0x7a,0x64,0x82,0xa5,0x8a,0xa5,0x8a,0xa5,0x8a,0xa5,0x8a,0xc5,0x8a,0xe6,0x8a,
    0x47,0x93,0x88,0x93,0x88,0x93,0xa9,0x93,0xa9,0x93,0xca,0x9b,0xea,0x9b,0xea,0x9b,
    0xea,0x9b,0xca,0x9b,0xca,0x9b,0xa9,0x93,0x89,0x93,0x48,0x8b,0x48,0x8b,0x48,0x8b,
    0x48,0x8b,0x48,0x8b,0x68,0x8b,0x68,0x8b,0x68,0x8b,0x48,0x8b,0x68,0x8b,0x89,0x93,
    0x68,0x8b,0x68,0x8b,0x68,0x8b,0x48,0x8b,0x27,0x8b,0x48,0x8b,0x68,0x8b,0x69,0x93,
    0x89,0x93,0x88,0x9b,0xa9,0x9b,0xc9,0x9b,0xc9,0xa3,0xe9,0xa3,0xea,0xa3,0x0a,0xac,
    0x2a,0xac,0x2a,0xac,0x2a,0xac,0x2b,0xac,0x2b,0xac,0x4b,0xac,0x4b,0xb4,0x6b,0xb4,
    0x8c,0xb4,0xac,0xb4,0xac,0xb4,0xcc,0xbc,0xcc,0xbc,0xcc,0xbc,0xec,0xbc,0x0d,0xc5,
    0x2d,0xc5,0x6e,0xcd,0x6e,0xcd,0x6e,0xcd,0x6e,0xcd,0x6e,0xcd,0x6e,0xcd,0x6e,0xcd,
    0x6e,0xcd,0x4e,0xcd,0x4e,0xcd,0x4d,0xcd,0x2d,0xc5,0x0d,0xc5,0xec,0xbc,0x0c,0xc5,
    0x0d,0xc5,0x0d,0xc5,0x0d,0xc5,0x0d,0xc5,0x0d,0xc5,0x0d,0xc5,0x0d,0xc5,0xed,0xc4,
    0xec,0xc4,0xec,0xc4,0xcc,0xc4,0x8b,0xbc,0x4a,0xb4,0xe9,0xa3,0x87,0xa3,0x67,0xa3,
    0x67,0x9b,0xe5,0x8a,0x84,0x82,0x84,0x82,0x43,0x7a,0x42,0x7a,0x43,0x7a,0x63,0x82,
    0x84,0x8a,0xa4,0x8a,0xc5,0x8a,0xe5,0x92,0xe5,0x92,0x05,0x93,0x26,0x9b,0x25,0x9b,
    0x05,0x9b,0x05,0x9b,0x05,0x9b,0x05,0x9b,0x26,0x9b,0x25,0x9b,0x05,0x9b,0x05,0x93,
    0x05,0x93,0x05,0x9b,0x05,0x9b,0x05,0x9b,0x26,0x9b,0x25,0x9b,0x25,0x93,0x05,0x93,
    0xe5,0x92,0x05,0x93,0x05,0x93,0x05,0x9b,0x05,0x9b,0x06,0x9b,0x05,0x9b,0x05,0x9b,
    0x05,0x9b,0x06,0x9b,0xe5,0x9a,0xe5,0x92,0xe5,0x92,0xe5,0x92,0xe5,0x92,0xe5,0x92,
    0xe5,0x92,0xe5,0x92,0xe5,0x92,0xe5,0x92,0xe5,0x92,0xe5,0x92,0xe5,0x92,0xe5,0x92,
    0xc4,0x92,0xc4,0x92,0xc4,0x92,0xc5,0x92,0xe5,0x92,0xc5,0x8a,0xc5,0x8a,0xc5,0x8a,
    0xe5,0x92,0xe5,0x92,0xe5,0x92,0xe5,0x92,0xe5,0x92,0xc4,0x92,0xc5,0x8a,0xc5,0x8a,
    0xc5,0x8a,0xa5,0x8a,0xa4,0x8a,0xa4,0x8a,0xa4,0x8a,0xc4,0x8a,0xc4,0x8a,0xc4,0x8a,
    0xc4,0x8a,0xc4,0x8a,0xc5,0x8a,0xc5,0x8a,0xc5,0x8a,0xa5,0x8a,0xa5,0x8a,0xa5,0x92,
    0xc5,0x92,0xe6,0x92,0xc5,0x92,0xc5,0x8a,0xc5,0x8a,0xc5,0x8a,0xc5,0x92,0xc5,0x92,
    0xc5,0x92,0xc5,0x8a,0xc5,0x92,0xc5,0x92,0xc5,0x92,0xc5,0x92,0xc5,0x92,0xc5,0x8a,
    0xa5,0x8a,0x47,0x9b,0xac,0xbc,0xcc,0xbc,0xcc,0xbc,0xcc,0xbc,0xcc,0xbc,0xcc,0xbc,
    0xcc,0xbc,0xcc,0xbc,0xcc,0xbc,0xcc,0xbc,0xcc,0xbc,0xcc,0xbc,0xcc,0xbc,0xcc,0xbc,
    0xcc,0xbc,0xcc,0xbc,0xcc,0xbc,0xcc,0xbc,0xcc,0xbc,0xcc,0xbc,0xcc,0xbc,0xcc,0xbc,
    0xcc,0xbc,0xcc,0xbc,0xcc,0xbc,0xcc,0xbc,0x8c,0xb4,0xa9,0x93,0x89,0x93,0xaa,0x93,
    0xaa,0x93,0xaa,0x93,0xaa,0x93,0xaa,0x93,0x8a,0x93,0x8a,0x93,0x8a,0x93,0x8a,0x8b,
    0x6a,0x8b,0x6a,0x8b,0x6a,0x8b,0x49,0x8b,0x49,0x8b,0x49,0x8b,0x08,0x83,0xe8,0x7a,
    0xe8,0x7a,0xe8,0x7a,0xc7,0x7a,0xc7,0x7a,0xa7,0x72,0x86,0x6a,0x66,0x6a,0x45,0x6a,
    0x25,0x62,0x25,0x62,0x25,0x62,0x04,0x62,0xc3,0x59,0xc3,0x51,0xc3,0x51,0xa3,0x51,
    0xa3,0x51,0xa3,0x51,0x83,0x51,0x62,0x49,0x62,0x49,0x41,0x49,0x21,0x49,0x42,0x51,
    0x41,0x49,0x21,0x49,0x21,0x49,0x21,0x49,0x01,0x49,0x01,0x49,0x02,0x49,0x02,0x49,
    0x02,0x49,0x02,0x49,0x02,0x49,0x02,0x49,0x22,0x49,0x22,0x49,0x01,0x49,0x01,0x49,
    0x21,0x49,0x21,0x49,0x21,0x49,0x21,0x49,0x21,0x49,0x01,0x49,0x01,0x49,0x01,0x49,
    0x21,0x49,0x21,0x51,0x21,0x51,0x22,0x51,0x02,0x51,0x02,0x51,0x22,0x51,0x02,0x51,
    0x02,0x51,0x22,0x51,0x22,0x51,0x22,0x51,0x21,0x51,0x21,0x51,0x21,0x51,0x62,0x59,
    0x63,0x61,0x63,0x61,0x63,0x61,0x62,0x61,0x82,0x61,0x82,0x61,0xa2,0x61,0xc3,0x69,
    0xc2,0x69,0xe3,0x69,0xe3,0x71,0x03,0x72,0x03,0x72,0x44,0x7a,0x64,0x7a,0x85,0x7a,
    0x06,0x8b,0x47,0x8b,0x89,0x93,0xa9,0x93,0xaa,0x93,0xca,0x9b,0xca,0x9b,0xca,0x9b,
    0xea,0x9b,0xea,0x9b,0xea,0x9b,0xea,0x9b,0xc9,0x9b,0x89,0x93,0x88,0x93,0x88,0x93,
    0x88,0x93,0x88,0x93,0x69,0x93,0x89,0x93,0x68,0x8b,0x48,0x8b,0x68,0x8b,0x68,0x8b,
    0x48,0x8b,0x68,0x8b,0x47,0x8b,0x27,0x83,0x27,0x83,0x47,0x8b,0x68,0x8b,0x88,0x93,
    0xa9,0x93,0xa9,0x9b,0xa9,0x9b,0xc9,0xa3,0xe9,0xa3,0xea,0xa3,0xea,0xa3,0x0a,0xa4,
    0x0a,0xac,0x2a,0xac,0x2a,0xac,0x2b,0xac,0x2b,0xac,0x2b,0xac,0x4b,0xac,0x4b,0xb4,
    0x6b,0xb4,0x8b,0xb4,0x8b,0xb4,0xac,0xb4,0xcc,0xbc,0xcc,0xbc,0xec,0xbc,0x0d,0xc5,
    0x2d,0xc5,0x4e,0xcd,0x6e,0xcd,0x6e,0xcd,0x6e,0xcd,0x4e,0xcd,0x4e,0xcd,0x4e,0xcd,
    0x4e,0xcd,0x4e,0xcd,0x4e,0xcd,0x4e,0xcd,0x2e,0xcd,0x0d,0xc5,0xed,0xc4,0xec,0xbc,
    0xcc,0xc4,0xec,0xc4,0xec,0xc4,0xec,0xc4,0xec,0xc4,0xcc,0xc4,0xec,0xc4,0xcc,0xc4,
    0xcc,0xbc,0xab,0xbc,0x8b,0xbc,0x4a,0xb4,0xe9,0xab,0x87,0xa3,0x06,0x93,0xc5,0x92,
    0xc4,0x8a,0x63,0x82,0x63,0x82,0x63,0x82,0x63,0x82,0x83,0x82,0x84,0x8a,0xa4,0x8a,
    0xe5,0x92,0x05,0x93,0x05,0x9b,0x05,0x9b,0x05,0x9b,0x25,0x9b,0x25,0x9b,0x25,0x9b,
    0x05,0x9b,0x25,0x9b,0x26,0x9b,0x25,0x9b,0x26,0x9b,0x25,0x9b,0x25,0x9b,0x25,0x9b,
    0x05,0x9b,0x05,0x9b,0x05,0x9b,0x05,0x9b,0xe5,0x9a,0x05,0x93,0x05,0x93,0x05,0x93,
    0x05,0x93,0x05,0x9b,0x05,0x9b,0x05,0x9b,0x05,0x9b,0x26,0x9b,0x06,0x9b,0x05,0x9b,
    0x06,0x9b,0x26,0x9b,0x06,0x9b,0xe5,0x9a,0x05,0x9b,0x05,0x93,0x05,0x93,0x05,0x93,
    0x05,0x93,0x05,0x93,0xe5,0x92,0xe5,0x92,0xe5,0x92,0xe5,0x92,0xe5,0x92,0xe5,0x92,
    0xe5,0x92,0xe5,0x92,0xe5,0x92,0xe5,0x92,0xc5,0x8a,0xc5,0x8a,0xc4,0x8a,0xc4,0x8a,
    0xc5,0x8a,0xc5,0x8a,0xc5,0x8a,0xe5,0x92,0xe5,0x92,0xc4,0x92,0xc5,0x8a,0xa4,0x8a,
    0xa4,0x8a,0xa5,0x8a,0xa5,0x8a,0xa4,0x8a,0xa4,0x8a,0xc4,0x8a,0xc4,0x8a,0xc4,0x8a,
    0xc4,0x8a,0xc4,0x8a,0xc5,0x8a,0xc5,0x8a,0xc5,0x8a,0xc5,0x8a,0xa5,0x8a,0xa5,0x92,
    0xc5,0x92,0xc5,0x92,0xc5,0x92,0xc5,0x8a,0xc5,0x8a,0xc5,0x8a,0xc5,0x92,0xc5,0x8a,
    0xc5,0x8a,0xa5,0x8a,0xc5,0x8a,0xc5,0x8a,0xc5,0x8a,0xc5,0x8a,0xa4,0x8a,0xc5,0x8a,
    0x84,0x8a,0x06,0x93,0xcc,0xbc,0xcc,0xbc,0xcc,0xbc,0xcc,0xbc,0xcc,0xbc,0xcc,0xbc,
    0xcc,0xbc,0xcc,0xbc,0xcc,0xbc,0xcc,0xbc,0xcc,0xbc,0xcc,0xbc,0xcc,0xbc,0xcc,0xbc,
    0xcc,0xbc,0xcc,0xbc,0xcc,0xbc,0xcc,0xbc,0xcc,0xbc,0xcc,0xbc,0xcc,0xbc,0xcc,0xbc,
    0xcc,0xbc,0xcc,0xbc,0xcc,0xbc,0xcc,0xbc,0x8c,0xb4,0xa9,0x93,0xaa,0x93,0xaa,0x93,
    0xaa,0x93,0xaa,0x93,0xaa,0x93,0xaa,0x93,0xaa,0x93,0xaa,0x93,0x8a,0x93,0x8a,0x93,
    0x8a,0x93,0x8a,0x93,0x8a,0x93,0xaa,0x93,0xaa,0x93,0xaa,0x93,0x6a,0x8b,0x69,0x8b,
    0x69,0x8b,0x69,0x8b,0x49,0x8b,0x29,0x83,0x08,0x83,0x08,0x83,0x08,0x7b,0xe7,0x7a,
    0xc7,0x72,0xa6,0x72,0xc7,0x72,0x86,0x6a,0x45,0x6a,0x65,0x62,0x65,0x62,0x45,0x62,
    0x24,0x5a,0x04,0x5a,0xe4,0x59,0xc3,0x59,0xa3,0x51,0xa3,0x59,0x83,0x51,0xa3,0x59,
    0x83,0x51,0x82,0x51,0x62,0x51,0x82,0x51,0x42,0x49,0x01,0x49,0x02,0x49,0x02,0x49,
    0x22,0x49,0x22,0x49,0x22,0x49,0x22,0x49,0x42,0x49,0x42,0x49,0x22,0x49,0x21,0x49,
    0x21,0x49,0x21,0x49,0x21,0x49,0x21,0x49,0x21,0x49,0x01,0x49,0x01,0x49,0x01,0x49,
    0x21,0x49,0x21,0x49,0x21,0x49,0x22,0x49,0x02,0x49,0x22,0x49,0x22,0x51,0x22,0x49,
    0x02,0x49,0x22,0x49,0x22,0x51,0x22,0x51,0x21,0x51,0x21,0x51,0x22,0x51,0x22,0x51,
    0x22,0x59,0x42,0x59,0x42,0x59,0x62,0x59,0x62,0x59,0x63,0x61,0x62,0x59,0x62,0x59,
    0x62,0x59,0x62,0x59,0x82,0x61,0x82,0x61,0x82,0x61,0xc3,0x61,0xe3,0x69,0x24,0x72,
    0x65,0x72,0xe7,0x82,0x89,0x93,0x89,0x93,0xaa,0x93,0xca,0x9b,0xca,0x9b,0xca,0x9b,
    0xea,0x9b,0xea,0x9b,0x0a,0xa4,0x0b,0xa4,0x0a,0xa4,0xc9,0x9b,0xa9,0x93,0xa9,0x93,
    0xa9,0x93,0xa9,0x93,0x89,0x93,0xa9,0x93,0x89,0x93,0x69,0x93,0x69,0x93,0x68,0x8b,
    0x48,0x8b,0x68,0x8b,0x47,0x8b,0x27,0x83,0x47,0x8b,0x68,0x8b,0x88,0x93,0xa9,0x93,
    0xa9,0x9b,0xc9,0x9b,0xc9,0xa3,0xe9,0xa3,0xea,0xa3,0xea,0xa3,0x0a,0xa4,0x0a,0xac,
    0x0a,0xac,0x0a,0xac,0x2a,0xac,0x2b,0xac,0x2b,0xac,0x2b,0xac,0x4b,0xac,0x4b,0xb4,
    0x6b,0xb4,0x6b,0xb4,0x8b,0xb4,0xac,0xb4,0xcc,0xbc,0xcc,0xbc,0xec,0xbc,0x0d,0xc5,
    0x2e,0xc5,0x4e,0xcd,0x6e,0xcd,0x6e,0xcd,0x4e,0xcd,0x4e,0xcd,0x4e,0xcd,0x4e,0xcd,
    0x4e,0xcd,0x4e,0xcd,0x4e,0xcd,0x4e,0xcd,0x4e,0xcd,0x2d,0xc5,0x0d,0xc5,0xec,0xc4,
    0xec,0xc4,0xec,0xc4,0xcc,0xc4,0xcc,0xbc,0xcc,0xbc,0xac,0xbc,0xac,0xbc,0x8b,0xbc,
    0x6b,0xbc,0x4a,0xb4,0x2a,0xb4,0xc8,0xa3,0x67,0x9b,0x05,0x93,0xa4,0x8a,0x83,0x8a,
    0x83,0x8a,0x83,0x8a,0xa4,0x8a,0xa4,0x92,0xc4,0x92,0xc5,0x92,0x05,0x9b,0x05,0x9b,
    0x05,0x9b,0x05,0x9b,0x05,0x9b,0x05,0x9b,0x05,0x9b,0x25,0x9b,0x25,0x9b,0x25,0x9b,
    0x05,0x9b,0x25,0x9b,0x25,0x9b,0x25,0x9b,0x05,0x9b,0x25,0x9b,0x26,0x9b,0x25,0x9b,
    0x25,0x9b,0x05,0x9b,0x05,0x9b,0xe5,0x9a,0xe5,0x9a,0x05,0x93,0x05,0x93,0x05,0x93,
    0x05,0x93,0x25,0x9b,0x25,0x9b,0x25,0x9b,0x26,0x9b,0x26,0x9b,0x06,0x9b,0x05,0x9b,
    0x06,0x9b,0x26,0x9b,0x06,0x9b,0x05,0x9b,0x05,0x9b,0x26,0x9b,0x05,0x93,0x05,0x93,
    0x05,0x9b,0x05,0x9b,0x05,0x9b,0x05,0x93,0x05,0x93,0x05,0x93,0x05,0x93,0x05,0x93,
    0xe5,0x92,0xe5,0x92,0xe5,0x92,0xe5,0x92,0xe5,0x92,0xc5,0x8a,0xc5,0x8a,0xc5,0x8a,
    0xc5,0x8a,0xc5,0x8a,0xe5,0x92,0xe5,0x92,0xe5,0x92,0xc4,0x92,0xc5,0x92,0xa5,0x8a,
    0xa5,0x8a,0xc5,0x8a,0xc5,0x8a,0xa4,0x8a,0xc4,0x8a,0xc4,0x8a,0xc4,0x8a,0xc4,0x8a,
    0xc4,0x8a,0xc4,0x8a,0xc5,0x8a,0xc5,0x8a,0xc5,0x8a,0xc5,0x8a,0xc5,0x92,0xc5,0x92,
    0xa5,0x92,0xa5,0x92,0xc5,0x92,0xc5,0x8a,0xc5,0x8a,0xc5,0x92,0xc5,0x8a,0xc5,0x8a,
    0xa5,0x8a,0xa5,0x8a,0xc5,0x8a,0xc5,0x8a,0xc5,0x8a,0xa5,0x8a,0xa4,0x8a,0xc5,0x8a,
    0x84,0x8a,0x06,0x93,0xcc,0xbc,0xcc,0xbc,0xcc,0xbc,0xcc,0xbc,0xcc,0xbc,0xcc,0xbc,
    0xcc,0xbc,0xcc,0xbc,0xcc,0xbc,0xcc,0xbc,0xcc,0xbc,0xcc,0xbc,0xcc,0xbc,0xcc,0xbc,
    0xcc,0xbc,0xcc,0xbc,0xcc,0xbc,0xcc,0xbc,0xcc,0xbc,0xcc,0xbc,0xcc,0xbc,0xcc,0xbc,
    0xcc,0xbc,0xcc,0xbc,0xcc,0xbc,0xcc,0xbc,0x8c,0xb4,0xa9,0x9b,0xaa,0x93,0xaa,0x93,
    0xca,0x93,0xca,0x93,0xca,0x93,0xaa,0x93,0xaa,0x93,0xaa,0x93,0xaa,0x93,0xaa,0x93,
    0xaa,0x93,0xaa,0x93,0xaa,0x93,0xaa,0x93,0xaa,0x93,0xaa,0x93,0xaa,0x93,0x8a,0x93,
    0x8a,0x93,0x8a,0x8b,0x69,0x8b,0x69,0x8b,0x69,0x8b,0x69,0x8b,0x89,0x8b,0x69,0x8b,
    0x69,0x83,0x49,0x83,0x49,0x83,0x28,0x83,0x08,0x7b,0x08,0x7b,0x08,0x7b,0xe7,0x72,
    0xc7,0x72,0xa7,0x72,0x86,0x72,0x66,0x6a,0x45,0x6a,0x46,0x6a,0x45,0x6a,0x46,0x6a,
    0x45,0x6a,0xe4,0x59,0xc3,0x59,0xe4,0x59,0xc3,0x59,0x83,0x51,0x83,0x51,0x63,0x51,
    0x62,0x51,0x42,0x49,0x42,0x49,0x22,0x49,0x42,0x49,0x42,0x49,0x42,0x49,0x21,0x49,
    0x21,0x49,0x21,0x49,0x21,0x49,0x21,0x49,0x21,0x49,0x22,0x49,0x01,0x49,0x01,0x49,
    0x01,0x49,0x21,0x49,0x22,0x49,0x22,0x49,0x22,0x49,0x22,0x49,0x22,0x49,0x22,0x49,
    0x02,0x49,0x22,0x49,0x22,0x51,0x22,0x51,0x21,0x51,0x22,0x51,0x22,0x51,0x21,0x51,
    0x22,0x51,0x22,0x51,0x22,0x51,0x42,0x59,0x42,0x59,0x42,0x59,0x42,0x59,0x42,0x59,
    0x42,0x59,0x62,0x59,0x62,0x59,0x62,0x59,0x62,0x59,0x82,0x59,0xa3,0x61,0xc3,0x61,
    0xe3,0x61,0xa6,0x7a,0x69,0x93,0x8a,0x93,0xaa,0x93,0xca,0x9b,0xca,0x9b,0xc9,0x9b,
    0xca,0x9b,0xe9,0x9b,0xea,0xa3,0x0a,0xa4,0x0a,0xa4,0xea,0x9b,0xc9,0x9b,0xc9,0x9b,
    0xc9,0x9b,0xc9,0x9b,0xca,0x9b,0xca,0x9b,0xaa,0x9b,0x89,0x93,0x89,0x93,0x89,0x93,
    0x89,0x93,0x88,0x93,0x68,0x8b,0x67,0x8b,0x88,0x93,0xa9,0x9b,0xc9,0x9b,0xc9,0x9b,
    0xc9,0x9b,0xe9,0xa3,0xea,0xa3,0x0a,0xa4,0x0a,0xac,0x0a,0xa4,0x0a,0xac,0x2a,0xac,
    0x2a,0xac,0x0a,0xac,0x2a,0xac,0x2b,0xac,0x2b,0xac,0x2b,0xac,0x4b,0xac,0x4b,0xb4,
    0x6b,0xb4,0x8b,0xb4,0xab,0xb4,0xac,0xb4,0xcc,0xbc,0xcc,0xbc,0xec,0xbc,0x0d,0xc5,
    0x2e,0xc5,0x4e,0xcd,0x6f,0xcd,0x6e,0xcd,0x6e,0xcd,0x4e,0xcd,0x4e,0xcd,0x4e,0xcd,
    0x4e,0xcd,0x4e,0xcd,0x6e,0xcd,0x4e,0xcd,0x2e,0xcd,0x2d,0xc5,0x0d,0xc5,0xec,0xc4,
    0xcc,0xc4,0xcc,0xbc,0xab,0xbc,0x8b,0xb4,0x8b,0xb4,0x6b,0xb4,0x6b,0xb4,0x4a,0xb4,
    0x2a,0xb4,0x09,0xb4,0xe9,0xab,0x46,0x9b,0xe5,0x8a,0xa4,0x8a,0x83,0x8a,0xa3,0x92,
    0xc4,0x92,0xc4,0x92,0xe5,0x9a,0x05,0x9b,0x05,0x9b,0x25,0xa3,0x46,0xa3,0x46,0xa3,
    0x26,0xa3,0x25,0xa3,0x25,0x9b,0x25,0xa3,0x25,0xa3,0x25,0xa3,0x46,0xa3,0x46,0xa3,
    0x25,0xa3,0x25,0xa3,0x25,0xa3,0x25,0xa3,0x25,0xa3,0x26,0x9b,0x26,0x9b,0x26,0x9b,
    0x26,0x9b,0x05,0x9b,0x05,0xa3,0x05,0xa3,0x05,0xa3,0x25,0x9b,0x25,0x9b,0x25,0x9b,
    0x25,0x9b,0x26,0x9b,0x26,0x9b,0x26,0x9b,0x26,0xa3,0x26,0x9b,0x06,0x9b,0x05,0x9b,
    0x05,0x9b,0x06,0x9b,0x06,0x9b,0x06,0x9b,0x26,0x9b,0x26,0x9b,0x05,0x9b,0x05,0x93,
    0x26,0x9b,0x26,0x9b,0x26,0x9b,0x05,0x9b,0x05,0x93,0x05,0x93,0x05,0x93,0x05,0x93,
    0x05,0x93,0xe5,0x92,0xe5,0x92,0xe5,0x92,0xe5,0x92,0xe5,0x92,0xe5,0x92,0xe5,0x92,
    0xe5,0x92,0xe5,0x92,0xe5,0x92,0xe5,0x92,0xe5,0x92,0xe5,0x92,0xc5,0x92,0xc5,0x8a,
    0xc5,0x8a,0xc5,0x92,0xc5,0x92,0xc4,0x8a,0xc4,0x8a,0xc5,0x8a,0xc5,0x8a,0xc5,0x8a,
    0xc5,0x8a,0xc5,0x8a,0xc5,0x8a,0xe5,0x92,0xc5,0x8a,0xc5,0x8a,0xc5,0x92,0xc5,0x92,
    0xa5,0x92,0xa5,0x92,0xc5,0x92,0xc5,0x8a,0xc5,0x8a,0xc5,0x92,0xc5,0x8a,0xc5,0x8a,
    0xa5,0x8a,0xa5,0x8a,0xc5,0x8a,0xc5,0x8a,0xc5,0x8a,0xa5,0x8a,0xa4,0x8a,0xc5,0x8a,
    0x84,0x8a,0x06,0x93,0xcc,0xbc,0xcc,0xbc,0xcc,0xbc,0xcc,0xbc,0xcc,0xbc,0xcc,0xbc,
    0xcc,0xbc,0xcc,0xbc,0xcc,0xbc,0xcc,0xbc,0xcc,0xbc,0xcc,0xbc,0xcc,0xbc,0xcc,0xbc,
    0xcc,0xbc,0xcc,0xbc,0xcc,0xbc,0xcc,0xbc,0xcc,0xbc,0xcc,0xbc,0xcc,0xbc,0xcc,0xbc,
    0xcc,0xbc,0xcc,0xbc,0xcc,0xbc,0xcd,0xbc,0x8c,0xb4,0xaa,0x9b,0xaa,0x93,0xca,0x93,
    0xca,0x93,0xca,0x93,0xca,0x93,0xaa,0x93,0xaa,0x93,0xaa,0x93,0xca,0x93,0xaa,0x93,
    0xaa,0x93,0xaa,0x93,0xaa,0x93,0xaa,0x93,0x8a,0x93,0x8a,0x93,0xaa,0x93,0xca,0x93,
    0xaa,0x93,0xaa,0x93,0xaa,0x93,0xaa,0x93,0xaa,0x93,0xaa,0x93,0x8a,0x8b,0x89,0x8b,
    0x89,0x8b,0x89,0x8b,0x8a,0x8b,0x89,0x8b,0x89,0x8b,0x69,0x83,0x49,0x83,0x49,0x83,
    0x28,0x83,0x28,0x83,0x08,0x83,0xe8,0x7a,0xc7,0x7a,0xe8,0x7a,0xc7,0x72,0xe8,0x7a,
    0xc7,0x72,0x86,0x6a,0x66,0x6a,0x86,0x6a,0x65,0x6a,0x25,0x6a,0x05,0x62,0x04,0x62,
    0xe4,0x61,0xe4,0x61,0xc4,0x59,0xa3,0x59,0xa3,0x51,0x83,0x51,0x83,0x51,0x82,0x51,
    0x62,0x49,0x41,0x49,0x41,0x49,0x41,0x49,0x42,0x49,0x22,0x49,0x21,0x49,0x21,0x49,
    0x21,0x49,0x21,0x49,0x21,0x49,0x22,0x49,0x22,0x49,0x22,0x49,0x22,0x49,0x22,0x49,
    0x02,0x49,0x22,0x49,0x22,0x49,0x22,0x49,0x21,0x49,0x22,0x51,0x22,0x51,0x22,0x51,
    0x22,0x51,0x22,0x51,0x22,0x51,0x22,0x51,0x22,0x51,0x22,0x51,0x22,0x51,0x42,0x51,
    0x42,0x51,0x42,0x51,0x42,0x59,0x42,0x51,0x22,0x51,0x42,0x51,0x62,0x51,0x82,0x59,
    0xe3,0x61,0xa6,0x7a,0x69,0x8b,0x8a,0x93,0xaa,0x93,0xca,0x9b,0xaa,0x93,0xc9,0x9b,
    0xc9,0x9b,0xe9,0x9b,0xc9,0x9b,0xea,0xa3,0x0a,0xa4,0xea,0xa3,0xea,0xa3,0xea,0x9b,
    0xea,0x9b,0xea,0x9b,0xea,0x9b,0xeb,0xa3,0xca,0x9b,0xaa,0x9b,0xa9,0x93,0xa9,0x93,
    0x89,0x93,0x88,0x93,0x68,0x93,0x88,0x93,0xa9,0x93,0xea,0x9b,0xea,0x9b,0xe9,0x9b,
    0xe9,0x9b,0xea,0xa3,0x0a,0xa4,0x0a,0xac,0x2a,0xac,0x0a,0xac,0x2a,0xac,0x2b,0xac,
    0x2a,0xac,0x0a,0xac,0x2a,0xac,0x2b,0xac,0x2b,0xac,0x2b,0xac,0x4b,0xac,0x4b,0xb4,
    0x6b,0xb4,0x8b,0xb4,0xac,0xb4,0xac,0xbc,0xcc,0xbc,0xcc,0xbc,0xec,0xbc,0x0d,0xc5,
    0x2e,0xc5,0x4e,0xcd,0x6f,0xcd,0x6f,0xcd,0x6f,0xcd,0x4e,0xcd,0x4e,0xcd,0x4e,0xcd,
    0x6e,0xcd,0x6e,0xcd,0x6f,0xcd,0x4e,0xcd,0x2e,0xcd,0x2d,0xc5,0x0d,0xc5,0xcc,0xc4,
    0xab,0xbc,0x8b,0xbc,0x6a,0xb4,0x29,0xac,0x29,0xac,0x29,0xac,0x09,0xac,0xc8,0xa3,
    0xa8,0xa3,0x87,0xa3,0x67,0x9b,0x05,0x93,0xc4,0x8a,0xe5,0x92,0xe5,0x92,0xe5,0x9a,
    0xe5,0x9a,0x05,0x9b,0x05,0x9b,0x05,0xa3,0x25,0xa3,0x26,0xa3,0x25,0xa3,0x26,0xa3,
    0x46,0xa3,0x66,0xab,0x66,0xab,0x66,0xab,0x66,0xab,0x66,0xab,0x87,0xab,0x87,0xab,
    0x66,0xab,0x66,0xab,0x66,0xab,0x66,0xa3,0x66,0xa3,0x46,0xa3,0x26,0x9b,0x26,0x9b,
    0x26,0xa3,0x26,0xa3,0x26,0xa3,0x26,0xa3,0x26,0xa3,0x26,0x9b,0x46,0x9b,0x46,0x9b,
    0x26,0x9b,0x26,0x9b,0x26,0x9b,0x46,0xa3,0x26,0xa3,0x06,0x9b,0x06,0x9b,0x05,0x9b,
    0xe5,0x9a,0x05,0x9b,0x06,0x9b,0x26,0x9b,0x26,0x9b,0x26,0x9b,0x26,0x9b,0x05,0x9b,
    0x05,0x93,0x05,0x93,0x05,0x93,0xe5,0x92,0x05,0x93,0x05,0x93,0x05,0x93,0x05,0x93,
    0x05,0x93,0x05,0x93,0xe5,0x92,0xe5,0x92,0x05,0x93,0x05,0x93,0x05,0x93,0xe5,0x92,
    0xe5,0x92,0xe5,0x92,0xe5,0x92,0xe5,0x92,0xe5,0x92,0xe5,0x92,0xe5,0x92,0xc5,0x92,
    0xc5,0x92,0xe5,0x92,0xe5,0x92,0xc5,0x8a,0xc4,0x8a,0xc5,0x8a,0xc5,0x8a,0xc5,0x8a,
    0xc5,0x8a,0xc5,0x8a,0xe5,0x92,0xe5,0x92,0xe5,0x92,0xc5,0x8a,0xc5,0x92,0xc5,0x92,
    0xc5,0x92,0xa5,0x92,0xc5,0x92,0xc5,0x8a,0xc5,0x8a,0xc5,0x92,0xc5,0x8a,0xc5,0x8a,
    0xa5,0x8a,0xa5,0x8a,0xa5,0x8a,0xa5,0x8a,0xa5,0x8a,0xa5,0x8a,0xa4,0x8a,0xc5,0x8a,
    0x84,0x8a,0x06,0x93,0xcc,0xbc,0xcc,0xbc,0xcc,0xbc,0xcc,0xbc,0xcc,0xbc,0xcc,0xbc,
    0xcc,0xbc,0xcc,0xbc,0xcc,0xbc,0xcc,0xbc,0xcc,0xbc,0xcc,0xbc,0xcc,0xbc,0xcc,0xbc,
    0xcc,0xbc,0xcc,0xbc,0xcc,0xbc,0xcc,0xbc,0xcc,0xbc,0xcc,0xbc,0xcc,0xbc,0xcc,0xbc,
    0xcc,0xbc,0xcc,0xbc,0xcc,0xbc,0xcc,0xbc,0x8c,0xb4,0xca,0x9b,0xca,0x93,0xca,0x93,
    0xca,0x93,0xca,0x93,0xca,0x93,0xca,0x93,0xca,0x93,0xca,0x93,0xaa,0x93,0xaa,0x93,
    0xaa,0x93,0xaa,0x93,0xaa,0x93,0xaa,0x93,0xaa,0x93,0xaa,0x93,0xcb,0x93,0xcb,0x93,
    0xaa,0x93,0xaa,0x93,0x8a,0x93,0x8a,0x93,0xaa,0x93,0xaa,0x93,0x8a,0x93,0x89,0x8b,
    0x89,0x8b,0x8a,0x8b,0x8a,0x93,0x8a,0x93,0x8a,0x93,0x89,0x8b,0x69,0x8b,0x49,0x8b,
    0x49,0x8b,0x49,0x8b,0x49,0x8b,0x49,0x8b,0x29,0x8b,0x29,0x83,0x28,0x83,0x28,0x83,
    0x08,0x83,0xe8,0x7a,0xe7,0x7a,0xe7,0x7a,0xc7,0x7a,0xc7,0x7a,0xa7,0x72,0xa6,0x72,
    0x86,0x72,0x66,0x6a,0x46,0x6a,0x46,0x6a,0x25,0x62,0x25,0x62,0x25,0x62,0x04,0x62,
    0xc4,0x59,0xa3,0x59,0xa3,0x51,0xa3,0x51,0xa3,0x51,0x83,0x51,0x42,0x49,0x22,0x49,
    0x42,0x49,0x22,0x49,0x21,0x49,0x42,0x49,0x62,0x49,0x21,0x49,0x21,0x49,0x21,0x49,
    0x41,0x49,0x42,0x49,0x42,0x49,0x42,0x49,0x42,0x49,0x42,0x49,0x42,0x49,0x42,0x49,
    0x42,0x49,0x42,0x51,0x63,0x51,0x42,0x49,0x42,0x49,0x42,0x49,0x42,0x49,0x42,0x49,
    0x42,0x49,0x42,0x51,0x42,0x51,0x22,0x49,0x21,0x49,0x21,0x49,0x62,0x51,0x83,0x59,
    0xc3,0x59,0x86,0x72,0x48,0x8b,0x89,0x93,0x89,0x93,0x89,0x93,0xca,0x9b,0xca,0x9b,
    0xca,0x9b,0xea,0x9b,0xca,0x9b,0xea,0xa3,0xea,0xa3,0xea,0xa3,0xea,0xa3,0x0b,0xa4,
    0x0b,0xa4,0x0a,0xa4,0x0a,0xa4,0xea,0xa3,0xea,0x9b,0xca,0x9b,0xca,0x9b,0xc9,0x9b,
    0xa9,0x9b,0xa9,0x93,0xa9,0x93,0xa9,0x93,0xa9,0x93,0xea,0x9b,0xea,0xa3,0x0a,0xa4,
    0x0a,0xa4,0x0a,0xa4,0x0a,0xa4,0x2a,0xac,0x2a,0xac,0x2a,0xac,0x2a,0xa4,0x0a,0xa4,
    0x2a,0xac,0x2b,0xac,0x2b,0xac,0x2b,0xac,0x2b,0xac,0x2b,0xac,0x4b,0xac,0x4b,0xb4,
    0x6c,0xb4,0x8c,0xb4,0x8c,0xb4,0xac,0xb4,0xac,0xbc,0xcc,0xbc,0xed,0xbc,0x0d,0xc5,
    0x0d,0xc5,0x2e,0xcd,0x4e,0xcd,0x4e,0xcd,0x4e,0xcd,0x4e,0xcd,0x4e,0xcd,0x4e,0xcd,
    0x6e,0xcd,0x6e,0xcd,0x6e,0xcd,0x2e,0xc5,0x2d,0xc5,0x0d,0xc5,0xec,0xc4,0xab,0xbc,
    0x6a,0xb4,0x2a,0xb4,0xe9,0xab,0xa7,0xa3,0xa7,0xa3,0x87,0xa3,0x66,0x9b,0x46,0x9b,
    0x46,0x9b,0x46,0x9b,0x25,0x9b,0x05,0x93,0x05,0x9b,0x05,0x9b,0x05,0x9b,0x05,0x9b,
    0xe5,0x9a,0xe5,0x9a,0x05,0x9b,0x05,0x9b,0x26,0xa3,0x26,0xa3,0x26,0xa3,0x46,0xa3,
    0x46,0xa3,0x46,0xa3,0x46,0xab,0x66,0xab,0x67,0xab,0x87,0xab,0x87,0xab,0x87,0xab,
    0x87,0xab,0x87,0xab,0x66,0xab,0x66,0xab,0x66,0xab,0x46,0xa3,0x46,0xa3,0x46,0xa3,
    0x46,0xa3,0x26,0xa3,0x26,0xa3,0x26,0xa3,0x26,0xa3,0x46,0xa3,0x46,0xa3,0x46,0xa3,
    0x46,0xa3,0x46,0xa3,0x26,0xa3,0x25,0xa3,0x25,0xa3,0x05,0x9b,0x05,0x9b,0x05,0x9b,
    0x05,0x9b,0x05,0x9b,0x05,0x9b,0xe5,0x9a,0x05,0x9b,0x25,0x9b,0x25,0x9b,0x25,0x9b,
    0x05,0x9b,0x05,0x93,0x05,0x93,0x05,0x93,0xe5,0x92,0xe5,0x92,0xe5,0x92,0xe5,0x92,
    0xe5,0x92,0x05,0x9b,0x05,0x9b,0x05,0x9b,0x06,0x93,0x06,0x93,0xe6,0x92,0x06,0x93,
    0x06,0x93,0x06,0x93,0x06,0x93,0x06,0x93,0x06,0x93,0x06,0x93,0x06,0x93,0x06,0x93,
    0x06,0x93,0x06,0x93,0x06,0x93,0xe5,0x92,0xe5,0x92,0xe5,0x92,0xc5,0x92,0xe5,0x92,
    0xe5,0x92,0xc5,0x92,0xc5,0x92,0xc5,0x8a,0xc5,0x8a,0xc5,0x8a,0xc4,0x8a,0xa4,0x8a,
    0xc5,0x8a,0xc5,0x8a,0xe5,0x92,0xc5,0x8a,0xc4,0x8a,0xc5,0x8a,0xe5,0x92,0xc5,0x8a,
    0xc5,0x8a,0xc4,0x8a,0xa5,0x8a,0xa4,0x8a,0xa4,0x8a,0x84,0x8a,0xa5,0x8a,0xa5,0x8a,
    0x84,0x8a,0x06,0x93,0xcc,0xbc,0xcc,0xbc,0xcc,0xbc,0xcc,0xbc,0xcc,0xbc,0xcc,0xbc,
    0xcc,0xbc,0xcc,0xbc,0xcc,0xbc,0xcc,0xbc,0xcc,0xbc,0xcc,0xbc,0xcc,0xbc,0xcc,0xbc,
    0xcc,0xbc,0xcc,0xbc,0xcc,0xbc,0xcc,0xbc,0xcc,0xbc,0xcc,0xbc,0xcc,0xbc,0xcc,0xbc,
    0xcc,0xbc,0xcc,0xbc,0xcc,0xbc,0xcc,0xbc,0x8c,0xb4,0xca,0x93,0xca,0x93,0xca,0x93,
    0xca,0x93,0xca,0x93,0xca,0x93,0xca,0x93,0xca,0x93,0xca,0x93,0xaa,0x93,0xaa,0x93,
    0xaa,0x93,0xab,0x93,0xaa,0x93,0xaa,0x93,0xaa,0x93,0xaa,0x93,0xcb,0x93,0xab,0x93,
    0xaa,0x93,0xaa,0x93,0x8a,0x93,0xaa,0x93,0xaa,0x93,0xaa,0x93,0xaa,0x93,0x8a,0x93,
    0x8a,0x93,0x8a,0x93,0xaa,0x93,0xaa,0x93,0xaa,0x93,0xaa,0x93,0x8a,0x93,0x8a,0x93,
    0x8a,0x93,0x8a,0x93,0x8a,0x93,0x8a,0x93,0x8a,0x93,0x69,0x8b,0x49,0x8b,0x49,0x8b,
    0x49,0x83,0x49,0x83,0x29,0x83,0x28,0x83,0x28,0x83,0x28,0x83,0x28,0x83,0x08,0x83,
    0x08,0x83,0xe8,0x7a,0xe8,0x7a,0xe8,0x7a,0xc8,0x7a,0xe8,0x7a,0xc8,0x7a,0xa7,0x72,
    0x66,0x6a,0x66,0x6a,0x45,0x6a,0x45,0x6a,0x05,0x62,0xe5,0x61,0xc4,0x59,0xa4,0x59,
    0xc4,0x59,0x83,0x51,0x83,0x51,0xa3,0x59,0xa3,0x51,0x62,0x51,0x62,0x49,0x62,0x49,
    0x62,0x49,0x62,0x49,0x42,0x49,0x42,0x49,0x22,0x49,0x22,0x49,0x22,0x49,0x22,0x49,
    0x22,0x49,0x42,0x49,0x42,0x49,0x42,0x49,0x42,0x49,0x42,0x49,0x42,0x49,0x42,0x49,
    0x42,0x49,0x42,0x49,0x42,0x49,0x42,0x49,0x21,0x49,0x21,0x49,0x42,0x49,0x82,0x51,
    0xc3,0x59,0x66,0x72,0x08,0x83,0x69,0x93,0x89,0x93,0x89,0x93,0xa9,0x9b,0xca,0x9b,
    0xca,0x9b,0xea,0x9b,0xca,0x9b,0xea,0xa3,0xea,0xa3,0x0b,0xa4,0x2b,0xa4,0x4c,0xac,
    0x2b,0xac,0x2b,0xa4,0x0b,0xa4,0x0a,0xa4,0xea,0xa3,0xea,0x9b,0xea,0x9b,0xca,0x9b,
    0xca,0x9b,0xc9,0x9b,0xc9,0x9b,0xc9,0x9b,0xc9,0x9b,0xea,0x9b,0xea,0xa3,0x0a,0xa4,
    0x0a,0xa4,0x0a,0xa4,0x2a,0xa4,0x2a,0xa4,0x2a,0xa4,0x2a,0xa4,0x2a,0xa4,0x0a,0xa4,
    0x2a,0xa4,0x2b,0xac,0x2b,0xac,0x2b,0xac,0x2b,0xac,0x4b,0xac,0x4b,0xac,0x4b,0xb4,
    0x6c,0xb4,0x8c,0xb4,0x8c,0xb4,0x8c,0xb4,0xac,0xbc,0xcd,0xbc,0xed,0xbc,0xed,0xc4,
    0x0d,0xc5,0x2d,0xcd,0x4e,0xcd,0x4e,0xd5,0x6f,0xd5,0x6f,0xd5,0x6f,0xd5,0x4e,0xcd,
    0x4e,0xc5,0x2e,0xc5,0x2d,0xc5,0x0d,0xc5,0xed,0xc4,0xcc,0xbc,0x6b,0xb4,0x2a,0xb4,
    0xe9,0xab,0xc8,0xa3,0x87,0x9b,0x05,0x93,0x05,0x93,0xe4,0x92,0xe4,0x8a,0x05,0x93,
    0x05,0x93,0x26,0x9b,0x26,0x9b,0x25,0x9b,0x25,0x9b,0x26,0x9b,0x05,0x9b,0xe5,0x9a,
    0xe5,0x9a,0xe5,0x9a,0x05,0x9b,0x06,0xa3,0x26,0xa3,0x46,0xa3,0x46,0xa3,0x46,0xa3,
    0x46,0xa3,0x46,0xa3,0x66,0xab,0x66,0xab,0x67,0xab,0x87,0xab,0x87,0xab,0x87,0xab,
    0x87,0xab,0x87,0xab,0x66,0xab,0x66,0xab,0x66,0xab,0x46,0xa3,0x46,0xab,0x46,0xab,
    0x46,0xab,0x46,0xa3,0x67,0xab,0x67,0xab,0x67,0xab,0x46,0xab,0x46,0xab,0x46,0xa3,
    0x46,0xa3,0x66,0xab,0x46,0xa3,0x46,0xa3,0x46,0xa3,0x26,0xa3,0x26,0xa3,0x26,0xa3,
    0x26,0xa3,0x26,0xa3,0x05,0x9b,0x05,0x9b,0x05,0x9b,0x25,0x9b,0x25,0x9b,0x25,0x9b,
    0x25,0x9b,0x25,0x9b,0x25,0x9b,0x05,0x9b,0x05,0x9b,0x05,0x9b,0x05,0x9b,0x05,0x9b,
    0x05,0x9b,0x05,0x9b,0x05,0x9b,0x05,0x9b,0x06,0x93,0x06,0x93,0x06,0x93,0x06,0x9b,
    0x06,0x9b,0x06,0x9b,0x06,0x9b,0x06,0x9b,0x06,0x9b,0x06,0x9b,0x06,0x9b,0x06,0x9b,
    0x06,0x9b,0x06,0x9b,0x06,0x9b,0xe6,0x92,0xe6,0x92,0xe5,0x92,0xe5,0x92,0xe6,0x92,
    0xe6,0x92,0xe5,0x92,0xe5,0x92,0xc5,0x92,0xc5,0x92,0xc5,0x92,0xc5,0x8a,0xc5,0x8a,
    0xc5,0x92,0xc5,0x92,0xe5,0x92,0xc5,0x8a,0xc4,0x8a,0xc5,0x8a,0xe5,0x92,0xc5,0x8a,
    0xc4,0x8a,0xc4,0x8a,0xa5,0x8a,0xa4,0x8a,0xa4,0x8a,0xa4,0x8a,0xa4,0x8a,0xa4,0x8a,
    0x84,0x82,0x06,0x93,0xcc,0xbc,0xcc,0xbc,0xcc,0xbc,0xcc,0xbc,0xcc,0xbc,0xcc,0xbc,
    0xcc,0xbc,0xcc,0xbc,0xcc,0xbc,0xcc,0xbc,0xcc,0xbc,0xcc,0xbc,0xcc,0xbc,0xcc,0xbc,
    0xcc,0xbc,0xcc,0xbc,0xcc,0xbc,0xcc,0xbc,0xcc,0xbc,0xcc,0xbc,0xcc,0xbc,0xcc,0xbc,
    0xcc,0xbc,0xcc,0xbc,0xcc,0xbc,0xcc,0xbc,0x8c,0xb4,0xca,0x93,0xca,0x93,0xca,0x93,
    0xca,0x93,0xca,0x93,0xca,0x93,0xca,0x93,0xca,0x93,0xca,0x93,0xca,0x93,0xaa,0x93,
    0xab,0x93,0xcb,0x93,0xab,0x93,0xab,0x93,0xab,0x93,0xab,0x93,0xcb,0x93,0xab,0x93,
    0xaa,0x93,0xaa,0x93,0xaa,0x93,0xaa,0x93,0xab,0x93,0xcb,0x93,0xaa,0x93,0xaa,0x93,
    0xaa,0x93,0xaa,0x93,0xaa,0x93,0xaa,0x93,0xaa,0x93,0xaa,0x93,0xab,0x9b,0xaa,0x93,
    0xaa,0x93,0xaa,0x93,0xaa,0x93,0xaa,0x93,0xaa,0x93,0x8a,0x93,0x8a,0x93,0x8a,0x8b,
    0x6a,0x8b,0x8a,0x93,0x8a,0x8b,0x69,0x8b,0x69,0x8b,0x69,0x8b,0x69,0x8b,0x49,0x8b,
    0x49,0x8b,0x49,0x8b,0x29,0x83,0x29,0x83,0x29,0x83,0x29,0x83,0x29,0x83,0xe8,0x7a,
    0xc7,0x7a,0xc7,0x7a,0xc7,0x72,0xa7,0x72,0xa7,0x72,0x87,0x72,0x87,0x72,0x66,0x6a,
    0x66,0x6a,0x46,0x6a,0x46,0x6a,0x46,0x6a,0x25,0x62,0xe4,0x59,0xe4,0x59,0xe4,0x59,
    0xa3,0x51,0x82,0x51,0x62,0x49,0x62,0x51,0x63,0x51,0x62,0x51,0x62,0x51,0x62,0x51,
    0x62,0x51,0x42,0x49,0x42,0x49,0x42,0x49,0x42,0x49,0x42,0x49,0x42,0x49,0x22,0x49,
    0x22,0x49,0x42,0x49,0x42,0x49,0x42,0x49,0x21,0x49,0x21,0x49,0x42,0x49,0x62,0x51,
    0xa3,0x59,0x25,0x6a,0xc7,0x7a,0x48,0x8b,0x69,0x93,0x89,0x93,0xa9,0x93,0xa9,0x9b,
    0xc9,0x9b,0xca,0x9b,0xca,0x9b,0xea,0xa3,0xea,0xa3,0x0b,0xa4,0x2b,0xac,0x4c,0xac,
    0x4c,0xac,0x2b,0xa4,0x2b,0xa4,0x0b,0xa4,0x0b,0xa4,0x0b,0xa4,0x0a,0xa4,0xea,0xa3,
    0xea,0x9b,0xea,0x9b,0xea,0x9b,0xea,0x9b,0xea,0x9b,0xea,0x9b,0xea,0x9b,0x0a,0xa4,
    0x0a,0xa4,0x0a,0xa4,0x2a,0xa4,0x2a,0xa4,0x2a,0xa4,0x2a,0xa4,0x2a,0xa4,0x0a,0xa4,
    0x0a,0xa4,0x0a,0xac,0x2b,0xac,0x4b,0xb4,0x4b,0xb4,0x4b,0xac,0x4b,0xb4,0x6b,0xb4,
    0x6b,0xb4,0x6b,0xb4,0x6b,0xb4,0x8c,0xb4,0xac,0xb4,0xcd,0xbc,0xcd,0xbc,0xed,0xbc,
    0xed,0xc4,0x0d,0xcd,0x2e,0xcd,0x4e,0xcd,0x4e,0xd5,0x4e,0xcd,0x4e,0xcd,0x4e,0xcd,
    0x2d,0xc5,0x0d,0xc5,0xec,0xbc,0xcc,0xbc,0x8b,0xb4,0x2a,0xac,0x87,0x9b,0x26,0x8b,
    0xe5,0x8a,0xe5,0x8a,0xc4,0x82,0xa3,0x82,0xa3,0x82,0xa3,0x8a,0xc4,0x8a,0x05,0x93,
    0x05,0x93,0x26,0x9b,0x46,0x9b,0x46,0x9b,0x46,0xa3,0x46,0xa3,0x26,0xa3,0x06,0xa3,
    0x06,0xa3,0x05,0x9b,0x26,0xa3,0x26,0xa3,0x46,0xa3,0x47,0xab,0x66,0xab,0x66,0xab,
    0x66,0xab,0x66,0xab,0x66,0xab,0x67,0xab,0x87,0xab,0x87,0xab,0x87,0xab,0x87,0xab,
    0x87,0xab,0x87,0xab,0x67,0xab,0x67,0xab,0x66,0xab,0x66,0xab,0x67,0xab,0x67,0xab,
    0x67,0xab,0x67,0xab,0x67,0xab,0x87,0xab,0x87,0xab,0x67,0xab,0x67,0xab,0x66,0xab,
    0x66,0xab,0x67,0xab,0x66,0xab,0x66,0xab,0x46,0xa3,0x46,0xa3,0x46,0xa3,0x46,0xa3,
    0x46,0xa3,0x46,0xa3,0x26,0xa3,0x25,0xa3,0x26,0x9b,0x26,0x9b,0x26,0x9b,0x26,0x9b,
    0x26,0x9b,0x26,0x9b,0x26,0x9b,0x25,0x9b,0x26,0x9b,0x26,0x9b,0x26,0x9b,0x26,0x9b,
    0x05,0x9b,0x26,0x9b,0x26,0x9b,0x26,0x9b,0x26,0x9b,0x26,0x9b,0x26,0x9b,0x26,0x9b,
    0x06,0x9b,0x06,0x9b,0x06,0x9b,0x26,0x9b,0x26,0x9b,0x26,0x9b,0x26,0x9b,0x26,0x9b,
    0x26,0x9b,0x26,0x9b,0x26,0x9b,0x06,0x93,0x06,0x93,0xe6,0x92,0xe6,0x92,0x06,0x93,
    0x06,0x93,0xe6,0x92,0xe5,0x92,0xe5,0x92,0xe5,0x92,0xe5,0x92,0xe5,0x92,0xe5,0x92,
    0xe5,0x92,0xe5,0x92,0xe5,0x92,0xc5,0x8a,0xc4,0x8a,0xc5,0x8a,0xe5,0x92,0xc5,0x8a,
    0xc4,0x8a,0xc4,0x8a,0xa4,0x8a,0xa5,0x8a,0xc5,0x8a,0xc5,0x92,0xa5,0x8a,0xa5,0x8a,
    0x84,0x8a,0x06,0x93,0xac,0xbc,0xcc,0xbc,0xcc,0xbc,0xcc,0xbc,0xcc,0xbc,0xcc,0xbc,
    0xcc,0xbc,0xcc,0xbc,0xcc,0xbc,0xcc,0xbc,0xcc,0xbc,0xcc,0xbc,0xcc,0xbc,0xcc,0xbc,
    0xcc,0xbc,0xcc,0xbc,0xcc,0xbc,0xcc,0xbc,0xcc,0xbc,0xcc,0xbc,0xcc,0xbc,0xcc,0xbc,
    0xcc,0xbc,0xcc,0xbc,0xcc,0xbc,0xcc,0xbc,0x8c,0xb4,0xca,0x93,0xca,0x93,0xcb,0x9b,
    0xcb,0x9b,0xcb,0x9b,0xcb,0x9b,0xca,0x93,0xca,0x93,0xca,0x93,0xca,0x93,0xab,0x93,
    0xcb,0x93,0xcb,0x9b,0xcb,0x93,0xcb,0x93,0xcb,0x93,0xcb,0x93,0xcb,0x93,0xab,0x93,
    0xaa,0x93,0xaa,0x93,0xab,0x93,0xab,0x93,0xcb,0x93,0xcb,0x93,0xca,0x93,0xaa,0x93,
    0xaa,0x93,0xaa,0x93,0xca,0x93,0xca,0x93,0xca,0x93,0xaa,0x93,0xaa,0x93,0xaa,0x93,
    0x8a,0x93,0xaa,0x93,0xaa,0x93,0xaa,0x93,0xaa,0x93,0xab,0x93,0xab,0x93,0xaa,0x93,
    0xaa,0x93,0xaa,0x93,0x8a,0x93,0x8a,0x93,0x8a,0x93,0x8a,0x93,0x89,0x93,0x89,0x8b,
    0x69,0x8b,0x69,0x8b,0x49,0x8b,0x49,0x8b,0x49,0x83,0x69,0x8b,0x49,0x83,0x28,0x83,
    0x28,0x83,0x29,0x83,0x28,0x83,0x08,0x83,0x08,0x83,0x08,0x83,0x08,0x83,0x08,0x83,
    0xe8,0x7a,0xa7,0x72,0xc7,0x7a,0xc8,0x7a,0xa7,0x72,0x86,0x6a,0x66,0x6a,0x66,0x6a,
    0x45,0x62,0x25,0x62,0x04,0x5a,0xe4,0x59,0xc4,0x59,0xc4,0x59,0xc4,0x59,0xa4,0x59,
    0x83,0x51,0x63,0x51,0x62,0x49,0x42,0x49,0x42,0x49,0x42,0x49,0x42,0x49,0x21,0x49,
    0x22,0x49,0x22,0x49,0x42,0x49,0x42,0x49,0x21,0x49,0x21,0x49,0x41,0x49,0x62,0x49,
    0xa3,0x51,0x04,0x62,0x86,0x72,0x28,0x83,0x48,0x8b,0x69,0x93,0xa9,0x93,0xa9,0x93,
    0xa9,0x9b,0xca,0x9b,0xca,0x9b,0xea,0xa3,0xea,0xa3,0xea,0xa3,0x0b,0xa4,0x2b,0xac,
    0x2b,0xac,0x2b,0xa4,0x2b,0xac,0x2b,0xa4,0x2b,0xa4,0x2b,0xa4,0x2b,0xa4,0x0b,0xa4,
    0x0a,0xa4,0xea,0xa3,0xea,0xa3,0xea,0xa3,0xea,0xa3,0xea,0x9b,0xea,0x9b,0x0a,0xa4,
    0x0a,0xa4,0x0a,0xa4,0x2a,0xa4,0x2a,0xa4,0x2a,0xa4,0x2a,0xa4,0x2a,0xa4,0x0a,0xa4,
    0x0a,0xa4,0x0a,0xac,0x2b,0xac,0x6b,0xb4,0x4b,0xb4,0x4b,0xac,0x4b,0xb4,0x6c,0xb4,
    0x6b,0xb4,0x6b,0xb4,0x6b,0xb4,0x8c,0xb4,0xac,0xb4,0xac,0xbc,0xcd,0xbc,0xed,0xbc,
    0xed,0xc4,0x0d,0xcd,0x2e,0xcd,0x4e,0xcd,0x2e,0xcd,0x2e,0xcd,0x2e,0xcd,0x2e,0xc5,
    0x0d,0xc5,0xed,0xbc,0xac,0xbc,0x6b,0xb4,0x2a,0xac,0x87,0x93,0xe5,0x82,0x63,0x7a,
    0x43,0x7a,0x84,0x82,0x84,0x82,0xc4,0x8a,0xc4,0x8a,0xe4,0x92,0x05,0x93,0x46,0x9b,
    0x46,0x9b,0x26,0x9b,0x46,0x9b,0x66,0xa3,0x66,0xa3,0x46,0xa3,0x46,0xa3,0x46,0xa3,
    0x46,0xa3,0x46,0xa3,0x46,0xa3,0x46,0xa3,0x67,0xab,0x67,0xab,0x87,0xab,0x67,0xab,
    0x87,0xab,0x87,0xab,0x67,0xab,0x67,0xab,0x87,0xab,0x87,0xab,0x87,0xab,0x87,0xab,
    0x87,0xab,0x87,0xab,0x67,0xab,0x67,0xab,0x67,0xab,0x67,0xab,0x67,0xab,0x67,0xab,
    0x67,0xab,0x66,0xab,0x66,0xab,0x66,0xab,0x67,0xab,0x87,0xab,0x87,0xab,0x67,0xab,
    0x67,0xab,0x66,0xab,0x46,0xa3,0x46,0xa3,0x46,0xa3,0x66,0xab,0x66,0xab,0x66,0xab,
    0x66,0xab,0x66,0xab,0x46,0xa3,0x46,0xa3,0x46,0xa3,0x46,0x9b,0x46,0x9b,0x46,0x9b,
    0x46,0x9b,0x46,0x9b,0x46,0x9b,0x46,0x9b,0x46,0xa3,0x46,0xa3,0x46,0xa3,0x46,0xa3,
    0x26,0x9b,0x26,0x9b,0x26,0xa3,0x26,0x9b,0x46,0x9b,0x46,0x9b,0x46,0x9b,0x26,0x9b,
    0x05,0x9b,0x05,0x9b,0x05,0x9b,0x26,0x9b,0x26,0x9b,0x26,0x9b,0x26,0x9b,0x26,0x9b,
    0x26,0x9b,0x26,0x9b,0x26,0x9b,0x06,0x9b,0x06,0x93,0x06,0x93,0x06,0x93,0x06,0x9b,
    0x06,0x93,0x06,0x93,0xe5,0x92,0xe5,0x92,0xe5,0x92,0xe5,0x92,0xe5,0x92,0xe5,0x92,
    0xe5,0x92,0x05,0x93,0xe5,0x92,0xc5,0x8a,0xc4,0x8a,0xc5,0x8a,0xe5,0x92,0xc5,0x8a,
    0xc5,0x8a,0xc4,0x8a,0xa4,0x8a,0xc5,0x8a,0xc5,0x92,0xe5,0x92,0xe5,0x92,0xe5,0x92,
    0xc5,0x92,0x26,0x93,0xac,0xbc,0xcc,0xbc,0xcc,0xbc,0xcc,0xbc,0xcc,0xbc,0xcc,0xbc,
    0xcc,0xbc,0xcc,0xbc,0xcc,0xbc,0xcc,0xbc,0xcc,0xbc,0xcc,0xbc,0xcc,0xbc,0xcc,0xbc,
    0xcc,0xbc,0xcc,0xbc,0xcc,0xbc,0xcc,0xbc,0xcc,0xbc,0xcc,0xbc,0xcc,0xbc,0xcc,0xbc,
    0xcc,0xbc,0xcc,0xbc,0xcc,0xbc,0xcc,0xbc,0x8c,0xb4,0xca,0x93,0xca,0x93,0xaa,0x93,
    0xca,0x93,0xcb,0x9b,0xcb,0x9b,0xcb,0x9b,0xcb,0x9b,0xcb,0x9b,0xcb,0x93,0xab,0x93,
    0xcb,0x93,0xcb,0x9b,0xcb,0x9b,0xab,0x93,0xaa,0x93,0xaa,0x93,0xab,0x93,0xab,0x93,
    0xab,0x93,0xab,0x93,0xab,0x93,0xab,0x93,0xaa,0x93,0xaa,0x93,0xaa,0x93,0xaa,0x93,
    0xca,0x93,0xcb,0x9b,0xcb,0x9b,0xcb,0x9b,0xca,0x93,0xcb,0x9b,0xcb,0x9b,0xaa,0x93,
    0x8a,0x93,0x8a,0x93,0xaa,0x93,0xab,0x9b,0xcb,0x9b,0xab,0x93,0xab,0x93,0xcb,0x93,
    0xcb,0x9b,0xab,0x93,0xaa,0x93,0xaa,0x93,0xaa,0x93,0xaa,0x93,0xaa,0x93,0x89,0x8b,
    0x89,0x8b,0x8a,0x8b,0x6a,0x8b,0x6a,0x8b,0x69,0x8b,0x49,0x83,0x49,0x83,0x49,0x83,
    0x49,0x83,0x49,0x83,0x49,0x83,0x49,0x83,0x29,0x83,0x29,0x83,0x29,0x83,0x29,0x83,
    0x29,0x83,0x08,0x83,0x08,0x83,0x08,0x7b,0xe8,0x7a,0xe8,0x7a,0xe8,0x7a,0xe8,0x7a,
    0xe8,0x7a,0xc7,0x72,0xa7,0x72,0x86,0x72,0x66,0x6a,0x46,0x6a,0x46,0x6a,0x25,0x62,
    0x25,0x62,0x05,0x62,0xe4,0x59,0xa3,0x51,0x83,0x51,0x83,0x51,0x83,0x51,0x62,0x49,
    0x62,0x49,0x62,0x49,0x62,0x49,0x62,0x49,0x21,0x41,0x21,0x41,0x41,0x49,0x41,0x49,
    0x62,0x49,0xa3,0x51,0x24,0x62,0xe7,0x82,0x49,0x8b,0x69,0x8b,0x89,0x93,0x89,0x93,
    0x89,0x93,0xaa,0x9b,0xea,0x9b,0xea,0x9b,0xca,0x9b,0xca,0x9b,0xea,0x9b,0x0b,0xa4,
    0x2b,0xac,0x2b,0xac,0x4b,0xac,0x2b,0xac,0x2b,0xa4,0x2b,0xa4,0x0b,0xa4,0x0b,0xa4,
    0x0b,0xa4,0x0a,0xa4,0x0a,0xa4,0x0a,0xa4,0x0a,0xa4,0x0a,0xa4,0x0a,0xa4,0x0b,0xa4,
    0x2b,0xa4,0x2a,0xa4,0x2a,0xa4,0x2a,0xa4,0x2a,0xa4,0x2a,0xa4,0x2b,0xac,0x2b,0xac,
    0x2b,0xac,0x2b,0xac,0x2b,0xac,0x4b,0xac,0x4b,0xb4,0x4b,0xb4,0x6b,0xb4,0x6c,0xb4,
    0x8c,0xb4,0x8c,0xb4,0x8c,0xb4,0x8c,0xb4,0x8c,0xb4,0xac,0xb4,0xad,0xbc,0xcd,0xbc,
    0xed,0xc4,0x2e,0xcd,0x4e,0xcd,0x4e,0xcd,0x2e,0xcd,0x2e,0xcd,0x0d,0xc5,0x0d,0xc5,
    0xed,0xbc,0xac,0xbc,0x6b,0xb4,0xe9,0xa3,0x67,0x93,0xc5,0x82,0xa4,0x82,0xa4,0x82,
    0xa4,0x82,0xc5,0x8a,0xe5,0x92,0x05,0x93,0x26,0x9b,0x46,0x9b,0x46,0x9b,0x66,0xa3,
    0x66,0x9b,0x66,0x9b,0x46,0xa3,0x66,0xa3,0x66,0xa3,0x66,0xa3,0x46,0xa3,0x46,0xa3,
    0x46,0xa3,0x46,0xa3,0x67,0xa3,0x67,0xa3,0x67,0xa3,0x67,0xa3,0x66,0xa3,0x46,0xa3,
    0x46,0xa3,0x67,0xab,0x87,0xab,0x87,0xab,0x87,0xab,0xa7,0xb3,0x87,0xab,0x87,0xab,
    0x87,0xab,0x87,0xab,0x67,0xab,0x66,0xab,0x67,0xab,0x87,0xab,0x87,0xab,0x66,0xab,
    0x66,0xab,0x66,0xab,0x66,0xab,0x66,0xab,0x66,0xab,0x67,0xab,0x67,0xab,0x66,0xab,
    0x66,0xab,0x46,0xa3,0x46,0xa3,0x46,0xa3,0x46,0xa3,0x66,0xab,0x46,0xa3,0x46,0xa3,
    0x46,0xa3,0x46,0xa3,0x46,0xa3,0x46,0xa3,0x46,0xa3,0x46,0xa3,0x66,0xa3,0x66,0xa3,
    0x66,0xa3,0x66,0xa3,0x66,0xa3,0x66,0xa3,0x67,0xa3,0x87,0xab,0x87,0xab,0x66,0xa3,
    0x46,0xa3,0x46,0xa3,0x46,0xa3,0x46,0xa3,0x46,0xa3,0x46,0xa3,0x46,0xa3,0x46,0x9b,
    0x26,0x9b,0x26,0x9b,0x26,0x9b,0x26,0x9b,0x26,0x9b,0x26,0x9b,0x26,0x9b,0x26,0x9b,
    0x26,0x9b,0x26,0x9b,0x26,0x9b,0x26,0x9b,0x06,0x9b,0x06,0x93,0x06,0x93,0x06,0x9b,
    0x06,0x93,0x05,0x93,0x05,0x93,0xe5,0x92,0xe5,0x92,0xe5,0x92,0xe5,0x92,0xe5,0x92,
    0xe5,0x92,0xe5,0x92,0xe5,0x92,0xe5,0x92,0xe5,0x92,0xe5,0x92,0x05,0x93,0xe5,0x92,
    0xe5,0x92,0xe5,0x92,0xe5,0x92,0xe5,0x92,0xe5,0x92,0xe5,0x92,0xe6,0x92,0xe6,0x92,
    0xc5,0x92,0x26,0x93,0xcc,0xbc,0xcc,0xbc,0xac,0xbc,0xcc,0xbc,0xcc,0xbc,0xcc,0xbc,
    0xcc,0xbc,0xcc,0xbc,0xcc,0xbc,0xcc,0xbc,0xcc,0xbc,0xcc,0xbc,0xcc,0xbc,0xcc,0xbc,
    0xcc,0xbc,0xcc,0xbc,0xcc,0xbc,0xcc,0xbc,0xcc,0xbc,0xcc,0xbc,0xcc,0xbc,0xcc,0xbc,
    0xcc,0xbc,0xcc,0xbc,0xcc,0xbc,0xcc,0xbc,0x8c,0xb4,0xca,0x93,0xca,0x93,0xaa,0x93,
    0xca,0x93,0xcb,0x9b,0xcb,0x9b,0xca,0x93,0xca,0x93,0xca,0x93,0xca,0x93,0xab,0x93,
    0xcb,0x93,0xcb,0x9b,0xcb,0x9b,0xab,0x93,0xaa,0x93,0xaa,0x93,0xab,0x93,0xab,0x93,
    0xab,0x93,0xab,0x93,0xaa,0x93,0xaa,0x93,0xaa,0x93,0xaa,0x93,0xaa,0x93,0xaa,0x93,
    0xca,0x93,0xca,0x93,0xcb,0x9b,0xca,0x93,0xca,0x93,0xca,0x93,0xab,0x9b,0xaa,0x93,
    0xaa,0x93,0xaa,0x93,0xaa,0x93,0xcb,0x9b,0xcb,0x9b,0xcb,0x93,0xab,0x93,0xcb,0x93,
    0xcb,0x9b,0xab,0x93,0xaa,0x93,0xaa,0x93,0xaa,0x93,0xaa,0x93,0xa9,0x93,0xaa,0x93,
    0x8a,0x93,0x8a,0x93,0x8a,0x8b,0x8a,0x8b,0x8a,0x8b,0x69,0x83,0x69,0x83,0x69,0x83,
    0x49,0x83,0x49,0x83,0x49,0x83,0x49,0x83,0x49,0x83,0x49,0x83,0x49,0x83,0x49,0x83,
    0x69,0x8b,0x49,0x83,0x49,0x83,0x29,0x83,0x29,0x83,0x29,0x83,0x29,0x83,0x29,0x83,
    0x29,0x83,0x08,0x83,0x08,0x7b,0xe8,0x7a,0xc8,0x7a,0xc8,0x7a,0xa7,0x72,0xa7,0x72,
    0x87,0x72,0x86,0x72,0x66,0x6a,0x26,0x62,0x25,0x62,0x25,0x62,0x05,0x62,0xc4,0x59,
    0xc4,0x59,0xc4,0x59,0xc4,0x59,0xa3,0x51,0x62,0x49,0x62,0x49,0x62,0x49,0x62,0x49,
    0x62,0x49,0xa3,0x51,0xe4,0x59,0xc7,0x7a,0x6a,0x93,0x69,0x93,0x89,0x93,0x89,0x93,
    0x89,0x93,0xaa,0x9b,0xca,0x9b,0xca,0x9b,0xca,0x9b,0xca,0x9b,0xca,0x9b,0xea,0x9b,
    0xea,0xa3,0x0b,0xa4,0x2b,0xa4,0x2b,0xa4,0x0b,0xa4,0x0b,0xa4,0x0a,0xa4,0xea,0xa3,
    0xea,0xa3,0xea,0x9b,0xea,0x9b,0xea,0xa3,0x0a,0xa4,0x0a,0xa4,0x0a,0xa4,0x0b,0xa4,
    0x2b,0xa4,0x2a,0xa4,0x2a,0xa4,0x2a,0xa4,0x2a,0xa4,0x2a,0xa4,0x2b,0xac,0x2b,0xac,
    0x2b,0xac,0x2b,0xac,0x4b,0xac,0x4b,0xb4,0x4b,0xb4,0x4b,0xb4,0x6b,0xb4,0x6c,0xb4,
    0x8c,0xb4,0x8c,0xb4,0x8c,0xb4,0x8c,0xb4,0x8c,0xb4,0xac,0xb4,0xac,0xbc,0xcd,0xbc,
    0x0d,0xc5,0x4e,0xcd,0x4e,0xd5,0x4e,0xcd,0x2e,0xcd,0x0d,0xc5,0xed,0xc4,0xcc,0xbc,
    0x8c,0xb4,0x6b,0xb4,0x0a,0xac,0x47,0x93,0xc5,0x82,0xa5,0x82,0xa5,0x82,0xe5,0x8a,
    0xe6,0x92,0x06,0x93,0x26,0x9b,0x26,0x9b,0x26,0x9b,0x46,0x9b,0x46,0x9b,0x46,0x9b,
    0x66,0x9b,0x66,0xa3,0x67,0xa3,0x67,0xa3,0x67,0xa3,0x67,0xa3,0x66,0xa3,0x66,0xa3,
    0x67,0xa3,0x67,0xa3,0x67,0xa3,0x67,0xa3,0x67,0xa3,0x67,0xa3,0x46,0xa3,0x25,0xa3,
    0x26,0xa3,0x66,0xab,0x67,0xab,0x67,0xab,0x87,0xab,0x87,0xab,0x87,0xab,0x87,0xab,
    0x87,0xab,0x87,0xab,0x67,0xab,0x66,0xab,0x67,0xab,0x87,0xab,0x87,0xab,0x87,0xab,
    0x66,0xab,0x86,0xab,0x86,0xab,0x86,0xab,0x87,0xab,0x67,0xab,0x67,0xab,0x67,0xab,
    0x66,0xab,0x66,0xab,0x66,0xab,0x46,0xa3,0x66,0xab,0x66,0xab,0x46,0xa3,0x46,0xa3,
    0x46,0xa3,0x46,0xa3,0x46,0xa3,0x46,0xa3,0x46,0xa3,0x46,0xa3,0x66,0xa3,0x66,0xa3,
    0x66,0xa3,0x66,0xa3,0x66,0xa3,0x66,0xa3,0x66,0xa3,0x87,0xab,0x67,0xab,0x46,0xa3,
    0x67,0xa3,0x67,0xa3,0x67,0xa3,0x66,0xa3,0x46,0xa3,0x46,0xa3,0x46,0xa3,0x46,0x9b,
    0x26,0x9b,0x26,0x9b,0x26,0x9b,0x26,0x9b,0x26,0x9b,0x26,0x9b,0x26,0x9b,0x26,0x9b,
    0x26,0x9b,0x26,0x9b,0x26,0x9b,0x26,0x9b,0x26,0x9b,0x26,0x9b,0x26,0x9b,0x26,0x9b,
    0x05,0x9b,0x05,0x93,0x05,0x93,0xe5,0x92,0x05,0x93,0x05,0x93,0x05,0x93,0x05,0x93,
    0x05,0x93,0x05,0x93,0x05,0x93,0x05,0x93,0x05,0x93,0xe5,0x92,0x05,0x93,0x05,0x93,
    0x05,0x93,0x05,0x93,0x06,0x9b,0x06,0x9b,0x06,0x9b,0x06,0x93,0xe6,0x92,0xe6,0x92,
    0xe5,0x92,0x46,0x93,0xcc,0xbc,0xcc,0xbc,0xac,0xbc,0xcc,0xbc,0xcc,0xbc,0xcc,0xbc,
    0xcc,0xbc,0xcc,0xbc,0xcc,0xbc,0xcc,0xbc,0xcc,0xbc,0xcc,0xbc,0xcc,0xbc,0xcc,0xbc,
    0xcc,0xbc,0xcc,0xbc,0xcc,0xbc,0xcc,0xbc,0xcc,0xbc,0xcc,0xbc,0xcc,0xbc,0xcc,0xbc,
    0xcc,0xbc,0xcc,0xbc,0xcc,0xbc,0xcc,0xbc,0x8c,0xb4,0xca,0x93,0xca,0x93,0xaa,0x93,
    0xca,0x93,0xcb,0x9b,0xcb,0x9b,0xca,0x93,0xca,0x93,0xca,0x93,0xca,0x93,0xab,0x93,
    0xcb,0x93,0xcb,0x9b,0xcb,0x9b,0xab,0x93,0xaa,0x93,0xaa,0x93,0xab,0x93,0xab,0x93,
    0xab,0x93,0xab,0x93,0xaa,0x93,0xaa,0x93,0x8a,0x93,0x8a,0x93,0xaa,0x93,0xaa,0x93,
    0xca,0x93,0xca,0x93,0xca,0x93,0xca,0x93,0xaa,0x93,0xaa,0x93,0xaa,0x93,0xaa,0x93,
    0xaa,0x93,0xaa,0x93,0xab,0x9b,0xcb,0x9b,0xcb,0x9b,0xcb,0x93,0xab,0x93,0xcb,0x93,
    0xcb,0x9b,0xab,0x93,0xaa,0x93,0xaa,0x93,0xaa,0x93,0xa9,0x93,0xaa,0x93,0xca,0x93,
    0xca,0x93,0xaa,0x93,0x8a,0x93,0x8a,0x93,0x8a,0x8b,0x89,0x8b,0x89,0x8b,0x69,0x83,
    0x69,0x83,0x69,0x83,0x69,0x83,0x69,0x83,0x69,0x83,0x69,0x83,0x69,0x83,0x69,0x83,
    0x6a,0x8b,0x69,0x8b,0x49,0x83,0x49,0x83,0x49,0x83,0x49,0x83,0x49,0x83,0x49,0x83,
    0x29,0x83,0x29,0x83,0x29,0x83,0x29,0x83,0x08,0x83,0x08,0x7b,0xe8,0x7a,0xc7,0x7a,
    0xc7,0x7a,0xc7,0x7a,0xc7,0x7a,0xc8,0x72,0xa8,0x72,0xa7,0x72,0xa7,0x72,0x66,0x6a,
    0x66,0x6a,0x66,0x6a,0x66,0x6a,0x46,0x62,0x05,0x5a,0x04,0x5a,0xe4,0x59,0xc3,0x51,
    0xc3,0x59,0xe4,0x59,0x04,0x62,0xc7,0x7a,0x6a,0x93,0x6a,0x93,0x8a,0x93,0x69,0x93,
    0x89,0x93,0xaa,0x93,0xa9,0x9b,0xc9,0x9b,0xca,0x9b,0xea,0xa3,0xea,0xa3,0xea,0xa3,
    0xea,0xa3,0xea,0xa3,0x0b,0xa4,0x0a,0xa4,0x0a,0xa4,0xea,0x9b,0xea,0x9b,0xea,0x9b,
    0xca,0x9b,0xea,0x9b,0xea,0x9b,0xea,0x9b,0xea,0x9b,0x0a,0xa4,0x0a,0xa4,0x0b,0xa4,
    0x2b,0xa4,0x2a,0xa4,0x2a,0xa4,0x2a,0xa4,0x2a,0xa4,0x2a,0xa4,0x2b,0xac,0x2b,0xac,
    0x2b,0xac,0x2b,0xac,0x4b,0xac,0x4b,0xb4,0x4b,0xb4,0x4b,0xb4,0x6b,0xb4,0x6c,0xb4,
    0x6b,0xb4,0x6b,0xb4,0x6b,0xb4,0x6b,0xb4,0x8c,0xb4,0x8c,0xb4,0xac,0xbc,0xcc,0xbc,
    0xed,0xc4,0x2e,0xcd,0x2e,0xcd,0x2e,0xcd,0x0d,0xcd,0xed,0xc4,0xac,0xbc,0x8b,0xb4,
    0x4b,0xac,0x0a,0xa4,0x68,0x93,0xc5,0x82,0x84,0x7a,0xa5,0x82,0xc5,0x82,0xa5,0x82,
    0xa5,0x8a,0xc5,0x8a,0xe5,0x92,0xe6,0x92,0xe5,0x92,0xe5,0x92,0xe5,0x92,0x05,0x93,
    0x25,0x9b,0x46,0x9b,0x66,0xa3,0x46,0xa3,0x46,0xa3,0x46,0xa3,0x46,0xa3,0x46,0xa3,
    0x46,0xa3,0x66,0xa3,0x67,0xa3,0x67,0xa3,0x67,0xa3,0x67,0xa3,0x46,0xa3,0x26,0xa3,
    0x46,0xa3,0x66,0xab,0x46,0xa3,0x66,0xab,0x67,0xab,0x67,0xab,0x67,0xab,0x67,0xab,
    0x67,0xab,0x67,0xab,0x67,0xab,0x66,0xab,0x67,0xab,0x87,0xab,0x87,0xab,0x86,0xab,
    0x86,0xab,0x86,0xab,0x87,0xab,0x87,0xab,0x87,0xab,0x87,0xab,0x87,0xab,0x67,0xab,
    0x67,0xab,0x67,0xab,0x67,0xab,0x66,0xab,0x66,0xab,0x66,0xab,0x46,0xa3,0x46,0xa3,
    0x46,0xa3,0x46,0xa3,0x46,0xa3,0x46,0xa3,0x46,0xa3,0x46,0xa3,0x66,0xa3,0x66,0xa3,
    0x66,0xa3,0x66,0xa3,0x66,0xa3,0x66,0xa3,0x46,0xa3,0x67,0xa3,0x67,0xa3,0x46,0xa3,
    0x67,0xa3,0x67,0xa3,0x67,0xa3,0x66,0xa3,0x46,0xa3,0x46,0xa3,0x46,0xa3,0x46,0x9b,
    0x46,0x9b,0x46,0x9b,0x46,0x9b,0x46,0x9b,0x46,0x9b,0x46,0x9b,0x46,0x9b,0x46,0x9b,
    0x46,0x9b,0x46,0x9b,0x26,0x9b,0x26,0x9b,0x26,0x9b,0x26,0x9b,0x26,0x9b,0x26,0x9b,
    0x25,0x9b,0x05,0x9b,0x05,0x93,0x05,0x93,0x06,0x93,0x06,0x93,0x06,0x93,0x06,0x9b,
    0x06,0x9b,0x06,0x9b,0x06,0x93,0x06,0x93,0x06,0x93,0x05,0x93,0x05,0x93,0x05,0x93,
    0x05,0x93,0x06,0x93,0x06,0x93,0x06,0x93,0x06,0x93,0x06,0x93,0x06,0x93,0x06,0x93,
    0xe5,0x92,0x47,0x9b,0xcc,0xbc,0xcc,0xbc,0xac,0xbc,0xcc,0xbc,0xcc,0xbc,0xcc,0xbc,
    0xcc,0xbc,0xcc,0xbc,0xcc,0xbc,0xcc,0xbc,0xcc,0xbc,0xcc,0xbc,0xcc,0xbc,0xcc,0xbc,
    0xcc,0xbc,0xcc,0xbc,0xcc,0xbc,0xcc,0xbc,0xcc,0xbc,0xcc,0xbc,0xcc,0xbc,0xcc,0xbc,
    0xcc,0xbc,0xcc,0xbc,0xcc,0xbc,0xcc,0xbc,0x8c,0xb4,0xca,0x93,0xca,0x93,0xaa,0x93,
    0xca,0x93,0xcb,0x9b,0xcb,0x9b,0xca,0x93,0xca,0x93,0xca,0x93,0xca,0x93,0xab,0x93,
    0xcb,0x93,0xcb,0x93,0xcb,0x9b,0xab,0x93,0xaa,0x93,0xaa,0x93,0xab,0x93,0xab,0x93,
    0xab,0x93,0xab,0x93,0xaa,0x93,0xaa,0x93,0x8a,0x93,0x8a,0x93,0xaa,0x93,0xaa,0x93,
    0xca,0x93,0xca,0x93,0xca,0x93,0xca,0x93,0xaa,0x93,0xaa,0x93,0x8a,0x93,0xaa,0x93,
    0xab,0x9b,0xab,0x9b,0xcb,0x9b,0xcb,0x9b,0xcb,0x9b,0xcb,0x93,0xcb,0x93,0xcb,0x93,
    0xcb,0x93,0xab,0x93,0xaa,0x93,0xaa,0x93,0xaa,0x93,0xaa,0x93,0xaa,0x93,0xca,0x93,
    0xca,0x93,0xaa,0x93,0xaa,0x93,0x8a,0x93,0x8a,0x8b,0x8a,0x8b,0x89,0x8b,0x89,0x8b,
    0x69,0x83,0x69,0x83,0x69,0x83,0x69,0x83,0x69,0x83,0x69,0x8b,0x69,0x8b,0x69,0x8b,
    0x69,0x83,0x49,0x83,0x49,0x83,0x49,0x83,0x49,0x83,0x49,0x83,0x49,0x83,0x49,0x83,
    0x49,0x83,0x49,0x83,0x49,0x83,0x49,0x83,0x49,0x83,0x29,0x83,0x29,0x83,0x08,0x7b,
    0x08,0x7b,0x08,0x83,0x08,0x83,0x08,0x7b,0x08,0x7b,0xe8,0x7a,0xe8,0x7a,0xc8,0x72,
    0xc8,0x72,0xc7,0x72,0xc7,0x72,0xa7,0x72,0x86,0x6a,0x86,0x6a,0x66,0x6a,0x45,0x6a,
    0x45,0x6a,0x65,0x6a,0x86,0x72,0x08,0x83,0x49,0x8b,0x69,0x93,0x69,0x93,0x69,0x93,
    0x69,0x93,0x89,0x93,0x89,0x93,0xa9,0x9b,0xca,0x9b,0xea,0xa3,0x0b,0xa4,0xeb,0xa3,
    0xea,0xa3,0xea,0xa3,0x0a,0xa4,0xea,0xa3,0xea,0x9b,0xea,0x9b,0xca,0x9b,0xca,0x9b,
    0xca,0x9b,0xca,0x9b,0xca,0x9b,0xea,0x9b,0xea,0x9b,0x0a,0xa4,0x0a,0xa4,0x0b,0xa4,
    0x2b,0xa4,0x2a,0xa4,0x2a,0xa4,0x2a,0xa4,0x2a,0xa4,0x2b,0xa4,0x2b,0xa4,0x2b,0xac,
    0x4b,0xac,0x4b,0xac,0x4b,0xac,0x6b,0xb4,0x4b,0xb4,0x4b,0xb4,0x6b,0xb4,0x6c,0xb4,
    0x6b,0xb4,0x6b,0xb4,0x6b,0xb4,0x6b,0xb4,0x8c,0xb4,0x8c,0xb4,0xac,0xb4,0xac,0xbc,
    0xcc,0xbc,0xed,0xc4,0x0d,0xc5,0x0d,0xc5,0xed,0xc4,0xac,0xbc,0x6b,0xb4,0x4b,0xac,
    0xea,0xa3,0x47,0x93,0xa5,0x7a,0x02,0x6a,0xe2,0x69,0x02,0x6a,0x02,0x6a,0x23,0x72,
    0x23,0x7a,0x44,0x7a,0x64,0x82,0x84,0x82,0x84,0x82,0x64,0x82,0x64,0x82,0xa4,0x8a,
    0xc4,0x8a,0x05,0x93,0x06,0x93,0x06,0x9b,0x26,0x9b,0x26,0x9b,0x26,0x9b,0x25,0x9b,
    0x26,0x9b,0x26,0x9b,0x25,0x9b,0x05,0x9b,0x25,0x9b,0x26,0x9b,0x26,0xa3,0x05,0x9b,
    0x05,0x9b,0x26,0xa3,0x46,0xa3,0x46,0xa3,0x66,0xab,0x66,0xab,0x46,0xa3,0x66,0xab,
    0x46,0xa3,0x66,0xab,0x66,0xab,0x66,0xab,0x66,0xab,0x87,0xab,0x87,0xab,0x86,0xab,
    0x86,0xab,0x87,0xab,0x87,0xab,0x87,0xab,0x87,0xab,0x87,0xab,0x87,0xab,0x87,0xab,
    0x87,0xab,0x67,0xab,0x67,0xab,0x66,0xab,0x66,0xab,0x67,0xab,0x66,0xa3,0x46,0xa3,
    0x46,0xa3,0x46,0xa3,0x46,0xa3,0x46,0xa3,0x46,0xa3,0x46,0xa3,0x46,0xa3,0x67,0xa3,
    0x67,0xa3,0x67,0xa3,0x67,0xa3,0x67,0xa3,0x46,0xa3,0x67,0xa3,0x46,0xa3,0x46,0xa3,
    0x46,0xa3,0x46,0xa3,0x46,0xa3,0x46,0xa3,0x46,0xa3,0x46,0xa3,0x46,0xa3,0x46,0xa3,
    0x46,0xa3,0x46,0xa3,0x46,0xa3,0x46,0x9b,0x46,0x9b,0x46,0x9b,0x46,0x9b,0x46,0x9b,
    0x46,0x9b,0x46,0x9b,0x46,0x9b,0x46,0x9b,0x46,0x9b,0x46,0x9b,0x26,0x9b,0x26,0x9b,
    0x26,0x9b,0x26,0x9b,0x06,0x9b,0x06,0x9b,0x06,0x9b,0x26,0x9b,0x26,0x9b,0x06,0x9b,
    0x06,0x9b,0x06,0x9b,0x26,0x9b,0x26,0x9b,0x06,0x93,0x06,0x93,0x06,0x93,0x06,0x93,
    0x06,0x93,0x06,0x93,0xe5,0x92,0xe5,0x92,0xe5,0x92,0xe6,0x92,0x06,0x93,0x06,0x93,
    0xe5,0x92,0x47,0x9b,0xcc,0xbc,0xcc,0xbc,0xac,0xbc,0xcc,0xbc,0xcc,0xbc,0xcc,0xbc,
    0xcc,0xbc,0xcc,0xbc,0xcc,0xbc,0xcc,0xbc,0xcc,0xbc,0xcc,0xbc,0xcc,0xbc,0xcc,0xbc,
    0xcc,0xbc,0xcc,0xbc,0xcc,0xbc,0xcc,0xbc,0xcc,0xbc,0xcc,0xbc,0xcc,0xbc,0xcc,0xbc,
    0xcc,0xbc,0xcc,0xbc,0xac,0xbc,0xcc,0xbc,0x8c,0xb4,0xca,0x9b,0xca,0x93,0xca,0x93,
    0xca,0x93,0xca,0x93,0xcb,0x9b,0xca,0x93,0xca,0x93,0xca,0x93,0xca,0x93,0xca,0x93,
    0xaa,0x93,0xaa,0x93,0xca,0x93,0xca,0x93,0xca,0x93,0xca,0x93,0xca,0x93,0xca,0x93,
    0xca,0x93,0xca,0x93,0xaa,0x93,0xaa,0x93,0xaa,0x93,0xaa,0x93,0xca,0x93,0xca,0x93,
    0xca,0x93,0xca,0x93,0xca,0x93,0xcb,0x9b,0xaa,0x93,0x8a,0x93,0xaa,0x93,0xaa,0x93,
    0xaa,0x93,0xab,0x9b,0xab,0x9b,0xcb,0x9b,0xcb,0x9b,0xcb,0x93,0xcb,0x93,0xcb,0x93,
    0xcb,0x93,0xcb,0x93,0xcb,0x93,0xcb,0x93,0xcb,0x93,0xca,0x93,0xaa,0x93,0xaa,0x93,
    0xaa,0x93,0xaa,0x93,0x8a,0x93,0x8a,0x93,0x8a,0x8b,0x8a,0x8b,0x89,0x8b,0x69,0x8b,
    0x69,0x8b,0x69,0x83,0x69,0x83,0x69,0x83,0x69,0x83,0x69,0x8b,0x69,0x8b,0x69,0x8b,
    0x69,0x83,0x69,0x83,0x69,0x83,0x49,0x83,0x49,0x83,0x49,0x83,0x49,0x83,0x49,0x83,
    0x49,0x83,0x49,0x83,0x29,0x83,0x29,0x83,0x49,0x83,0x49,0x83,0x49,0x83,0x29,0x83,
    0x29,0x83,0x29,0x83,0x29,0x83,0x28,0x7b,0x28,0x7b,0x28,0x7b,0x28,0x7b,0x08,0x7b,
    0x08,0x7b,0xe8,0x7a,0xe8,0x7a,0xc7,0x7a,0xc7,0x7a,0xc7,0x72,0xc7,0x7a,0xc7,0x7a,
    0xc7,0x7a,0xc7,0x7a,0xe8,0x7a,0x29,0x83,0x6a,0x8b,0x6a,0x8b,0x69,0x8b,0x49,0x8b,
    0x69,0x8b,0x69,0x8b,0x89,0x93,0x89,0x93,0x89,0x93,0xca,0x9b,0xea,0x9b,0xea,0x9b,
    0xca,0x9b,0xea,0x9b,0xeb,0xa3,0xea,0x9b,0xea,0x9b,0xca,0x9b,0xa9,0x93,0xa9,0x93,
    0xa9,0x93,0xaa,0x9b,0xca,0x9b,0xca,0x9b,0xea,0x9b,0xea,0xa3,0x0a,0xa4,0x0a,0xa4,
    0x0a,0xa4,0x2b,0xa4,0x2b,0xa4,0x2b,0xa4,0x2b,0xa4,0x2b,0xa4,0x0b,0xa4,0x2b,0xa4,
    0x6b,0xac,0x6b,0xac,0x6b,0xac,0x6b,0xac,0x6b,0xac,0x6b,0xac,0x6b,0xac,0x6b,0xac,
    0x6b,0xb4,0x6c,0xb4,0x6c,0xb4,0x6c,0xb4,0x8c,0xb4,0x8c,0xb4,0x6c,0xb4,0x6c,0xb4,
    0xcc,0xbc,0xcc,0xbc,0xcc,0xbc,0xcc,0xbc,0xac,0xbc,0x6c,0xb4,0x4b,0xac,0x0a,0xa4,
    0x68,0x9b,0xa5,0x82,0xe3,0x69,0x81,0x59,0x41,0x51,0x40,0x51,0x41,0x59,0xa2,0x69,
    0xa3,0x69,0xc3,0x71,0xe3,0x71,0xe3,0x71,0xe3,0x71,0x03,0x72,0x03,0x72,0x23,0x7a,
    0x43,0x7a,0x64,0x82,0x64,0x82,0x64,0x82,0x85,0x82,0xa5,0x8a,0xc5,0x8a,0xe5,0x8a,
    0xe5,0x92,0x05,0x93,0xc4,0x8a,0xc4,0x8a,0xe5,0x92,0x05,0x9b,0x06,0x9b,0x06,0x9b,
    0x05,0x9b,0x05,0x9b,0x05,0x9b,0x05,0x9b,0x24,0x9b,0x04,0x9b,0x24,0xa3,0x45,0xa3,
    0x65,0xab,0x65,0xab,0x66,0xab,0x86,0xab,0x86,0xab,0x87,0xb3,0x87,0xab,0x66,0xab,
    0x66,0xab,0x66,0xab,0x66,0xab,0x87,0xab,0xa7,0xb3,0x87,0xab,0x67,0xab,0x66,0xab,
    0x66,0xab,0x66,0xab,0x66,0xab,0x66,0xab,0x66,0xab,0x67,0xab,0x67,0xa3,0x67,0xa3,
    0x47,0xa3,0x46,0xa3,0x67,0xa3,0x67,0xa3,0x67,0xab,0x67,0xa3,0x47,0xa3,0x47,0xa3,
    0x67,0xa3,0x67,0xa3,0x47,0xa3,0x47,0xa3,0x46,0xa3,0x46,0xa3,0x46,0xa3,0x46,0xa3,
    0x46,0xa3,0x46,0xa3,0x46,0xa3,0x46,0xa3,0x46,0xa3,0x46,0xa3,0x46,0xa3,0x46,0xa3,
    0x46,0xa3,0x46,0xa3,0x46,0xa3,0x46,0xa3,0x46,0x9b,0x46,0x9b,0x46,0x9b,0x66,0xa3,
    0x66,0xa3,0x67,0xa3,0x67,0xa3,0x46,0xa3,0x46,0xa3,0x46,0xa3,0x46,0xa3,0x26,0xa3,
    0x26,0xa3,0x26,0xa3,0x26,0x9b,0x26,0x9b,0x26,0xa3,0x46,0xa3,0x26,0xa3,0x06,0x9b,
    0x06,0x9b,0x05,0x9b,0x26,0x9b,0x26,0x9b,0x26,0x9b,0x05,0x9b,0x05,0x9b,0x05,0x9b,
    0x05,0x9b,0x05,0x9b,0x05,0x9b,0x05,0x9b,0x05,0x9b,0x05,0x9b,0x05,0x9b,0x05,0x9b,
    0xe5,0x92,0x67,0x9b,0xcc,0xbc,0xcc,0xbc,0xcc,0xbc,0xcc,0xbc,0xcc,0xbc,0xcc,0xbc,
    0xcc,0xbc,0xcc,0xbc,0xcc,0xbc,0xcc,0xbc,0xcc,0xbc,0xcc,0xbc,0xcc,0xbc,0xcc,0xbc,
    0xcc,0xbc,0xcc,0xbc,0xcc,0xbc,0xcc,0xbc,0xcc,0xbc,0xcc,0xbc,0xcc,0xbc,0xcc,0xbc,
    0xcc,0xbc,0xcc,0xbc,0xac,0xbc,0xcc,0xbc,0x8c,0xb4,0xca,0x9b,0xca,0x93,0xca,0x93,
    0xca,0x93,0xca,0x93,0xcb,0x9b,0xca,0x93,0xca,0x93,0xca,0x93,0xca,0x93,0xca,0x93,
    0xaa,0x93,0xaa,0x93,0xca,0x93,0xca,0x93,0xca,0x93,0xca,0x93,0xca,0x93,0xca,0x93,
    0xca,0x93,0xca,0x93,0xaa,0x93,0xaa,0x93,0xaa,0x93,0xaa,0x93,0xca,0x93,0xca,0x93,
    0xca,0x93,0xaa,0x93,0xaa,0x93,0xcb,0x9b,0xca,0x93,0xaa,0x93,0xaa,0x93,0xaa,0x93,
    0xaa,0x93,0xab,0x93,0xab,0x93,0xcb,0x9b,0xcb,0x9b,0xcb,0x93,0xcb,0x93,0xcb,0x93,
    0xcb,0x93,0xcb,0x93,0xcb,0x93,0xcb,0x93,0xcb,0x93,0xca,0x93,0xaa,0x93,0xaa,0x93,
    0xaa,0x93,0xaa,0x93,0xaa,0x93,0x8a,0x93,0x8a,0x8b,0x8a,0x8b,0x89,0x8b,0x69,0x8b,
    0x69,0x8b,0x69,0x8b,0x69,0x8b,0x69,0x8b,0x69,0x8b,0x69,0x8b,0x69,0x8b,0x69,0x8b,
    0x69,0x83,0x69,0x83,0x69,0x83,0x49,0x83,0x49,0x83,0x49,0x83,0x49,0x83,0x49,0x83,
    0x49,0x83,0x49,0x83,0x29,0x83,0x49,0x83,0x49,0x83,0x49,0x83,0x49,0x83,0x49,0x83,
    0x49,0x83,0x29,0x83,0x29,0x83,0x29,0x83,0x29,0x83,0x29,0x83,0x29,0x83,0x08,0x7b,
    0x08,0x7b,0x08,0x7b,0x08,0x7b,0xe8,0x7a,0xe8,0x7a,0xe8,0x7a,0xe8,0x7a,0x08,0x83,
    0x08,0x83,0x08,0x83,0x08,0x7b,0x28,0x83,0x69,0x8b,0x69,0x8b,0x69,0x8b,0x69,0x8b,
    0x69,0x93,0x69,0x93,0x89,0x93,0x69,0x93,0x89,0x93,0xaa,0x9b,0xa9,0x93,0xca,0x9b,
    0xea,0x9b,0xea,0x9b,0xca,0x9b,0xca,0x9b,0xaa,0x9b,0xa9,0x93,0x89,0x93,0x89,0x93,
    0x89,0x93,0xa9,0x93,0xa9,0x93,0xaa,0x9b,0xca,0x9b,0xea,0x9b,0xea,0x9b,0xea,0xa3,
    0x0a,0xa4,0x0a,0xa4,0x0b,0xa4,0x2b,0xa4,0x2b,0xa4,0x2b,0xa4,0x2b,0xa4,0x2b,0xac,
    0x4b,0xac,0x6b,0xac,0x6b,0xac,0x6b,0xac,0x6b,0xac,0x6b,0xac,0x6b,0xac,0x6b,0xac,
    0x6c,0xb4,0x6c,0xb4,0x6c,0xb4,0x6c,0xb4,0x6c,0xb4,0x6c,0xb4,0x6c,0xb4,0x6b,0xb4,
    0x6b,0xb4,0x6b,0xb4,0x6b,0xb4,0x8b,0xb4,0x8c,0xb4,0x4b,0xac,0x0a,0xa4,0xca,0xa3,
    0x68,0x9b,0xa6,0x82,0xc2,0x61,0x61,0x59,0x41,0x51,0x40,0x51,0x41,0x59,0x61,0x59,
    0x61,0x61,0x62,0x61,0x62,0x61,0x61,0x61,0x61,0x61,0x81,0x61,0x81,0x61,0xc2,0x69,
    0xc2,0x69,0xe3,0x71,0xe3,0x71,0xc2,0x69,0xe3,0x71,0xe3,0x71,0x23,0x72,0x43,0x7a,
    0x64,0x82,0xa5,0x82,0x84,0x82,0x84,0x82,0x84,0x8a,0x85,0x8a,0xc5,0x92,0xc5,0x92,
    0xe5,0x9a,0xe5,0x9a,0x05,0x9b,0xe4,0x9a,0xc4,0x92,0xc3,0x92,0xe4,0x9a,0x04,0x9b,
    0x46,0xab,0x87,0xb3,0x87,0xab,0x87,0xb3,0xa7,0xb3,0x87,0xab,0x86,0xab,0x87,0xab,
    0x87,0xab,0x86,0xab,0x86,0xab,0x87,0xab,0x87,0xab,0x87,0xab,0x87,0xab,0x66,0xab,
    0x66,0xa3,0x86,0xab,0x66,0xab,0x66,0xab,0x66,0xab,0x67,0xa3,0x67,0xa3,0x66,0xa3,
    0x66,0xa3,0x46,0xa3,0x66,0xa3,0x66,0xa3,0x67,0xab,0x67,0xa3,0x67,0xa3,0x46,0xa3,
    0x67,0xa3,0x67,0xa3,0x46,0xa3,0x46,0xa3,0x46,0xa3,0x46,0xa3,0x46,0xa3,0x46,0xa3,
    0x46,0xa3,0x46,0xa3,0x46,0xa3,0x46,0xa3,0x46,0xa3,0x46,0xa3,0x46,0xa3,0x46,0xa3,
    0x46,0xa3,0x46,0xa3,0x46,0xa3,0x46,0xa3,0x46,0xa3,0x46,0xa3,0x46,0xa3,0x46,0xa3,
    0x66,0xa3,0x66,0xa3,0x66,0xa3,0x46,0xa3,0x46,0xa3,0x46,0xa3,0x46,0xa3,0x26,0xa3,
    0x26,0xa3,0x26,0xa3,0x26,0x9b,0x26,0xa3,0x26,0xa3,0x46,0xa3,0x46,0xa3,0x46,0xa3,
    0x26,0xa3,0x26,0xa3,0x26,0x9b,0x26,0x9b,0x26,0x9b,0x26,0x9b,0x26,0x9b,0x26,0x9b,
    0x26,0x9b,0x26,0x9b,0x06,0x9b,0x06,0x9b,0x06,0x9b,0x06,0x9b,0x06,0x9b,0x06,0x9b,
    0xe5,0x9a,0x67,0x9b,0xcc,0xbc,0xcc,0xbc,0xcc,0xbc,0xcc,0xbc,0xcc,0xbc,0xcc,0xbc,
    0xcc,0xbc,0xcc,0xbc,0xcc,0xbc,0xcc,0xbc,0xcc,0xbc,0xcc,0xbc,0xcc,0xbc,0xcc,0xbc,
    0xcc,0xbc,0xcc,0xbc,0xcc,0xbc,0xcc,0xbc,0xcc,0xbc,0xcc,0xbc,0xcc,0xbc,0xcc,0xbc,
    0xcc,0xbc,0xcc,0xbc,0xac,0xbc,0xcc,0xbc,0x8c,0xb4,0xca,0x9b,0xca,0x93,0xca,0x93,
    0xca,0x93,0xca,0x93,0xcb,0x9b,0xca,0x93,0xca,0x93,0xca,0x93,0xca,0x93,0xca,0x93,
    0xaa,0x93,0xaa,0x93,0xca,0x93,0xca,0x93,0xca,0x93,0xca,0x93,0xca,0x93,0xca,0x93,
    0xca,0x93,0xca,0x93,0xca,0x93,0xca,0x93,0xca,0x93,0xca,0x93,0xca,0x93,0xca,0x93,
    0xca,0x93,0xaa,0x93,0x8a,0x93,0xcb,0x9b,0xcb,0x9b,0xaa,0x93,0xaa,0x93,0xab,0x93,
    0xab,0x93,0xab,0x93,0xab,0x93,0xcb,0x93,0xcb,0x9b,0xcb,0x93,0xcb,0x93,0xcb,0x93,
    0xcb,0x93,0xcb,0x93,0xcb,0x93,0xcb,0x93,0xcb,0x93,0xca,0x93,0xaa,0x93,0xaa,0x93,
    0xaa,0x93,0xaa,0x93,0xaa,0x93,0xaa,0x93,0x8a,0x93,0x8a,0x8b,0x89,0x8b,0x69,0x8b,
    0x69,0x8b,0x69,0x8b,0x69,0x8b,0x69,0x8b,0x69,0x8b,0x69,0x8b,0x69,0x8b,0x69,0x8b,
    0x69,0x83,0x69,0x83,0x69,0x83,0x49,0x83,0x49,0x83,0x49,0x83,0x49,0x83,0x49,0x83,
    0x69,0x83,0x49,0x83,0x49,0x83,0x49,0x83,0x49,0x83,0x49,0x83,0x49,0x83,0x49,0x83,
    0x49,0x83,0x49,0x83,0x49,0x83,0x29,0x83,0x29,0x83,0x29,0x83,0x29,0x83,0x29,0x83,
    0x29,0x83,0x28,0x7b,0x08,0x7b,0x08,0x83,0x08,0x83,0x08,0x83,0x08,0x7b,0xe8,0x7a,
    0xe8,0x7a,0xe8,0x7a,0xe8,0x7a,0x28,0x83,0x49,0x8b,0x69,0x8b,0x69,0x8b,0x69,0x93,
    0x69,0x93,0x89,0x93,0x89,0x93,0x69,0x93,0x89,0x93,0xaa,0x9b,0x89,0x93,0xa9,0x93,
    0xaa,0x9b,0xaa,0x9b,0xaa,0x9b,0xa9,0x93,0x89,0x93,0x89,0x93,0x89,0x93,0x89,0x93,
    0x89,0x93,0x89,0x93,0x89,0x93,0x89,0x93,0xa9,0x93,0xc9,0x9b,0xc9,0x9b,0xca,0x9b,
    0xea,0x9b,0xea,0x9b,0x0a,0xa4,0x2b,0xa4,0x2b,0xa4,0x2b,0xa4,0x4b,0xac,0x4b,0xac,
    0x4b,0xac,0x4b,0xac,0x4b,0xac,0x4b,0xac,0x6b,0xac,0x6c,0xb4,0x6c,0xb4,0x6c,0xb4,
    0x6c,0xb4,0x6c,0xb4,0x6c,0xb4,0x6c,0xb4,0x6c,0xb4,0x6c,0xb4,0x6c,0xb4,0x6b,0xb4,
    0x6b,0xac,0x6b,0xac,0x6b,0xac,0x6b,0xac,0x4b,0xac,0x0a,0xa4,0xe9,0x9b,0x89,0x9b,
    0xe7,0x8a,0x24,0x72,0x82,0x59,0xa2,0x61,0x82,0x59,0x62,0x59,0x82,0x59,0x82,0x61,
    0x82,0x61,0x62,0x61,0x61,0x61,0x41,0x59,0x41,0x59,0x41,0x59,0x41,0x59,0x61,0x59,
    0x62,0x61,0x82,0x61,0xa2,0x61,0x82,0x61,0x82,0x61,0x82,0x61,0xa2,0x69,0xc2,0x69,
    0xe3,0x69,0xe3,0x71,0x03,0x72,0x03,0x72,0xe3,0x71,0xe3,0x71,0x03,0x7a,0x24,0x82,
    0x64,0x82,0x84,0x8a,0xa4,0x8a,0x84,0x8a,0x84,0x8a,0x83,0x8a,0x83,0x8a,0xa4,0x8a,
    0xc4,0x92,0xe5,0x9a,0x05,0x9b,0x05,0x9b,0x05,0x9b,0x25,0x9b,0x46,0xa3,0x66,0xa3,
    0x66,0xa3,0x66,0xa3,0x66,0xa3,0x46,0xa3,0x25,0x9b,0x25,0x9b,0x46,0xa3,0x87,0xab,
    0xa7,0xab,0x87,0xab,0x86,0xab,0x86,0xab,0x86,0xa3,0x66,0xa3,0x66,0xa3,0x66,0xa3,
    0x66,0xa3,0x46,0xa3,0x66,0xa3,0x66,0xa3,0x86,0xab,0x86,0xab,0x66,0xa3,0x66,0xa3,
    0x66,0xa3,0x66,0xa3,0x66,0xa3,0x46,0xa3,0x46,0xa3,0x46,0xa3,0x46,0xa3,0x46,0xa3,
    0x46,0xa3,0x46,0xa3,0x46,0xa3,0x46,0xa3,0x46,0xa3,0x46,0xa3,0x46,0xa3,0x46,0xa3,
    0x46,0xa3,0x46,0xa3,0x46,0xa3,0x46,0xa3,0x46,0xa3,0x46,0xa3,0x46,0xa3,0x46,0x9b,
    0x46,0xa3,0x66,0xa3,0x66,0xa3,0x46,0xa3,0x46,0xa3,0x46,0xa3,0x46,0xa3,0x26,0xa3,
    0x26,0xa3,0x26,0xa3,0x26,0xa3,0x26,0xa3,0x46,0xa3,0x47,0xa3,0x47,0xa3,0x46,0xa3,
    0x46,0xa3,0x26,0xa3,0x26,0xa3,0x26,0x9b,0x26,0x9b,0x26,0x9b,0x26,0x9b,0x26,0x9b,
    0x26,0x9b,0x26,0x9b,0x26,0xa3,0x26,0xa3,0x26,0xa3,0x26,0xa3,0x26,0x9b,0x26,0x9b,
    0x06,0x9b,0x67,0xa3,0xac,0xbc,0xcc,0xbc,0xcc,0xbc,0xcc,0xbc,0xcc,0xbc,0xcc,0xbc,
    0xcc,0xbc,0xcc,0xbc,0xcc,0xbc,0xcc,0xbc,0xcc,0xbc,0xcc,0xbc,0xcc,0xbc,0xcc,0xbc,
    0xcc,0xbc,0xcc,0xbc,0xcc,0xbc,0xcc,0xbc,0xcc,0xbc,0xcc,0xbc,0xcc,0xbc,0xcc,0xbc,
    0xcc,0xbc,0xcc,0xbc,0xac,0xbc,0xcc,0xbc,0x8c,0xb4,0xca,0x9b,0xca,0x93,0xca,0x93,
    0xca,0x93,0xca,0x93,0xcb,0x9b,0xca,0x93,0xca,0x93,0xca,0x93,0xca,0x93,0xca,0x93,
    0xaa,0x93,0xaa,0x93,0xca,0x93,0xca,0x93,0xca,0x93,0xca,0x93,0xca,0x93,0xca,0x93,
    0xaa,0x93,0xaa,0x93,0xca,0x93,0xca,0x93,0xca,0x93,0xca,0x93,0xaa,0x93,0xca,0x93,
    0xca,0x93,0xaa,0x93,0xaa,0x93,0xca,0x93,0xcb,0x9b,0xca,0x93,0xaa,0x93,0xab,0x93,
    0xcb,0x93,0xcb,0x93,0xab,0x93,0xcb,0x93,0xcb,0x93,0xcb,0x93,0xcb,0x93,0xcb,0x93,
    0xcb,0x93,0xcb,0x93,0xcb,0x93,0xcb,0x93,0xcb,0x93,0xaa,0x93,0xaa,0x93,0xaa,0x93,
    0xaa,0x93,0xaa,0x93,0xaa,0x93,0xaa,0x93,0xaa,0x93,0x8a,0x8b,0x8a,0x8b,0x69,0x8b,
    0x89,0x8b,0x89,0x8b,0x89,0x8b,0x89,0x8b,0x69,0x8b,0x69,0x8b,0x69,0x8b,0x69,0x8b,
    0x69,0x8b,0x69,0x83,0x69,0x83,0x69,0x83,0x49,0x83,0x49,0x83,0x49,0x83,0x49,0x83,
    0x49,0x83,0x49,0x83,0x49,0x83,0x49,0x83,0x49,0x83,0x49,0x83,0x49,0x83,0x49,0x83,
    0x49,0x83,0x49,0x83,0x49,0x83,0x49,0x83,0x49,0x83,0x49,0x83,0x49,0x83,0x29,0x83,
    0x29,0x83,0x29,0x83,0x29,0x83,0x29,0x83,0x29,0x83,0x29,0x83,0x29,0x83,0x08,0x83,
    0x08,0x83,0x08,0x83,0x08,0x83,0x28,0x83,0x49,0x8b,0x49,0x8b,0x69,0x8b,0x69,0x93,
    0x69,0x93,0x69,0x93,0x69,0x93,0x89,0x93,0x89,0x93,0xaa,0x9b,0xa9,0x93,0x89,0x93,
    0x89,0x93,0x89,0x93,0x89,0x93,0x89,0x93,0x89,0x93,0x69,0x93,0x68,0x8b,0x68,0x8b,
    0x69,0x93,0x69,0x93,0x69,0x93,0x89,0x93,0x89,0x93,0x89,0x93,0xa9,0x93,0xc9,0x9b,
    0xca,0x9b,0xea,0x9b,0xea,0xa3,0x2b,0xa4,0x2b,0xa4,0x0a,0xa4,0x2b,0xa4,0x2b,0xa4,
    0x2b,0xac,0x4b,0xac,0x4b,0xac,0x6b,0xac,0x6b,0xac,0x6c,0xb4,0x6c,0xb4,0x6c,0xb4,
    0x6c,0xb4,0x6c,0xb4,0x6c,0xb4,0x6c,0xb4,0x6c,0xb4,0x6c,0xb4,0x6b,0xb4,0x4b,0xb4,
    0x6b,0xac,0x4b,0xac,0x4b,0xac,0x4b,0xac,0x2a,0xa4,0xea,0xa3,0xc9,0x9b,0x48,0x8b,
    0x65,0x7a,0xa2,0x59,0x61,0x59,0xa2,0x59,0x82,0x59,0x62,0x59,0x82,0x59,0x83,0x61,
    0x62,0x61,0x62,0x59,0x62,0x59,0x61,0x59,0x41,0x59,0x61,0x59,0x61,0x59,0x42,0x59,
    0x62,0x59,0x62,0x61,0x62,0x61,0x62,0x59,0x62,0x59,0x62,0x59,0x62,0x59,0x82,0x61,
    0x82,0x61,0x82,0x61,0x83,0x61,0xa3,0x69,0x83,0x69,0x83,0x69,0xa3,0x69,0xc3,0x71,
    0xe3,0x71,0xe3,0x71,0xe2,0x71,0xe2,0x71,0x02,0x72,0x02,0x72,0x02,0x7a,0x43,0x7a,
    0x23,0x7a,0x43,0x7a,0x43,0x82,0x43,0x82,0x43,0x7a,0x63,0x82,0xa4,0x8a,0xc4,0x92,
    0xc4,0x92,0xe5,0x92,0x05,0x93,0x05,0x93,0x05,0x93,0xa4,0x8a,0xc4,0x92,0x25,0x9b,
    0x46,0xa3,0x66,0xa3,0x86,0xa3,0x86,0xab,0x86,0xa3,0x67,0xa3,0x66,0xa3,0x66,0xa3,
    0x46,0xa3,0x46,0xa3,0x46,0xa3,0x66,0xa3,0x86,0xab,0x86,0xab,0x66,0xa3,0x66,0xa3,
    0x66,0xa3,0x66,0xa3,0x45,0xa3,0x46,0xa3,0x66,0xa3,0x46,0xa3,0x46,0xa3,0x46,0xa3,
    0x66,0xa3,0x46,0xa3,0x46,0xa3,0x46,0xa3,0x67,0xa3,0x47,0xa3,0x47,0xa3,0x47,0xa3,
    0x47,0xa3,0x47,0xa3,0x47,0xa3,0x66,0xa3,0x66,0xa3,0x66,0xa3,0x66,0xa3,0x46,0x9b,
    0x46,0x9b,0x46,0x9b,0x46,0x9b,0x46,0xa3,0x46,0xa3,0x46,0xa3,0x46,0xa3,0x26,0xa3,
    0x26,0xa3,0x26,0xa3,0x26,0xa3,0x26,0xa3,0x46,0xa3,0x46,0xa3,0x26,0xa3,0x26,0xa3,
    0x26,0xa3,0x26,0xa3,0x46,0xa3,0x46,0xa3,0x46,0xa3,0x26,0xa3,0x46,0xa3,0x46,0xa3,
    0x46,0xa3,0x46,0xa3,0x46,0xa3,0x46,0xa3,0x46,0xa3,0x46,0xa3,0x26,0xa3,0x26,0xa3,
    0x06,0x9b,0x87,0xa3,0xac,0xbc,0xcc,0xbc,0xcc,0xbc,0xcc,0xbc,0xcc,0xbc,0xcc,0xbc,
    0xcc,0xbc,0xcc,0xbc,0xcc,0xbc,0xcc,0xbc,0xcc,0xbc,0xcc,0xbc,0xcc,0xbc,0xcc,0xbc,
    0xcc,0xbc,0xcc,0xbc,0xcc,0xbc,0xcc,0xbc,0xcc,0xbc,0xcc,0xbc,0xcc,0xbc,0xcc,0xbc,
    0xcc,0xbc,0xcc,0xbc,0xac,0xbc,0xcd,0xbc,0x8c,0xb4,0xca,0x9b,0xca,0x93,0xcb,0x9b,
    0xcb,0x9b,0xcb,0x9b,0xca,0x93,0xaa,0x93,0xaa,0x93,0xaa,0x93,0xaa,0x93,0xaa,0x93,
    0xaa,0x93,0xaa,0x93,0xaa,0x93,0xaa,0x93,0xca,0x93,0xca,0x93,0xca,0x93,0xaa,0x93,
    0xaa,0x93,0xaa,0x93,0xca,0x93,0xca,0x93,0xaa,0x93,0xaa,0x93,0xaa,0x93,0xaa,0x93,
    0xca,0x93,0xca,0x93,0xca,0x93,0xca,0x93,0xca,0x93,0xca,0x93,0xaa,0x93,0xaa,0x93,
    0xcb,0x93,0xcb,0x93,0xcb,0x93,0xaa,0x93,0xaa,0x93,0xcb,0x93,0xcb,0x93,0xcb,0x93,
    0xcb,0x93,0xcb,0x93,0xcb,0x93,0xcb,0x93,0xca,0x93,0xaa,0x93,0xaa,0x93,0xaa,0x93,
    0xaa,0x93,0xaa,0x93,0xaa,0x93,0xaa,0x93,0xaa,0x93,0xaa,0x93,0x8a,0x8b,0x89,0x8b,
    0x8a,0x8b,0x8a,0x8b,0x8a,0x8b,0x89,0x8b,0x69,0x8b,0x69,0x8b,0x69,0x8b,0x69,0x8b,
    0x69,0x8b,0x69,0x8b,0x69,0x8b,0x69,0x8b,0x69,0x83,0x49,0x83,0x49,0x83,0x49,0x83,
    0x49,0x83,0x49,0x83,0x49,0x83,0x49,0x83,0x49,0x83,0x49,0x83,0x49,0x83,0x49,0x83,
    0x49,0x83,0x49,0x83,0x49,0x83,0x49,0x83,0x49,0x83,0x49,0x83,0x49,0x83,0x29,0x83,
    0x29,0x83,0x29,0x83,0x29,0x83,0x29,0x83,0x29,0x83,0x29,0x83,0x29,0x83,0x29,0x83,
    0x29,0x83,0x29,0x83,0x29,0x83,0x29,0x83,0x29,0x83,0x49,0x8b,0x69,0x8b,0x69,0x93,
    0x69,0x8b,0x69,0x8b,0x69,0x93,0x89,0x93,0xaa,0x9b,0xca,0x9b,0xa9,0x93,0x89,0x93,
    0x89,0x93,0x69,0x93,0x69,0x93,0x69,0x93,0x89,0x93,0x89,0x93,0x48,0x8b,0x48,0x8b,
    0x68,0x8b,0x69,0x8b,0x69,0x8b,0x69,0x8b,0x69,0x8b,0x68,0x8b,0x89,0x93,0xa9,0x9b,
    0xea,0x9b,0xea,0x9b,0x0a,0xa4,0x2b,0xa4,0x2b,0xa4,0x0a,0xa4,0x2b,0xa4,0x2b,0xa4,
    0x4b,0xac,0x4b,0xac,0x4b,0xac,0x6b,0xac,0x6b,0xac,0x6b,0xac,0x6c,0xb4,0x6c,0xb4,
    0x6c,0xb4,0x6c,0xb4,0x6c,0xb4,0x8c,0xb4,0x6c,0xb4,0x6c,0xb4,0x4b,0xb4,0x4b,0xb4,
    0x4b,0xac,0x4b,0xac,0x2b,0xac,0x2a,0xa4,0xea,0xa3,0xca,0x9b,0xa9,0x9b,0x07,0x8b,
    0x24,0x6a,0x82,0x59,0x82,0x59,0x82,0x59,0xa3,0x59,0x83,0x59,0x83,0x59,0x62,0x59,
    0x62,0x59,0x62,0x59,0x62,0x59,0x62,0x59,0x62,0x59,0x61,0x59,0x61,0x59,0x62,0x59,
    0x62,0x59,0x62,0x59,0x62,0x59,0x42,0x59,0x42,0x59,0x42,0x59,0x42,0x59,0x42,0x59,
    0x42,0x59,0x42,0x59,0x62,0x59,0x62,0x59,0x62,0x61,0x62,0x61,0x83,0x61,0x83,0x61,
    0x82,0x61,0x82,0x61,0x82,0x61,0x82,0x61,0xa1,0x61,0xa1,0x61,0xa2,0x69,0xa2,0x69,
    0xc2,0x69,0xe3,0x71,0x24,0x7a,0x03,0x72,0x03,0x72,0x03,0x72,0x23,0x7a,0x23,0x7a,
    0x43,0x7a,0x43,0x7a,0x64,0x82,0x84,0x82,0x84,0x82,0x63,0x82,0x63,0x8a,0x84,0x8a,
    0xa4,0x8a,0xc4,0x8a,0xe5,0x92,0xe4,0x92,0xe4,0x92,0x06,0x9b,0x06,0x9b,0x26,0x9b,
    0x26,0x9b,0x26,0x9b,0x46,0x9b,0x46,0x9b,0x66,0xa3,0x66,0xa3,0x66,0xa3,0x66,0xa3,
    0x46,0xa3,0x46,0xa3,0x45,0xa3,0x46,0xa3,0x66,0xa3,0x66,0xa3,0x66,0xa3,0x66,0xa3,
    0x66,0xa3,0x66,0xa3,0x67,0xa3,0x67,0xa3,0x47,0xa3,0x46,0xa3,0x67,0xa3,0x67,0xab,
    0x47,0xa3,0x47,0xa3,0x47,0xa3,0x67,0xa3,0x66,0xa3,0x66,0xa3,0x66,0xa3,0x46,0xa3,
    0x46,0xa3,0x46,0x9b,0x46,0x9b,0x46,0xa3,0x46,0xa3,0x46,0xa3,0x26,0xa3,0x26,0x9b,
    0x26,0xa3,0x47,0xa3,0x47,0xa3,0x46,0xa3,0x26,0xa3,0x26,0x9b,0x26,0xa3,0x46,0xa3,
    0x46,0xa3,0x46,0xa3,0x46,0xa3,0x46,0xa3,0x46,0xa3,0x46,0xa3,0x46,0xa3,0x46,0xa3,
    0x46,0xa3,0x46,0xa3,0x26,0xa3,0x26,0xa3,0x26,0xa3,0x26,0xa3,0x26,0xa3,0x26,0xa3,
    0x06,0xa3,0x87,0xa3,0xac,0xbc,0xcc,0xbc,0xcc,0xbc,0xcc,0xbc,0xcc,0xbc,0xcc,0xbc,
    0xcc,0xbc,0xcc,0xbc,0xcc,0xbc,0xcc,0xbc,0xcc,0xbc,0xcc,0xbc,0xcc,0xbc,0xcc,0xbc,
    0xcc,0xbc,0xcc,0xbc,0xcc,0xbc,0xcc,0xbc,0xcc,0xbc,0xcc,0xbc,0xcc,0xbc,0xcc,0xbc,
    0xcc,0xbc,0xcc,0xbc,0xac,0xbc,0xcd,0xbc,0x8c,0xb4,0xca,0x9b,0xca,0x93,0xcb,0x9b,
    0xcb,0x9b,0xcb,0x9b,0xcb,0x93,0xaa,0x93,0xaa,0x93,0xaa,0x93,0xca,0x93,0xaa,0x93,
    0xaa,0x93,0xaa,0x93,0xaa,0x93,0xaa,0x93,0xaa,0x93,0xca,0x93,0xca,0x93,0xca,0x93,
    0xca,0x93,0xaa,0x93,0xca,0x93,0xca,0x93,0xaa,0x93,0xaa,0x93,0xaa,0x93,0xaa,0x93,
    0xca,0x93,0xca,0x93,0xca,0x93,0xca,0x93,0xca,0x93,0xca,0x93,0xca,0x93,0xca,0x93,
    0xcb,0x93,0xcb,0x93,0xcb,0x93,0xca,0x93,0xca,0x93,0xca,0x93,0xca,0x93,0xca,0x93,
    0xca,0x93,0xcb,0x93,0xcb,0x93,0xcb,0x93,0xcb,0x93,0xaa,0x93,0xaa,0x93,0xaa,0x93,
    0xaa,0x93,0xaa,0x93,0xaa,0x93,0xaa,0x93,0xaa,0x93,0xaa,0x93,0x8a,0x8b,0x8a,0x8b,
    0x8a,0x8b,0x8a,0x8b,0x8a,0x8b,0x89,0x8b,0x69,0x8b,0x69,0x8b,0x69,0x8b,0x69,0x8b,
    0x69,0x8b,0x69,0x8b,0x69,0x8b,0x69,0x8b,0x69,0x83,0x49,0x83,0x49,0x83,0x49,0x83,
    0x49,0x83,0x49,0x83,0x49,0x83,0x49,0x83,0x49,0x83,0x49,0x83,0x49,0x83,0x49,0x83,
    0x49,0x83,0x49,0x83,0x49,0x83,0x49,0x83,0x49,0x83,0x49,0x83,0x29,0x83,0x29,0x83,
    0x29,0x83,0x29,0x83,0x29,0x83,0x29,0x83,0x29,0x83,0x08,0x83,0x08,0x83,0x08,0x83,
    0x08,0x83,0x08,0x83,0x08,0x83,0x28,0x83,0x29,0x83,0x49,0x8b,0x49,0x8b,0x49,0x8b,
    0x69,0x8b,0x69,0x93,0x89,0x93,0xa9,0x93,0xaa,0x9b,0xca,0x9b,0xaa,0x9b,0xa9,0x93,
    0x89,0x93,0x89,0x93,0x89,0x93,0x69,0x93,0x69,0x93,0x68,0x8b,0x48,0x8b,0x28,0x8b,
    0x48,0x8b,0x49,0x8b,0x49,0x8b,0x48,0x8b,0x48,0x8b,0x28,0x8b,0x68,0x8b,0x89,0x93,
    0xa9,0x9b,0xea,0x9b,0xea,0x9b,0x0a,0xa4,0x2b,0xa4,0x2b,0xa4,0x2b,0xac,0x4b,0xac,
    0x4b,0xac,0x4b,0xac,0x4b,0xac,0x4b,0xac,0x4b,0xac,0x6b,0xac,0x6b,0xac,0x6c,0xb4,
    0x6c,0xb4,0x6c,0xb4,0x6c,0xb4,0x6c,0xb4,0x6c,0xb4,0x6c,0xb4,0x4b,0xb4,0x4b,0xac,
    0x4b,0xac,0x2b,0xac,0x2a,0xa4,0x2a,0xa4,0xea,0xa3,0xa9,0x9b,0x68,0x8b,0xa6,0x7a,
    0xe4,0x61,0xa2,0x59,0x82,0x59,0x82,0x59,0x82,0x59,0x62,0x59,0x62,0x51,0x63,0x59,
    0x83,0x59,0x62,0x59,0x62,0x59,0x62,0x59,0x62,0x59,0x62,0x51,0x62,0x51,0x62,0x59,
    0x62,0x59,0x62,0x59,0x62,0x59,0x42,0x51,0x42,0x51,0x62,0x51,0x42,0x51,0x22,0x51,
    0x22,0x51,0x22,0x51,0x22,0x51,0x22,0x51,0x22,0x51,0x22,0x51,0x22,0x59,0x42,0x59,
    0x22,0x59,0x22,0x59,0x62,0x59,0x62,0x59,0x62,0x59,0x62,0x59,0x61,0x61,0x62,0x61,
    0x82,0x61,0xa2,0x61,0xc3,0x69,0xc3,0x69,0xc3,0x69,0xc3,0x69,0xe3,0x71,0xe3,0x71,
    0x03,0x72,0x03,0x72,0x24,0x7a,0x44,0x7a,0x24,0x7a,0x44,0x7a,0x44,0x82,0x43,0x82,
    0x23,0x7a,0x43,0x82,0x63,0x82,0x43,0x82,0x22,0x7a,0x43,0x7a,0x64,0x82,0x84,0x82,
    0xa5,0x8a,0xa5,0x8a,0xc5,0x8a,0xc5,0x8a,0xe5,0x92,0x05,0x9b,0x25,0x9b,0x26,0x9b,
    0x26,0x9b,0x05,0x9b,0x05,0x9b,0x05,0x9b,0x26,0x9b,0x26,0x9b,0x26,0x9b,0x26,0x9b,
    0x66,0xa3,0x67,0xa3,0x87,0xab,0x87,0xab,0x46,0xa3,0x26,0xa3,0x46,0xa3,0x47,0xa3,
    0x47,0xa3,0x47,0xa3,0x47,0xa3,0x66,0xa3,0x66,0xa3,0x46,0x9b,0x46,0x9b,0x66,0xa3,
    0x66,0xa3,0x66,0xa3,0x46,0xa3,0x46,0xa3,0x46,0xa3,0x46,0xa3,0x46,0xa3,0x26,0xa3,
    0x47,0xa3,0x47,0xa3,0x47,0xa3,0x47,0xa3,0x46,0xa3,0x26,0xa3,0x26,0xa3,0x46,0xa3,
    0x46,0xa3,0x46,0xa3,0x46,0xa3,0x46,0xa3,0x46,0xa3,0x26,0xa3,0x26,0xa3,0x26,0xa3,
    0x26,0xa3,0x26,0xa3,0x26,0xa3,0x26,0xa3,0x26,0xa3,0x26,0xa3,0x26,0xa3,0x26,0xa3,
    0x06,0xa3,0x67,0xa3,0xac,0xbc,0xcc,0xbc,0xcc,0xbc,0xcc,0xbc,0xcc,0xbc,0xcc,0xbc,
    0xcc,0xbc,0xcc,0xbc,0xcc,0xbc,0xcc,0xbc,0xcc,0xbc,0xcc,0xbc,0xcc,0xbc,0xcc,0xbc,
    0xcc,0xbc,0xcc,0xbc,0xcc,0xbc,0xcc,0xbc,0xcc,0xbc,0xcc,0xbc,0xcc,0xbc,0xcc,0xbc,
    0xcc,0xbc,0xcc,0xbc,0xac,0xbc,0xcd,0xbc,0x8c,0xb4,0xca,0x9b,0xca,0x93,0xcb,0x9b,
    0xcb,0x9b,0xcb,0x9b,0xcb,0x9b,0xca,0x93,0xca,0x93,0xca,0x93,0xca,0x93,0xaa,0x93,
    0xaa,0x93,0xaa,0x93,0xaa,0x93,0xaa,0x93,0xaa,0x93,0xaa,0x93,0xca,0x93,0xca,0x93,
    0xca,0x93,0xaa,0x93,0xca,0x93,0xca,0x93,0xaa,0x93,0xaa,0x93,0xaa,0x93,0xaa,0x93,
    0xca,0x93,0xca,0x93,0xca,0x93,0xca,0x93,0xca,0x93,0xca,0x93,0xca,0x93,0xca,0x93,
    0xcb,0x93,0xcb,0x93,0xcb,0x93,0xca,0x93,0xca,0x93,0xca,0x93,0xaa,0x93,0xaa,0x93,
    0xca,0x93,0xcb,0x93,0xcb,0x93,0xcb,0x93,0xcb,0x93,0xca,0x93,0xca,0x93,0xca,0x93,
    0xca,0x93,0xaa,0x93,0xaa,0x93,0xaa,0x93,0xaa,0x93,0xaa,0x93,0xaa,0x8b,0x8a,0x8b,
    0x8a,0x8b,0x8a,0x8b,0x8a,0x8b,0x89,0x8b,0x69,0x8b,0x69,0x8b,0x69,0x8b,0x69,0x8b,
    0x69,0x8b,0x69,0x8b,0x69,0x8b,0x69,0x8b,0x69,0x83,0x49,0x83,0x49,0x83,0x49,0x83,
    0x49,0x83,0x49,0x83,0x49,0x83,0x49,0x83,0x49,0x83,0x49,0x83,0x49,0x83,0x49,0x83,
    0x49,0x83,0x49,0x83,0x29,0x83,0x49,0x83,0x49,0x83,0x29,0x83,0x29,0x83,0x29,0x83,
    0x29,0x83,0x29,0x83,0x29,0x83,0x08,0x83,0x08,0x83,0x08,0x83,0x08,0x83,0x08,0x83,
    0x08,0x83,0x08,0x83,0x08,0x83,0x28,0x83,0x29,0x83,0x29,0x83,0x28,0x8b,0x48,0x8b,
    0x69,0x8b,0x89,0x93,0xa9,0x93,0xaa,0x9b,0xca,0x9b,0xea,0x9b,0xca,0x9b,0xca,0x9b,
    0xa9,0x93,0x89,0x93,0x89,0x93,0x69,0x93,0x48,0x8b,0x48,0x8b,0x27,0x8b,0x07,0x83,
    0x27,0x83,0x49,0x8b,0x49,0x8b,0x28,0x8b,0x28,0x83,0x07,0x83,0x28,0x8b,0x68,0x8b,
    0x89,0x93,0xc9,0x9b,0xea,0x9b,0x0a,0xa4,0x0a,0xa4,0x0a,0xa4,0x2b,0xa4,0x2b,0xac,
    0x2b,0xac,0x2b,0xac,0x4b,0xac,0x4b,0xac,0x4b,0xac,0x6b,0xac,0x6b,0xac,0x6b,0xac,
    0x6c,0xb4,0x6c,0xb4,0x6c,0xb4,0x6c,0xb4,0x6c,0xb4,0x6c,0xb4,0x4b,0xb4,0x4b,0xac,
    0x4b,0xac,0x2b,0xa4,0x0a,0xa4,0x0a,0xa4,0xea,0xa3,0x89,0x93,0x07,0x83,0x65,0x72,
    0xe3,0x61,0xc3,0x59,0xa3,0x59,0x83,0x59,0x83,0x59,0x83,0x59,0x63,0x59,0x63,0x59,
    0x63,0x59,0x63,0x59,0x62,0x51,0x62,0x59,0x62,0x51,0x62,0x51,0x62,0x51,0x62,0x51,
    0x62,0x51,0x62,0x51,0x62,0x51,0x42,0x51,0x42,0x51,0x42,0x51,0x42,0x51,0x42,0x51,
    0x42,0x51,0x42,0x51,0x22,0x51,0x22,0x51,0x02,0x51,0x02,0x51,0x02,0x51,0x02,0x51,
    0x02,0x51,0x02,0x51,0x22,0x51,0x41,0x51,0x41,0x51,0x41,0x59,0x42,0x59,0x62,0x59,
    0x62,0x59,0x62,0x59,0x62,0x59,0x62,0x61,0x82,0x61,0x82,0x61,0xa3,0x61,0xa3,0x69,
    0xc3,0x69,0xa3,0x69,0xc3,0x69,0xe4,0x71,0xe4,0x71,0xc3,0x71,0xe3,0x71,0x03,0x7a,
    0x03,0x7a,0x03,0x72,0x23,0x7a,0x23,0x7a,0x03,0x7a,0x23,0x7a,0x23,0x7a,0x23,0x7a,
    0x23,0x7a,0x23,0x7a,0x44,0x7a,0x44,0x7a,0x64,0x82,0x84,0x8a,0xa4,0x8a,0xa4,0x92,
    0xc5,0x92,0xc4,0x92,0xa4,0x92,0xa4,0x92,0xc4,0x92,0xc4,0x92,0xc4,0x92,0xc4,0x92,
    0xe5,0x9a,0x25,0x9b,0x46,0xa3,0x67,0xa3,0x46,0xa3,0x26,0x9b,0x26,0x9b,0x46,0xa3,
    0x67,0xa3,0x47,0xa3,0x47,0xa3,0x46,0xa3,0x46,0x9b,0x46,0x9b,0x46,0x9b,0x46,0x9b,
    0x46,0x9b,0x26,0x9b,0x46,0x9b,0x46,0xa3,0x46,0xa3,0x46,0xa3,0x46,0xa3,0x47,0xa3,
    0x47,0xa3,0x67,0xa3,0x67,0xa3,0x67,0xa3,0x47,0xa3,0x47,0xa3,0x46,0xa3,0x46,0xa3,
    0x46,0xa3,0x46,0xa3,0x46,0xa3,0x26,0xa3,0x26,0xa3,0x26,0xa3,0x26,0xa3,0x26,0xa3,
    0x26,0xa3,0x26,0xa3,0x26,0xa3,0x26,0xa3,0x26,0xa3,0x26,0xa3,0x26,0xa3,0x26,0xa3,
    0x06,0xa3,0x67,0xa3,0xac,0xbc,0xcc,0xbc,0xcc,0xbc,0xcc,0xbc,0xcc,0xbc,0xcc,0xbc,
    0xcc,0xbc,0xcc,0xbc,0xcc,0xbc,0xcc,0xbc,0xcc,0xbc,0xcc,0xbc,0xcc,0xbc,0xcc,0xbc,
    0xcc,0xbc,0xcc,0xbc,0xcc,0xbc,0xcc,0xbc,0xcc,0xbc,0xcc,0xbc,0xcc,0xbc,0xcc,0xbc,
    0xcc,0xbc,0xcc,0xbc,0xac,0xbc,0xcc,0xbc,0x8c,0xb4,0xca,0x9b,0xca,0x93,0xca,0x93,
    0xca,0x93,0xca,0x93,0xca,0x93,0xcb,0x93,0xcb,0x93,0xcb,0x93,0xcb,0x93,0xaa,0x93,
    0xaa,0x93,0xaa,0x93,0xaa,0x93,0xaa,0x93,0xaa,0x93,0xaa,0x93,0xca,0x93,0xca,0x93,
    0xca,0x93,0xca,0x93,0xcb,0x9b,0xca,0x93,0xaa,0x93,0xaa,0x93,0xaa,0x93,0xaa,0x93,
    0xca,0x93,0xaa,0x93,0xaa,0x93,0xaa,0x93,0xaa,0x93,0xaa,0x93,0xab,0x93,0xcb,0x93,
    0xcb,0x93,0xcb,0x93,0xcb,0x93,0xcb,0x93,0xcb,0x93,0xca,0x93,0xca,0x93,0xca,0x93,
    0xca,0x93,0xcb,0x93,0xcb,0x93,0xcb,0x93,0xcb,0x93,0xca,0x93,0xca,0x93,0xca,0x93,
    0xca,0x93,0xaa,0x93,0xaa,0x93,0xaa,0x93,0xaa,0x93,0xaa,0x93,0xaa,0x93,0xaa,0x93,
    0x8a,0x93,0x8a,0x93,0x8a,0x8b,0x69,0x8b,0x89,0x8b,0x89,0x8b,0x69,0x8b,0x69,0x83,
    0x69,0x83,0x69,0x83,0x69,0x83,0x69,0x83,0x69,0x83,0x69,0x83,0x69,0x83,0x49,0x83,
    0x69,0x83,0x69,0x83,0x69,0x83,0x49,0x83,0x49,0x83,0x49,0x83,0x49,0x83,0x49,0x83,
    0x29,0x83,0x29,0x83,0x29,0x83,0x08,0x83,0x29,0x83,0x29,0x83,0x29,0x83,0x29,0x83,
    0x29,0x83,0x29,0x83,0x29,0x83,0x08,0x83,0x08,0x83,0x28,0x83,0x08,0x83,0x08,0x7b,
    0x08,0x7b,0x08,0x7b,0x08,0x7b,0x28,0x83,0x29,0x83,0x29,0x83,0x28,0x83,0x28,0x83,
    0x49,0x8b,0x69,0x8b,0x89,0x93,0xaa,0x93,0xca,0x9b,0xca,0x9b,0xca,0x9b,0xca,0x9b,
    0xca,0x9b,0xaa,0x93,0xa9,0x93,0x69,0x93,0x48,0x8b,0x28,0x8b,0x07,0x83,0x27,0x83,
    0x28,0x8b,0x48,0x8b,0x48,0x8b,0x08,0x83,0xe7,0x82,0x07,0x83,0x28,0x8b,0x68,0x8b,
    0x89,0x93,0xc9,0x9b,0xea,0x9b,0xca,0x9b,0x0a,0xa4,0x0a,0xa4,0x0a,0xa4,0x0a,0xa4,
    0x2b,0xa4,0x2b,0xac,0x0a,0xa4,0x2b,0xa4,0x4b,0xac,0x4b,0xac,0x4b,0xac,0x6b,0xac,
    0x4b,0xac,0x4b,0xac,0x6c,0xb4,0x6c,0xb4,0x6c,0xb4,0x4b,0xac,0x4b,0xac,0x2b,0xac,
    0x0a,0xac,0x0a,0xac,0x0a,0xa4,0xea,0xa3,0xca,0x9b,0x68,0x8b,0xc6,0x7a,0x45,0x6a,
    0x04,0x62,0x04,0x62,0x04,0x62,0x04,0x62,0x04,0x62,0xe4,0x61,0xe4,0x61,0xc4,0x59,
    0xa3,0x59,0xa3,0x59,0x83,0x59,0x82,0x51,0x82,0x59,0x82,0x51,0x62,0x51,0x62,0x51,
    0x62,0x51,0x62,0x51,0x62,0x51,0x62,0x51,0x62,0x51,0x62,0x51,0x62,0x51,0x42,0x51,
    0x42,0x51,0x43,0x51,0x42,0x51,0x22,0x51,0x22,0x51,0x22,0x51,0x43,0x51,0x22,0x51,
    0x02,0x51,0x01,0x51,0x22,0x51,0x22,0x51,0x01,0x51,0x21,0x51,0x21,0x51,0x21,0x51,
    0x21,0x51,0x21,0x51,0x41,0x51,0x42,0x51,0x42,0x59,0x42,0x59,0x42,0x59,0x62,0x59,
    0x62,0x59,0x62,0x59,0x62,0x61,0x83,0x61,0x83,0x61,0x62,0x61,0x82,0x61,0xa2,0x69,
    0xa3,0x69,0xa3,0x69,0xc3,0x71,0xe4,0x79,0x04,0x7a,0x03,0x72,0x03,0x72,0x03,0x72,
    0x03,0x72,0x24,0x7a,0x24,0x7a,0x24,0x7a,0x44,0x7a,0x44,0x7a,0x44,0x82,0x64,0x82,
    0x64,0x82,0x64,0x82,0x84,0x82,0x84,0x82,0x64,0x82,0x84,0x82,0x84,0x82,0x84,0x82,
    0x84,0x82,0x84,0x8a,0xa5,0x8a,0xc5,0x92,0xe5,0x92,0xe5,0x92,0x06,0x9b,0x47,0xa3,
    0x27,0x9b,0x47,0xa3,0x67,0xa3,0x67,0xa3,0x47,0xa3,0x47,0x9b,0x26,0x9b,0x26,0x9b,
    0x26,0x9b,0x26,0x9b,0x25,0x9b,0x46,0x9b,0x46,0x9b,0x46,0x9b,0x46,0xa3,0x46,0xa3,
    0x46,0xa3,0x67,0xa3,0x67,0xa3,0x66,0xa3,0x46,0xa3,0x46,0xa3,0x46,0xa3,0x46,0xa3,
    0x46,0xa3,0x46,0xa3,0x46,0xa3,0x26,0xa3,0x26,0xa3,0x26,0xa3,0x26,0xa3,0x26,0xa3,
    0x06,0xa3,0x26,0xa3,0x47,0xa3,0x47,0xa3,0x27,0xa3,0x26,0xa3,0x26,0xa3,0x26,0xa3,
    0x06,0xa3,0x87,0xa3,0xcc,0xbc,0xcc,0xbc,0xac,0xbc,0xcc,0xbc,0xcc,0xbc,0xcc,0xbc,
    0xcc,0xbc,0xcc,0xbc,0xcc,0xbc,0xcc,0xbc,0xcc,0xbc,0xcc,0xbc,0xcc,0xbc,0xcc,0xbc,
    0xcc,0xbc,0xcc,0xbc,0xcc,0xbc,0xcc,0xbc,0xcc,0xbc,0xcc,0xbc,0xcc,0xbc,0xcc,0xbc,
    0xcc,0xbc,0xcc,0xbc,0xac,0xbc,0xcc,0xbc,0x8c,0xb4,0xca,0x9b,0xca,0x93,0xca,0x93,
    0xca,0x93,0xca,0x93,0xca,0x93,0xab,0x93,0xab,0x93,0xab,0x93,0xab,0x93,0xaa,0x93,
    0xaa,0x93,0xaa,0x93,0xaa,0x93,0xaa,0x93,0xaa,0x93,0xaa,0x93,0xaa,0x93,0xca,0x93,
    0xca,0x93,0xcb,0x9b,0xcb,0x9b,0xca,0x93,0xaa,0x93,0x8a,0x93,0xaa,0x93,0xaa,0x93,
    0xaa,0x93,0xaa,0x93,0xaa,0x93,0xaa,0x93,0xca,0x93,0xca,0x93,0xab,0x93,0xcb,0x93,
    0xcb,0x9b,0xcb,0x9b,0xcb,0x9b,0xcb,0x9b,0xcb,0x93,0xca,0x93,0xca,0x93,0xca,0x93,
    0xca,0x93,0xca,0x9b,0xca,0x9b,0xca,0x9b,0xca,0x9b,0xca,0x93,0xca,0x93,0xca,0x93,
    0xca,0x93,0xaa,0x93,0xaa,0x93,0xaa,0x93,0xaa,0x93,0xab,0x93,0xaa,0x93,0xaa,0x93,
    0xaa,0x93,0x8a,0x93,0x8a,0x8b,0x69,0x8b,0x8a,0x8b,0x89,0x8b,0x69,0x83,0x69,0x83,
    0x69,0x83,0x69,0x83,0x69,0x83,0x69,0x83,0x69,0x83,0x69,0x83,0x69,0x83,0x69,0x83,
    0x69,0x8b,0x69,0x8b,0x69,0x83,0x49,0x83,0x49,0x83,0x49,0x83,0x49,0x83,0x29,0x83,
    0x29,0x83,0x29,0x83,0x29,0x83,0x08,0x83,0x09,0x83,0x29,0x83,0x29,0x83,0x29,0x83,
    0x29,0x83,0x29,0x83,0x29,0x83,0x28,0x7b,0x28,0x7b,0x28,0x7b,0x28,0x7b,0x08,0x7b,
    0x08,0x7b,0x08,0x7b,0x29,0x7b,0x29,0x83,0x29,0x83,0x29,0x83,0x29,0x83,0x28,0x83,
    0x49,0x8b,0x49,0x8b,0x69,0x93,0xaa,0x93,0xca,0x9b,0xaa,0x9b,0xca,0x9b,0xea,0x9b,
    0xca,0x9b,0xaa,0x9b,0xaa,0x9b,0x89,0x93,0x69,0x93,0x28,0x8b,0x07,0x83,0x28,0x83,
    0x28,0x8b,0x28,0x8b,0x07,0x83,0x07,0x83,0xe6,0x7a,0xe6,0x7a,0x07,0x83,0x48,0x8b,
    0x69,0x93,0xc9,0x9b,0xc9,0x9b,0xc9,0x9b,0xea,0xa3,0x0a,0xa4,0xea,0xa3,0x0a,0xa4,
    0x2b,0xac,0x2b,0xa4,0x0a,0xa4,0x0b,0xa4,0x2b,0xac,0x4b,0xac,0x4b,0xac,0x4b,0xac,
    0x4b,0xac,0x4b,0xac,0x4c,0xac,0x4c,0xac,0x4c,0xac,0x4b,0xac,0x2b,0xac,0x2b,0xac,
    0x0a,0xa4,0x0a,0xac,0xea,0xa3,0xa9,0x9b,0x89,0x93,0x27,0x83,0xa6,0x7a,0x65,0x6a,
    0x45,0x6a,0x66,0x72,0x66,0x72,0x66,0x72,0x66,0x6a,0x65,0x6a,0x45,0x6a,0x65,0x6a,
    0x45,0x6a,0x45,0x6a,0x24,0x6a,0xe3,0x61,0x04,0x62,0xe4,0x61,0xc3,0x59,0xa3,0x59,
    0xa3,0x59,0xa3,0x59,0xa3,0x51,0xa3,0x51,0x82,0x51,0x82,0x51,0x42,0x51,0x22,0x49,
    0x42,0x51,0x42,0x51,0x22,0x49,0x22,0x49,0x22,0x49,0x22,0x49,0x42,0x51,0x22,0x51,
    0x22,0x51,0x02,0x51,0x22,0x51,0x22,0x51,0x22,0x51,0x22,0x51,0x42,0x51,0x21,0x51,
    0x21,0x51,0x21,0x51,0x41,0x51,0x21,0x51,0x21,0x51,0x42,0x51,0x42,0x51,0x42,0x59,
    0x42,0x59,0x62,0x59,0x62,0x59,0x62,0x59,0x63,0x59,0x62,0x59,0x62,0x61,0x62,0x61,
    0x62,0x61,0x63,0x61,0x83,0x69,0xa3,0x69,0xa3,0x69,0xa2,0x69,0xa2,0x69,0xc2,0x69,
    0xc3,0x69,0xe3,0x69,0xe3,0x71,0xe3,0x71,0x03,0x72,0x04,0x72,0x04,0x72,0x04,0x72,
    0x24,0x72,0x24,0x7a,0x44,0x7a,0x44,0x7a,0x44,0x7a,0x44,0x7a,0x44,0x82,0x44,0x82,
    0x44,0x7a,0x44,0x7a,0x64,0x82,0x64,0x82,0x64,0x82,0x64,0x82,0x85,0x82,0xa5,0x8a,
    0x85,0x82,0xa5,0x8a,0xc6,0x92,0x06,0x93,0x07,0x93,0x07,0x9b,0x06,0x9b,0x06,0x93,
    0x26,0x9b,0x46,0x9b,0x25,0x9b,0x25,0x93,0x45,0x9b,0x46,0x9b,0x46,0x9b,0x46,0x9b,
    0x46,0x9b,0x46,0xa3,0x66,0xa3,0x66,0xa3,0x66,0xa3,0x46,0x9b,0x46,0x9b,0x46,0x9b,
    0x46,0x9b,0x46,0x9b,0x26,0xa3,0x26,0xa3,0x26,0xa3,0x26,0xa3,0x26,0xa3,0x26,0xa3,
    0x26,0xa3,0x27,0xa3,0x47,0xa3,0x27,0xa3,0x27,0xa3,0x26,0xa3,0x47,0xa3,0x26,0xa3,
    0x26,0xa3,0x87,0xa3,0xcc,0xbc,0xcc,0xbc,0xac,0xbc,0xcc,0xbc,0xcc,0xbc,0xcc,0xbc,
    0xcc,0xbc,0xcc,0xbc,0xcc,0xbc,0xcc,0xbc,0xcc,0xbc,0xcc,0xbc,0xcc,0xbc,0xcc,0xbc,
    0xcc,0xbc,0xcc,0xbc,0xcc,0xbc,0xcc,0xbc,0xcc,0xbc,0xcc,0xbc,0xcc,0xbc,0xcc,0xbc,
    0xcc,0xbc,0xcc,0xbc,0xac,0xbc,0xcc,0xbc,0x8c,0xb4,0xca,0x9b,0xca,0x93,0xca,0x93,
    0xca,0x93,0xca,0x93,0xca,0x93,0xab,0x93,0xab,0x93,0xab,0x93,0xaa,0x93,0xaa,0x93,
    0xaa,0x93,0xaa,0x93,0xaa,0x93,0xaa,0x93,0xaa,0x93,0xaa,0x93,0xaa,0x93,0xaa,0x93,
    0xca,0x93,0xca,0x93,0xaa,0x93,0xaa,0x93,0xaa,0x93,0xaa,0x93,0xaa,0x93,0xca,0x93,
    0xca,0x93,0xca,0x93,0xaa,0x93,0xca,0x93,0xca,0x93,0xca,0x93,0xab,0x93,0xcb,0x93,
    0xcb,0x9b,0xcb,0x9b,0xcb,0x93,0xab,0x93,0xab,0x93,0xca,0x93,0xca,0x93,0xca,0x93,
    0xca,0x93,0xca,0x93,0xca,0x93,0xca,0x93,0xca,0x93,0xca,0x93,0xca,0x93,0xca,0x93,
    0xca,0x93,0xca,0x93,0xca,0x93,0xca,0x93,0xcb,0x93,0xab,0x93,0xab,0x93,0xaa,0x93,
    0xaa,0x93,0x8a,0x93,0x8a,0x8b,0x69,0x8b,0x8a,0x8b,0x8a,0x8b,0x89,0x8b,0x69,0x83,
    0x69,0x83,0x69,0x83,0x69,0x83,0x69,0x83,0x69,0x83,0x69,0x83,0x69,0x83,0x69,0x83,
    0x69,0x8b,0x69,0x8b,0x69,0x83,0x49,0x83,0x49,0x8b,0x49,0x8b,0x49,0x8b,0x49,0x83,
    0x29,0x83,0x29,0x83,0x29,0x83,0x29,0x83,0x29,0x83,0x29,0x83,0x29,0x83,0x29,0x83,
    0x29,0x83,0x29,0x83,0x29,0x83,0x08,0x7b,0x08,0x7b,0x08,0x7b,0x08,0x7b,0x28,0x7b,
    0x28,0x7b,0x28,0x7b,0x09,0x7b,0x28,0x7b,0x28,0x83,0x28,0x83,0x29,0x83,0x29,0x83,
    0x49,0x8b,0x49,0x8b,0x69,0x93,0xaa,0x93,0xca,0x9b,0xaa,0x9b,0xca,0x9b,0xea,0x9b,
    0xca,0x9b,0xca,0x9b,0xca,0x9b,0xa9,0x93,0x69,0x93,0x48,0x8b,0x28,0x8b,0x28,0x8b,
    0x28,0x83,0x07,0x83,0xe7,0x82,0xc6,0x7a,0xc6,0x7a,0xa6,0x7a,0xe6,0x7a,0x07,0x83,
    0x48,0x8b,0x89,0x93,0xc9,0x9b,0xc9,0x9b,0x0a,0xa4,0x0a,0xa4,0xea,0xa3,0x0a,0xa4,
    0x2b,0xac,0x2b,0xa4,0x0a,0xa4,0x0a,0xa4,0x2b,0xa4,0x2b,0xa4,0x2b,0xac,0x4b,0xac,
    0x2b,0xac,0x4b,0xac,0x4b,0xac,0x4b,0xac,0x4c,0xac,0x4b,0xac,0x2b,0xac,0x2b,0xac,
    0x0a,0xac,0x0a,0xa4,0xc9,0xa3,0x89,0x93,0x48,0x8b,0x07,0x83,0xa6,0x7a,0x86,0x72,
    0xa7,0x7a,0xa7,0x7a,0xc7,0x7a,0xa7,0x7a,0xa7,0x7a,0xc7,0x7a,0xc7,0x7a,0xe7,0x7a,
    0xc7,0x7a,0xc7,0x7a,0xa7,0x7a,0x86,0x72,0xa6,0x72,0x86,0x72,0x65,0x72,0x45,0x6a,
    0x25,0x6a,0x04,0x62,0x04,0x62,0xe4,0x61,0xc3,0x59,0x82,0x51,0x82,0x51,0x83,0x51,
    0x63,0x51,0x62,0x51,0x42,0x51,0x42,0x51,0x42,0x51,0x42,0x51,0x22,0x51,0x21,0x51,
    0x22,0x51,0x22,0x51,0x21,0x49,0x22,0x51,0x42,0x51,0x62,0x59,0x42,0x51,0x42,0x51,
    0x41,0x51,0x41,0x51,0x41,0x51,0x41,0x51,0x41,0x51,0x42,0x51,0x42,0x51,0x42,0x51,
    0x42,0x51,0x42,0x51,0x42,0x51,0x42,0x51,0x62,0x51,0x42,0x59,0x42,0x59,0x62,0x59,
    0x62,0x61,0x42,0x59,0x42,0x61,0x42,0x61,0x42,0x61,0x42,0x59,0x62,0x59,0x62,0x59,
    0x62,0x61,0x62,0x61,0x82,0x61,0x82,0x61,0x83,0x61,0x83,0x61,0xa3,0x61,0xa3,0x61,
    0xa3,0x69,0xc3,0x69,0xc3,0x69,0xe3,0x69,0x03,0x72,0x04,0x72,0x04,0x72,0x04,0x72,
    0x24,0x72,0x24,0x7a,0x44,0x7a,0x44,0x7a,0x23,0x7a,0x23,0x7a,0x24,0x7a,0x03,0x72,
    0xe3,0x71,0x03,0x72,0x44,0x7a,0x44,0x7a,0x64,0x82,0x85,0x82,0xc5,0x8a,0xc5,0x8a,
    0xe5,0x92,0xe5,0x92,0xc4,0x8a,0xe5,0x8a,0x05,0x93,0x05,0x93,0x05,0x93,0x26,0x9b,
    0x26,0x9b,0x46,0x9b,0x46,0x9b,0x45,0x9b,0x45,0x9b,0x46,0x9b,0x26,0x9b,0x26,0x9b,
    0x26,0x9b,0x26,0x9b,0x26,0xa3,0x26,0xa3,0x26,0xa3,0x26,0xa3,0x46,0xa3,0x26,0xa3,
    0x26,0xa3,0x26,0xa3,0x27,0xa3,0x26,0xa3,0x26,0xa3,0x26,0xa3,0x46,0xa3,0x46,0xa3,
    0x26,0xa3,0x87,0xa3,0xcc,0xbc,0xcc,0xbc,0xac,0xbc,0xcc,0xbc,0xcc,0xbc,0xcc,0xbc,
    0xcc,0xbc,0xcc,0xbc,0xcc,0xbc,0xcc,0xbc,0xcc,0xbc,0xcc,0xbc,0xcc,0xbc,0xcc,0xbc,
    0xcc,0xbc,0xcc,0xbc,0xcc,0xbc,0xcc,0xbc,0xcc,0xbc,0xcc,0xbc,0xcc,0xbc,0xcc,0xbc,
    0xcc,0xbc,0xcc,0xbc,0xac,0xbc,0xcc,0xbc,0x8c,0xb4,0xca,0x9b,0xca,0x93,0xca,0x93,
    0xca,0x93,0xca,0x93,0xca,0x93,0xab,0x93,0xab,0x93,0xab,0x93,0xaa,0x93,0xaa,0x93,
    0xaa,0x93,0xaa,0x93,0xca,0x93,0xca,0x93,0xca,0x93,0xca,0x93,0xaa,0x93,0xaa,0x93,
    0xaa,0x93,0xaa,0x93,0xaa,0x93,0xaa,0x93,0xca,0x93,0xca,0x93,0xca,0x93,0xca,0x93,
    0xca,0x93,0xca,0x93,0xca,0x93,0xca,0x93,0xca,0x9b,0xcb,0x93,0xab,0x93,0xcb,0x93,
    0xcb,0x9b,0xcb,0x93,0xab,0x93,0xab,0x93,0xaa,0x93,0xca,0x93,0xca,0x93,0xca,0x93,
    0xca,0x93,0xca,0x93,0xca,0x93,0xca,0x93,0xca,0x93,0xca,0x93,0xca,0x93,0xca,0x93,
    0xca,0x93,0xca,0x93,0xca,0x93,0xca,0x93,0xcb,0x9b,0xcb,0x9b,0xab,0x93,0xab,0x93,
    0xaa,0x93,0x8a,0x93,0x8a,0x8b,0x69,0x8b,0x8a,0x8b,0x8a,0x8b,0x89,0x8b,0x69,0x8b,
    0x69,0x83,0x69,0x83,0x69,0x83,0x69,0x83,0x69,0x83,0x69,0x83,0x69,0x83,0x69,0x83,
    0x69,0x8b,0x69,0x8b,0x49,0x83,0x49,0x8b,0x49,0x8b,0x49,0x8b,0x49,0x8b,0x49,0x8b,
    0x49,0x83,0x49,0x83,0x49,0x83,0x49,0x8b,0x49,0x83,0x29,0x83,0x29,0x83,0x29,0x83,
    0x29,0x83,0x29,0x83,0x08,0x83,0xe8,0x7a,0x08,0x7b,0x08,0x7b,0x08,0x7b,0x28,0x7b,
    0x28,0x7b,0x28,0x7b,0x08,0x7b,0x08,0x7b,0x08,0x83,0x28,0x83,0x29,0x83,0x29,0x83,
    0x49,0x8b,0x49,0x8b,0x69,0x93,0xaa,0x93,0xca,0x9b,0xaa,0x9b,0xca,0x9b,0xea,0x9b,
    0xca,0x9b,0xca,0x9b,0xea,0x9b,0xaa,0x9b,0x89,0x93,0x69,0x8b,0x48,0x8b,0x28,0x8b,
    0x07,0x83,0xe7,0x82,0xc6,0x7a,0xa6,0x7a,0x85,0x72,0xa6,0x7a,0xe7,0x82,0x28,0x83,
    0x48,0x8b,0x68,0x93,0xa9,0x93,0xc9,0x9b,0x0a,0xa4,0x0a,0xa4,0xea,0xa3,0x0b,0xa4,
    0x2b,0xac,0x0b,0xa4,0xea,0xa3,0x0a,0xa4,0x2b,0xa4,0x2b,0xa4,0x2b,0xa4,0x2b,0xa4,
    0x2b,0xac,0x2b,0xac,0x4b,0xac,0x4b,0xac,0x4c,0xac,0x4b,0xac,0x2b,0xac,0x2b,0xac,
    0x0a,0xac,0x0a,0xa4,0xa9,0x9b,0x68,0x93,0x28,0x8b,0x07,0x83,0xc7,0x7a,0xc7,0x7a,
    0xc7,0x7a,0xc7,0x7a,0xe8,0x82,0xc7,0x7a,0xe8,0x7a,0x08,0x83,0x08,0x83,0x69,0x8b,
    0x69,0x93,0x49,0x8b,0x29,0x8b,0x08,0x83,0x28,0x83,0x08,0x83,0xe7,0x82,0xc7,0x7a,
    0x86,0x72,0x65,0x6a,0x65,0x6a,0x86,0x72,0x45,0x6a,0x24,0x62,0x05,0x62,0x05,0x6a,
    0x05,0x62,0xe4,0x61,0xc4,0x59,0xc4,0x59,0xc4,0x59,0xc4,0x59,0xa4,0x59,0x83,0x59,
    0x83,0x59,0x62,0x51,0x42,0x51,0x42,0x51,0x42,0x51,0x42,0x51,0x42,0x51,0x42,0x51,
    0x42,0x51,0x41,0x51,0x41,0x51,0x41,0x51,0x41,0x51,0x42,0x51,0x42,0x51,0x42,0x51,
    0x62,0x51,0x42,0x51,0x21,0x51,0x42,0x51,0x42,0x51,0x22,0x51,0x22,0x51,0x42,0x59,
    0x42,0x59,0x42,0x59,0x22,0x59,0x22,0x59,0x22,0x59,0x22,0x59,0x42,0x59,0x42,0x59,
    0x42,0x59,0x42,0x59,0x42,0x59,0x62,0x59,0x63,0x59,0x63,0x59,0x63,0x59,0x83,0x61,
    0x62,0x59,0x62,0x59,0x62,0x59,0x82,0x61,0x83,0x61,0x83,0x61,0xa3,0x61,0xa3,0x61,
    0xa3,0x61,0xc3,0x69,0xc4,0x69,0xe4,0x69,0x04,0x72,0x04,0x72,0xe3,0x71,0xc3,0x69,
    0xc2,0x69,0xc3,0x69,0x04,0x72,0x03,0x72,0x03,0x72,0x24,0x72,0x44,0x7a,0x44,0x7a,
    0x84,0x82,0x84,0x82,0x63,0x7a,0x84,0x82,0xa4,0x82,0xa4,0x82,0xa4,0x8a,0xa5,0x8a,
    0xc5,0x8a,0xc5,0x8a,0xe5,0x92,0xe4,0x92,0x05,0x93,0x05,0x93,0x26,0x9b,0x26,0x9b,
    0x26,0x9b,0x26,0x9b,0x26,0x9b,0x26,0x9b,0x26,0x9b,0x26,0x9b,0x47,0xa3,0x47,0xa3,
    0x46,0xa3,0x46,0xa3,0x67,0xab,0x47,0xab,0x46,0xa3,0x46,0xa3,0x46,0xa3,0x46,0xa3,
    0x25,0xa3,0x87,0xa3,0xcc,0xbc,0xcc,0xbc,0xac,0xbc,0xcc,0xbc,0xcc,0xbc,0xcc,0xbc,
    0xcc,0xbc,0xcc,0xbc,0xcc,0xbc,0xcc,0xbc,0xcc,0xbc,0xcc,0xbc,0xcc,0xbc,0xcc,0xbc,
    0xcc,0xbc,0xcc,0xbc,0xcc,0xbc,0xcc,0xbc,0xcc,0xbc,0xcc,0xbc,0xcc,0xbc,0xcc,0xbc,
    0xcc,0xbc,0xcc,0xbc,0xac,0xbc,0xcc,0xbc,0x8c,0xb4,0xa9,0x93,0xaa,0x93,0xaa,0x93,
    0xaa,0x93,0xca,0x93,0xca,0x93,0xab,0x93,0xab,0x93,0xab,0x93,0xab,0x93,0xaa,0x93,
    0xaa,0x93,0xaa,0x93,0xaa,0x93,0xaa,0x93,0xaa,0x93,0xaa,0x93,0xaa,0x93,0xaa,0x93,
    0xca,0x93,0xca,0x93,0xaa,0x93,0xaa,0x93,0xaa,0x93,0xca,0x93,0xca,0x93,0xcb,0x9b,
    0xcb,0x9b,0xcb,0x9b,0xca,0x93,0xca,0x93,0xca,0x93,0xca,0x93,0xaa,0x93,0xaa,0x93,
    0xaa,0x93,0xab,0x93,0xab,0x93,0xcb,0x93,0xcb,0x93,0xcb,0x93,0xca,0x93,0xca,0x93,
    0xca,0x93,0xca,0x93,0xca,0x93,0xca,0x93,0xca,0x93,0xaa,0x93,0xaa,0x93,0xca,0x93,
    0xcb,0x9b,0xcb,0x9b,0xcb,0x9b,0xca,0x93,0xcb,0x93,0xcb,0x93,0xcb,0x93,0xcb,0x93,
    0xaa,0x93,0xaa,0x93,0x8a,0x93,0x8a,0x93,0x6a,0x8b,0x69,0x8b,0x69,0x8b,0x69,0x8b,
    0x69,0x8b,0x69,0x8b,0x69,0x8b,0x69,0x8b,0x69,0x83,0x69,0x83,0x49,0x83,0x49,0x83,
    0x69,0x83,0x49,0x83,0x49,0x83,0x49,0x83,0x49,0x8b,0x49,0x8b,0x49,0x8b,0x49,0x8b,
    0x49,0x8b,0x49,0x8b,0x49,0x83,0x49,0x83,0x49,0x83,0x29,0x83,0x29,0x83,0x49,0x83,
    0x29,0x83,0x29,0x83,0x29,0x83,0x08,0x7b,0x08,0x7b,0x08,0x7b,0x08,0x7b,0x29,0x83,
    0x28,0x7b,0x28,0x7b,0x08,0x7b,0x08,0x7b,0x08,0x7b,0x08,0x83,0x08,0x83,0x28,0x83,
    0x49,0x8b,0x69,0x8b,0x69,0x93,0x8a,0x93,0xaa,0x9b,0xca,0x9b,0xca,0x9b,0xea,0x9b,
    0xea,0x9b,0xea,0x9b,0xeb,0x9b,0xca,0x9b,0xaa,0x93,0x89,0x93,0x69,0x8b,0x48,0x8b,
    0x28,0x83,0x07,0x83,0xc6,0x7a,0xa5,0x72,0x85,0x72,0xa6,0x7a,0xc6,0x7a,0x07,0x83,
    0x48,0x8b,0x68,0x8b,0xa9,0x93,0xc9,0x9b,0xea,0x9b,0xea,0xa3,0xea,0xa3,0xea,0xa3,
    0x0a,0xa4,0x0a,0xa4,0x2b,0xa4,0x0b,0xa4,0x0b,0xa4,0x2b,0xa4,0x2b,0xac,0x4b,0xac,
    0x4b,0xac,0x4b,0xac,0x4b,0xac,0x4b,0xac,0x4b,0xac,0x4b,0xac,0x4b,0xac,0x2b,0xac,
    0x0a,0xac,0xea,0xa3,0xa9,0x9b,0x48,0x8b,0x07,0x83,0xe7,0x82,0xc7,0x7a,0xc7,0x7a,
    0xe8,0x82,0xe8,0x82,0xe8,0x82,0xe8,0x82,0xe8,0x82,0x08,0x83,0x49,0x8b,0x8a,0x93,
    0xaa,0x9b,0xab,0x9b,0xab,0x9b,0x8a,0x93,0x8a,0x93,0x8a,0x93,0x49,0x8b,0x08,0x83,
    0xe7,0x7a,0x86,0x72,0xa6,0x72,0xe7,0x7a,0xe7,0x7a,0x07,0x7b,0xc7,0x7a,0x66,0x72,
    0x46,0x6a,0x66,0x72,0x66,0x72,0x46,0x6a,0x46,0x6a,0x45,0x6a,0x46,0x6a,0x25,0x6a,
    0xe4,0x61,0xc4,0x61,0xa3,0x59,0xa3,0x59,0x82,0x51,0x62,0x51,0x82,0x51,0x62,0x51,
    0x62,0x51,0x62,0x51,0x62,0x51,0x62,0x51,0x42,0x51,0x62,0x51,0x42,0x51,0x41,0x49,
    0x42,0x51,0x42,0x51,0x41,0x49,0x41,0x49,0x42,0x51,0x42,0x51,0x42,0x51,0x42,0x51,
    0x42,0x51,0x22,0x51,0x22,0x51,0x22,0x59,0x22,0x51,0x22,0x51,0x22,0x51,0x22,0x51,
    0x22,0x51,0x22,0x51,0x22,0x51,0x42,0x51,0x22,0x51,0x23,0x51,0x42,0x51,0x42,0x51,
    0x22,0x51,0x22,0x51,0x22,0x51,0x22,0x51,0x42,0x51,0x42,0x51,0x42,0x51,0x42,0x59,
    0x63,0x59,0x63,0x59,0x83,0x59,0x83,0x61,0xa3,0x61,0xa3,0x61,0x82,0x61,0x62,0x59,
    0x62,0x59,0x82,0x61,0xa3,0x61,0xc3,0x69,0xc3,0x69,0xc3,0x69,0xe3,0x69,0x03,0x72,
    0x03,0x72,0x03,0x72,0x23,0x72,0x23,0x72,0x23,0x72,0x23,0x72,0x43,0x7a,0x43,0x7a,
    0x44,0x7a,0x44,0x82,0x64,0x82,0x83,0x82,0xa4,0x8a,0xc4,0x8a,0xc5,0x8a,0xc5,0x8a,
    0xe6,0x92,0x06,0x93,0x06,0x93,0x06,0x93,0x06,0x9b,0x26,0x9b,0x26,0x9b,0x26,0x9b,
    0x46,0x9b,0x46,0xa3,0x46,0xa3,0x26,0xa3,0x26,0xa3,0x26,0xa3,0x46,0xa3,0x26,0xa3,
    0x25,0xa3,0x87,0xa3,0xcc,0xbc,0xcc,0xbc,0xcc,0xbc,0xcc,0xbc,0xcc,0xbc,0xcc,0xbc,
    0xcc,0xbc,0xcc,0xbc,0xcc,0xbc,0xcc,0xbc,0xcc,0xbc,0xcc,0xbc,0xcc,0xbc,0xcc,0xbc,
    0xcc,0xbc,0xcc,0xbc,0xcc,0xbc,0xcc,0xbc,0xcc,0xbc,0xcc,0xbc,0xcc,0xbc,0xcc,0xbc,
    0xcc,0xbc,0xcc,0xbc,0xac,0xbc,0xcc,0xbc,0x8c,0xb4,0xa9,0x93,0xaa,0x93,0xaa,0x93,
    0xaa,0x93,0xca,0x93,0xca,0x93,0xcb,0x93,0xcb,0x93,0xcb,0x93,0xab,0x93,0xaa,0x93,
    0xaa,0x93,0xaa,0x93,0xaa,0x93,0xaa,0x93,0xaa,0x93,0xaa,0x93,0xaa,0x93,0xaa,0x93,
    0xca,0x93,0xca,0x93,0xaa,0x93,0xaa,0x93,0xaa,0x93,0xaa,0x93,0xca,0x93,0xca,0x93,
    0xcb,0x9b,0xca,0x93,0xca,0x93,0xca,0x93,0xca,0x93,0xaa,0x93,0xaa,0x93,0xaa,0x93,
    0xaa,0x93,0xaa,0x93,0xab,0x93,0xcb,0x93,0xcb,0x93,0xcb,0x9b,0xca,0x93,0xca,0x93,
    0xca,0x93,0xaa,0x93,0xca,0x93,0xca,0x93,0xca,0x93,0xaa,0x93,0xaa,0x93,0xca,0x93,
    0xca,0x93,0xcb,0x9b,0xcb,0x9b,0xca,0x93,0xcb,0x93,0xcb,0x93,0xcb,0x93,0xcb,0x93,
    0xaa,0x93,0xaa,0x93,0x8a,0x93,0x8a,0x93,0x6a,0x8b,0x69,0x8b,0x69,0x8b,0x69,0x8b,
    0x69,0x8b,0x69,0x8b,0x69,0x8b,0x69,0x8b,0x69,0x8b,0x69,0x83,0x49,0x83,0x49,0x83,
    0x69,0x83,0x49,0x83,0x49,0x83,0x49,0x83,0x49,0x8b,0x49,0x8b,0x49,0x8b,0x49,0x8b,
    0x49,0x8b,0x49,0x8b,0x49,0x83,0x49,0x83,0x49,0x83,0x29,0x83,0x29,0x83,0x49,0x83,
    0x29,0x83,0x29,0x83,0x29,0x83,0x29,0x83,0x28,0x7b,0x08,0x7b,0x28,0x7b,0x29,0x83,
    0x28,0x7b,0x08,0x7b,0x08,0x7b,0x08,0x7b,0x08,0x7b,0x08,0x83,0x08,0x83,0x28,0x83,
    0x49,0x8b,0x69,0x8b,0x8a,0x93,0x8a,0x93,0xaa,0x9b,0xca,0x9b,0xca,0x9b,0xca,0x9b,
    0xca,0x9b,0xea,0x9b,0xeb,0x9b,0xca,0x9b,0xaa,0x93,0x89,0x93,0x69,0x93,0x48,0x8b,
    0x28,0x8b,0x07,0x83,0xc6,0x7a,0x85,0x72,0x85,0x72,0xa6,0x72,0xa6,0x7a,0xe7,0x7a,
    0x28,0x83,0x68,0x8b,0x89,0x93,0xa9,0x93,0xaa,0x9b,0xca,0x9b,0xca,0x9b,0xea,0x9b,
    0xea,0x9b,0x0a,0xa4,0x2b,0xa4,0x0b,0xa4,0x0a,0xa4,0x2b,0xa4,0x2b,0xac,0x4b,0xac,
    0x4b,0xac,0x4b,0xac,0x4b,0xac,0x4c,0xac,0x4b,0xac,0x4b,0xac,0x2b,0xac,0x2b,0xac,
    0x0a,0xa4,0xca,0xa3,0x69,0x93,0x28,0x8b,0xe7,0x82,0xe7,0x7a,0xc7,0x7a,0xe7,0x7a,
    0xe8,0x82,0xe8,0x82,0x08,0x83,0x08,0x83,0x08,0x83,0x29,0x8b,0x8a,0x93,0x8a,0x93,
    0xaa,0x9b,0xab,0x9b,0xcb,0x9b,0xcb,0x9b,0xeb,0x9b,0xcb,0x9b,0xaa,0x93,0x49,0x8b,
    0x07,0x7b,0xa6,0x72,0xc6,0x72,0xe7,0x7a,0x08,0x83,0x49,0x8b,0x28,0x83,0xa7,0x7a,
    0xa7,0x7a,0x08,0x83,0x08,0x83,0x08,0x83,0x08,0x83,0x08,0x83,0xc7,0x7a,0xa7,0x72,
    0x86,0x72,0x66,0x6a,0x45,0x6a,0x45,0x6a,0x25,0x62,0x04,0x62,0xe4,0x61,0xc4,0x59,
    0xc3,0x59,0xa3,0x59,0xa3,0x59,0xa3,0x51,0xa3,0x51,0x83,0x51,0x62,0x51,0x41,0x49,
    0x42,0x49,0x62,0x51,0x62,0x49,0x41,0x49,0x42,0x49,0x42,0x51,0x42,0x51,0x42,0x51,
    0x42,0x51,0x42,0x51,0x22,0x51,0x22,0x51,0x22,0x51,0x22,0x51,0x22,0x51,0x22,0x51,
    0x22,0x51,0x22,0x51,0x22,0x51,0x22,0x51,0x22,0x51,0x23,0x51,0x22,0x51,0x22,0x51,
    0x42,0x51,0x42,0x51,0x42,0x51,0x22,0x51,0x22,0x51,0x42,0x51,0x42,0x51,0x42,0x51,
    0x42,0x51,0x42,0x51,0x43,0x51,0x42,0x51,0x22,0x59,0x22,0x59,0x42,0x59,0x22,0x59,
    0x42,0x59,0x42,0x59,0x63,0x59,0x83,0x61,0x63,0x61,0x62,0x59,0x83,0x61,0xc3,0x69,
    0xc3,0x69,0xc3,0x69,0xe3,0x69,0xe3,0x69,0xc2,0x69,0xc2,0x69,0xe3,0x71,0x24,0x72,
    0x24,0x7a,0x24,0x7a,0x24,0x7a,0x23,0x7a,0x23,0x7a,0x43,0x7a,0x23,0x7a,0x23,0x7a,
    0x44,0x7a,0x64,0x82,0x65,0x82,0x65,0x82,0x85,0x82,0x85,0x82,0xa5,0x8a,0xc5,0x8a,
    0x06,0x93,0x26,0x9b,0x06,0x9b,0x06,0x9b,0x06,0x9b,0x06,0x9b,0xe5,0x9a,0x06,0x9b,
    0x26,0x9b,0x87,0xa3,0xac,0xbc,0xcc,0xbc,0xcc,0xbc,0xcc,0xbc,0xcc,0xbc,0xcc,0xbc,
    0xcc,0xbc,0xcc,0xbc,0xcc,0xbc,0xcc,0xbc,0xcc,0xbc,0xcc,0xbc,0xcc,0xbc,0xcc,0xbc,
    0xcc,0xbc,0xcc,0xbc,0xcc,0xbc,0xcc,0xbc,0xcc,0xbc,0xcc,0xbc,0xcc,0xbc,0xcc,0xbc,
    0xcc,0xbc,0xcc,0xbc,0xac,0xbc,0xcc,0xbc,0x8c,0xb4,0xa9,0x93,0xaa,0x93,0xaa,0x93,
    0xaa,0x93,0xca,0x93,0xcb,0x9b,0xcb,0x93,0xcb,0x93,0xcb,0x93,0xcb,0x93,0xca,0x93,
    0xca,0x93,0xca,0x93,0xaa,0x93,0xaa,0x93,0xaa,0x93,0xaa,0x93,0xaa,0x93,0xaa,0x93,
    0xca,0x93,0xca,0x93,0xaa,0x93,0xaa,0x93,0xaa,0x93,0xaa,0x93,0xca,0x93,0xca,0x93,
    0xca,0x93,0xca,0x93,0xca,0x93,0xca,0x93,0xca,0x93,0xca,0x93,0xab,0x93,0xab,0x93,
    0xab,0x93,0xaa,0x93,0xaa,0x93,0xab,0x93,0xab,0x93,0xcb,0x9b,0xca,0x93,0xca,0x93,
    0xca,0x93,0xaa,0x93,0xaa,0x93,0xca,0x93,0xca,0x93,0xaa,0x93,0xaa,0x93,0xca,0x93,
    0xca,0x93,0xca,0x93,0xca,0x93,0xca,0x93,0xca,0x93,0xcb,0x93,0xcb,0x93,0xcb,0x93,
    0xab,0x93,0xaa,0x93,0xaa,0x93,0x8a,0x93,0x8a,0x93,0x8a,0x8b,0x6a,0x8b,0x69,0x8b,
    0x69,0x8b,0x69,0x8b,0x69,0x8b,0x69,0x8b,0x6a,0x8b,0x69,0x8b,0x69,0x83,0x69,0x83,
    0x69,0x83,0x49,0x83,0x49,0x83,0x49,0x83,0x49,0x8b,0x49,0x8b,0x49,0x8b,0x49,0x8b,
    0x49,0x8b,0x49,0x8b,0x49,0x83,0x49,0x8b,0x49,0x8b,0x49,0x83,0x29,0x83,0x49,0x83,
    0x29,0x83,0x29,0x83,0x29,0x83,0x29,0x83,0x29,0x83,0x29,0x83,0x29,0x83,0x29,0x83,
    0x08,0x7b,0x08,0x7b,0x08,0x7b,0x08,0x7b,0x08,0x7b,0x08,0x83,0x08,0x83,0x28,0x83,
    0x49,0x8b,0x69,0x8b,0x69,0x93,0x8a,0x93,0xaa,0x93,0xaa,0x9b,0xca,0x9b,0xca,0x9b,
    0xca,0x9b,0xea,0x9b,0xea,0x9b,0xca,0x9b,0xa9,0x93,0x89,0x93,0x89,0x93,0x48,0x8b,
    0x28,0x8b,0x07,0x83,0xc6,0x7a,0x85,0x72,0x85,0x72,0x85,0x72,0x85,0x72,0xc6,0x7a,
    0x07,0x83,0x28,0x8b,0x68,0x8b,0x89,0x93,0x89,0x93,0xa9,0x93,0xaa,0x9b,0xca,0x9b,
    0xea,0x9b,0x0a,0xa4,0x2b,0xa4,0x0a,0xa4,0x0a,0xa4,0x0b,0xa4,0x2b,0xa4,0x2b,0xac,
    0x4b,0xac,0x4b,0xac,0x4b,0xac,0x4c,0xac,0x4c,0xac,0x4b,0xac,0x2b,0xa4,0x0a,0xa4,
    0x0a,0xa4,0xa9,0x9b,0x28,0x8b,0x07,0x83,0xc7,0x7a,0xc7,0x7a,0xe7,0x7a,0xe8,0x82,
    0xe8,0x82,0xe8,0x82,0x08,0x83,0x08,0x83,0x29,0x83,0x49,0x8b,0x8a,0x93,0xab,0x9b,
    0xab,0x9b,0xcb,0x9b,0xcb,0x9b,0xcb,0x9b,0xcb,0x9b,0xcb,0x9b,0xaa,0x93,0xaa,0x93,
    0x68,0x8b,0x07,0x7b,0x28,0x83,0x48,0x83,0x48,0x83,0x28,0x83,0x28,0x83,0xe8,0x82,
    0x29,0x83,0x49,0x8b,0x6a,0x8b,0x8a,0x93,0x6a,0x93,0x6a,0x93,0x49,0x8b,0x49,0x8b,
    0x29,0x83,0x28,0x83,0x08,0x83,0xe8,0x7a,0xe7,0x7a,0xc7,0x72,0x66,0x6a,0x66,0x6a,
    0x45,0x6a,0x45,0x6a,0x45,0x6a,0x25,0x62,0x25,0x62,0x04,0x62,0xe4,0x59,0xc3,0x59,
    0xc3,0x59,0xc3,0x59,0x82,0x51,0x62,0x49,0x62,0x49,0x62,0x49,0x62,0x51,0x62,0x51,
    0x62,0x51,0x82,0x51,0x62,0x51,0x62,0x51,0x42,0x51,0x42,0x51,0x42,0x51,0x42,0x51,
    0x42,0x51,0x22,0x51,0x22,0x51,0x22,0x51,0x22,0x51,0x22,0x51,0x42,0x51,0x42,0x51,
    0x42,0x51,0x42,0x51,0x42,0x51,0x42,0x51,0x22,0x49,0x22,0x49,0x42,0x49,0x42,0x49,
    0x22,0x49,0x22,0x49,0x02,0x49,0xe1,0x48,0xc1,0x48,0xe1,0x48,0xe2,0x48,0x02,0x51,
    0x22,0x51,0x22,0x51,0x22,0x51,0x42,0x51,0x22,0x51,0x22,0x51,0x42,0x59,0x62,0x59,
    0x82,0x59,0x82,0x59,0x82,0x59,0xa2,0x61,0x81,0x59,0x81,0x59,0xa2,0x61,0xc3,0x69,
    0xc3,0x69,0xe3,0x71,0xe3,0x71,0xe3,0x71,0xe3,0x71,0xe3,0x71,0xc3,0x71,0xc3,0x71,
    0xe3,0x71,0xe3,0x71,0xe4,0x71,0xe4,0x71,0xe3,0x71,0xe3,0x69,0xe3,0x69,0x03,0x72,
    0x43,0x7a,0x84,0x82,0x85,0x8a,0x85,0x8a,0xa5,0x8a,0x85,0x8a,0x84,0x8a,0xc5,0x92,
    0xc5,0x92,0x67,0x9b,0xac,0xbc,0xac,0xbc,0xcc,0xbc,0xcc,0xbc,0xcc,0xbc,0xcc,0xbc,
    0xcc,0xbc,0xcc,0xbc,0xcc,0xbc,0xcc,0xbc,0xcc,0xbc,0xcc,0xbc,0xcc,0xbc,0xcc,0xbc,
    0xcc,0xbc,0xcc,0xbc,0xcc,0xbc,0xcc,0xbc,0xcc,0xbc,0xcc,0xbc,0xcc,0xbc,0xcc,0xbc,
    0xcc,0xbc,0xcc,0xbc,0xac,0xbc,0xcc,0xbc,0x8c,0xb4,0xa9,0x93,0xaa,0x93,0xaa,0x93,
    0xca,0x93,0xcb,0x9b,0xcb,0x9b,0xcb,0x93,0xcb,0x93,0xcb,0x93,0xcb,0x93,0xca,0x93,
    0xca,0x93,0xca,0x93,0xca,0x93,0xaa,0x93,0xaa,0x93,0xaa,0x93,0xaa,0x93,0xaa,0x93,
    0xca,0x93,0xca,0x93,0xaa,0x93,0xaa,0x93,0xaa,0x93,0xaa,0x93,0xaa,0x93,0xca,0x93,
    0xca,0x93,0xca,0x93,0xca,0x93,0xca,0x93,0xca,0x93,0xca,0x93,0xcb,0x93,0xcb,0x93,
    0xcb,0x93,0xaa,0x93,0xaa,0x93,0xaa,0x93,0xaa,0x93,0xcb,0x9b,0xca,0x93,0xca,0x93,
    0xca,0x93,0xaa,0x93,0xaa,0x93,0xaa,0x93,0xaa,0x93,0xaa,0x93,0xaa,0x93,0xca,0x93,
    0xca,0x93,0xca,0x93,0xca,0x93,0xaa,0x93,0xaa,0x93,0xcb,0x93,0xcb,0x93,0xcb,0x93,
    0xab,0x93,0xab,0x93,0xaa,0x93,0xaa,0x93,0x8a,0x93,0x8a,0x93,0x8a,0x93,0x8a,0x8b,
    0x6a,0x8b,0x69,0x8b,0x69,0x8b,0x69,0x8b,0x6a,0x8b,0x6a,0x8b,0x69,0x8b,0x69,0x83,
    0x69,0x83,0x49,0x83,0x49,0x83,0x49,0x83,0x49,0x8b,0x49,0x8b,0x49,0x8b,0x49,0x8b,
    0x49,0x8b,0x49,0x8b,0x49,0x83,0x49,0x8b,0x49,0x8b,0x49,0x83,0x49,0x83,0x49,0x83,
    0x29,0x83,0x29,0x83,0x29,0x83,0x49,0x83,0x49,0x83,0x29,0x83,0x29,0x83,0x28,0x7b,
    0x08,0x7b,0x08,0x7b,0x08,0x7b,0x08,0x7b,0x08,0x7b,0x08,0x83,0x08,0x83,0x28,0x83,
    0x49,0x8b,0x69,0x8b,0x69,0x93,0x8a,0x93,0xaa,0x93,0xaa,0x9b,0xca,0x9b,0xca,0x9b,
    0xca,0x9b,0xca,0x9b,0xca,0x9b,0xaa,0x9b,0x89,0x93,0x89,0x93,0x89,0x93,0x68,0x8b,
    0x48,0x8b,0x07,0x83,0xc6,0x7a,0x85,0x72,0x85,0x72,0x65,0x72,0x65,0x6a,0xa5,0x72,
    0xe7,0x7a,0x07,0x83,0x48,0x8b,0x69,0x8b,0x68,0x8b,0x69,0x93,0x89,0x93,0xca,0x9b,
    0xea,0x9b,0x0a,0xa4,0x0b,0xa4,0x0a,0xa4,0xea,0xa3,0x0a,0xa4,0x2b,0xa4,0x2b,0xa4,
    0x4b,0xac,0x4b,0xac,0x4b,0xac,0x4c,0xac,0x6c,0xac,0x4b,0xac,0x0b,0xa4,0xea,0xa3,
    0x0a,0xa4,0x69,0x93,0x07,0x83,0xc7,0x82,0xc6,0x7a,0xc7,0x7a,0xe8,0x82,0xe8,0x82,
    0xe8,0x82,0xe8,0x82,0x08,0x83,0x29,0x83,0x29,0x8b,0x6a,0x93,0xab,0x9b,0xcb,0x9b,
    0xcb,0x9b,0xcb,0x9b,0xeb,0xa3,0xec,0xa3,0x0c,0xa4,0xec,0xa3,0xcb,0x9b,0xca,0x93,
    0xaa,0x93,0xa9,0x93,0xaa,0x93,0x89,0x8b,0xa9,0x93,0x89,0x8b,0x8a,0x93,0x6a,0x8b,
    0x8a,0x93,0x8a,0x93,0x8a,0x93,0xab,0x93,0xab,0x93,0xab,0x93,0x8a,0x93,0x8a,0x93,
    0x8a,0x93,0x8a,0x8b,0x6a,0x8b,0x69,0x8b,0x49,0x83,0x29,0x83,0x28,0x83,0x08,0x83,
    0x08,0x7b,0xe8,0x7a,0xc7,0x7a,0xc7,0x7a,0xc7,0x7a,0xa7,0x72,0x86,0x6a,0x66,0x6a,
    0x66,0x6a,0x66,0x6a,0x04,0x62,0xe4,0x59,0xc3,0x59,0xe3,0x59,0xe3,0x59,0xe3,0x59,
    0xe3,0x59,0xe3,0x61,0xc3,0x59,0xa2,0x59,0x82,0x51,0x62,0x51,0x62,0x51,0x62,0x51,
    0x42,0x51,0x21,0x49,0x21,0x49,0x21,0x49,0x22,0x49,0x42,0x51,0x42,0x51,0x42,0x51,
    0x22,0x49,0x21,0x49,0x21,0x49,0x21,0x49,0x22,0x49,0x22,0x49,0x42,0x49,0x42,0x49,
    0x42,0x49,0x21,0x49,0x01,0x41,0xe1,0x40,0xa1,0x40,0xc1,0x40,0xe2,0x48,0x02,0x49,
    0x02,0x51,0x02,0x49,0xe2,0x48,0x22,0x51,0x22,0x51,0x22,0x51,0x42,0x51,0x42,0x51,
    0x41,0x51,0x41,0x51,0x61,0x51,0x41,0x59,0x21,0x51,0x41,0x51,0x41,0x59,0x62,0x59,
    0x62,0x61,0x82,0x61,0x82,0x61,0x62,0x61,0x82,0x61,0xa3,0x61,0xa3,0x69,0xc3,0x69,
    0xc3,0x69,0xa4,0x69,0xc4,0x69,0xe4,0x69,0xc3,0x69,0xa3,0x69,0xc3,0x69,0xe3,0x69,
    0xe3,0x71,0x03,0x72,0x24,0x7a,0x24,0x7a,0x23,0x7a,0x23,0x7a,0x44,0x82,0x64,0x82,
    0x43,0x82,0x06,0x93,0xac,0xbc,0xac,0xbc,0xcc,0xbc,0xcc,0xbc,0xcc,0xbc,0xcc,0xbc,
    0xcc,0xbc,0xcc,0xbc,0xcc,0xbc,0xcc,0xbc,0xcc,0xbc,0xcc,0xbc,0xcc,0xbc,0xcc,0xbc,
    0xcc,0xbc,0xcc,0xbc,0xcc,0xbc,0xcc,0xbc,0xcc,0xbc,0xcc,0xbc,0xcc,0xbc,0xcc,0xbc,
    0xcc,0xbc,0xcc,0xbc,0xac,0xbc,0xcd,0xbc,0x8c,0xb4,0xca,0x93,0xaa,0x93,0xca,0x93,
    0xca,0x93,0xca,0x93,0xca,0x93,0xca,0x93,0xca,0x93,0xaa,0x93,0xaa,0x93,0xaa,0x93,
    0xaa,0x93,0xaa,0x93,0xca,0x93,0xca,0x93,0xaa,0x93,0xaa,0x93,0xca,0x93,0xca,0x93,
    0xca,0x93,0xaa,0x93,0xaa,0x93,0xaa,0x93,0xaa,0x93,0xaa,0x93,0xaa,0x93,0xca,0x93,
    0xca,0x93,0xca,0x93,0xca,0x93,0xca,0x93,0xca,0x93,0xcb,0x93,0xab,0x93,0xab,0x93,
    0xab,0x93,0xab,0x93,0xab,0x93,0xcb,0x93,0xcb,0x9b,0xcb,0x93,0xcb,0x93,0xcb,0x9b,
    0xcb,0x9b,0xcb,0x9b,0xcb,0x93,0xab,0x93,0xab,0x93,0xcb,0x93,0xcb,0x93,0xcb,0x93,
    0xcb,0x93,0xcb,0x93,0xaa,0x93,0xaa,0x93,0xaa,0x93,0xca,0x93,0xca,0x93,0xca,0x93,
    0xaa,0x93,0xaa,0x93,0xaa,0x93,0xca,0x93,0xaa,0x93,0xaa,0x93,0xaa,0x93,0x8a,0x93,
    0x8a,0x93,0x6a,0x8b,0x69,0x8b,0x69,0x8b,0x69,0x8b,0x69,0x8b,0x69,0x83,0x49,0x83,
    0x49,0x83,0x49,0x83,0x49,0x83,0x49,0x83,0x49,0x8b,0x49,0x8b,0x49,0x8b,0x49,0x8b,
    0x49,0x8b,0x49,0x83,0x29,0x83,0x49,0x83,0x49,0x83,0x49,0x83,0x49,0x83,0x49,0x83,
    0x49,0x83,0x29,0x83,0x29,0x83,0x29,0x83,0x29,0x83,0x29,0x83,0x29,0x83,0x29,0x83,
    0x28,0x7b,0x28,0x7b,0x08,0x7b,0x08,0x7b,0x08,0x7b,0x08,0x7b,0x28,0x7b,0x08,0x7b,
    0x29,0x83,0x69,0x8b,0x69,0x93,0x8a,0x93,0xaa,0x93,0xaa,0x93,0xaa,0x9b,0xaa,0x9b,
    0xaa,0x9b,0xaa,0x9b,0xaa,0x9b,0xaa,0x9b,0xca,0x9b,0xaa,0x9b,0x89,0x93,0x48,0x8b,
    0x27,0x83,0x07,0x83,0xc6,0x72,0xa6,0x72,0x86,0x72,0x65,0x72,0x45,0x6a,0x66,0x72,
    0xa7,0x7a,0xe7,0x7a,0x28,0x83,0x48,0x8b,0x48,0x8b,0x89,0x93,0xaa,0x9b,0xca,0x9b,
    0xca,0x9b,0xeb,0xa3,0x2b,0xa4,0x0b,0xa4,0x2b,0xa4,0x2b,0xa4,0x2b,0xa4,0x2b,0xac,
    0x2b,0xac,0x2b,0xac,0x4b,0xac,0x4b,0xac,0x4b,0xac,0x2b,0xac,0x0a,0xa4,0xea,0xa3,
    0xea,0xa3,0x69,0x93,0x07,0x83,0xe7,0x7a,0xc7,0x7a,0xe7,0x7a,0xe8,0x7a,0xe8,0x82,
    0x08,0x83,0x08,0x83,0x29,0x83,0x29,0x8b,0x49,0x8b,0x6a,0x93,0xab,0x93,0xcb,0x9b,
    0xeb,0x9b,0xec,0xa3,0x0c,0xa4,0xec,0xa3,0x0c,0xa4,0x0c,0xa4,0xec,0x9b,0xeb,0x9b,
    0xeb,0x93,0xeb,0x93,0xcb,0x9b,0xcb,0x9b,0xcb,0x9b,0xcb,0x9b,0xeb,0x9b,0xeb,0x9b,
    0xcb,0x9b,0xcb,0x9b,0xcb,0x93,0xcb,0x93,0xcb,0x93,0xcb,0x93,0xcb,0x93,0xab,0x93,
    0xaa,0x93,0xaa,0x93,0xab,0x93,0xaa,0x93,0x8a,0x8b,0x69,0x8b,0x69,0x8b,0x69,0x8b,
    0x69,0x8b,0x49,0x83,0x49,0x83,0x29,0x83,0x29,0x83,0x08,0x83,0xe8,0x7a,0xe8,0x7a,
    0xe8,0x7a,0xc7,0x72,0xa7,0x72,0xa7,0x72,0x86,0x72,0x86,0x6a,0x66,0x6a,0x65,0x6a,
    0x45,0x62,0x45,0x62,0x24,0x62,0x04,0x5a,0xe4,0x59,0xc4,0x59,0xc4,0x59,0xa3,0x59,
    0x83,0x51,0x82,0x51,0x82,0x51,0x62,0x51,0x62,0x51,0x62,0x51,0x42,0x49,0x42,0x49,
    0x42,0x49,0x42,0x49,0x42,0x49,0x42,0x49,0x22,0x49,0x22,0x41,0x21,0x41,0x22,0x41,
    0x22,0x49,0x22,0x41,0x01,0x41,0x01,0x41,0xc1,0x40,0xe1,0x40,0xe1,0x40,0xe2,0x48,
    0xe2,0x48,0xe2,0x48,0xe1,0x40,0xe1,0x48,0x02,0x49,0x22,0x49,0x42,0x51,0x42,0x51,
    0x22,0x51,0x22,0x51,0x22,0x51,0x22,0x51,0x22,0x51,0x01,0x49,0x21,0x51,0x22,0x51,
    0x42,0x51,0x42,0x51,0x62,0x59,0x62,0x59,0x62,0x59,0x62,0x59,0x62,0x59,0x62,0x59,
    0x62,0x59,0x62,0x59,0x83,0x61,0x83,0x61,0x83,0x61,0x83,0x61,0xa3,0x61,0xc3,0x61,
    0xc3,0x69,0xe3,0x69,0xe3,0x69,0xe3,0x69,0x04,0x72,0x04,0x72,0x04,0x72,0x03,0x72,
    0xe3,0x71,0x85,0x7a,0xad,0xbc,0xac,0xbc,0xcc,0xbc,0xcc,0xbc,0xcc,0xbc,0xcc,0xbc,
    0xcc,0xbc,0xcc,0xbc,0xcc,0xbc,0xcc,0xbc,0xcc,0xbc,0xcc,0xbc,0xcc,0xbc,0xcc,0xbc,
    0xcc,0xbc,0xcc,0xbc,0xcc,0xbc,0xcc,0xbc,0xcc,0xbc,0xcc,0xbc,0xcc,0xbc,0xcc,0xbc,
    0xcc,0xbc,0xcc,0xbc,0xac,0xbc,0xcd,0xbc,0x8c,0xb4,0xca,0x93,0xaa,0x93,0xca,0x93,
    0xca,0x93,0xca,0x93,0xca,0x93,0xca,0x93,0xca,0x93,0xaa,0x93,0xaa,0x93,0xaa,0x93,
    0xaa,0x93,0xaa,0x93,0xca,0x93,0xca,0x93,0xaa,0x93,0xaa,0x93,0xca,0x93,0xca,0x93,
    0xaa,0x93,0xaa,0x93,0xaa,0x93,0xaa,0x93,0xaa,0x93,0xaa,0x93,0xca,0x93,0xca,0x93,
    0xca,0x93,0xca,0x93,0xca,0x93,0xca,0x93,0xca,0x93,0xcb,0x93,0xab,0x93,0xab,0x93,
    0xab,0x93,0xaa,0x93,0xaa,0x93,0xcb,0x93,0xcb,0x93,0xcb,0x93,0xcb,0x93,0xcb,0x9b,
    0xcb,0x9b,0xcb,0x9b,0xcb,0x93,0xab,0x93,0xab,0x93,0xcb,0x93,0xcb,0x93,0xcb,0x93,
    0xcb,0x93,0xcb,0x93,0xaa,0x93,0xaa,0x93,0xaa,0x93,0xca,0x93,0xca,0x93,0xca,0x93,
    0xaa,0x93,0xaa,0x93,0xaa,0x93,0xaa,0x93,0xaa,0x93,0xaa,0x93,0xaa,0x93,0x8a,0x93,
    0x8a,0x93,0x6a,0x8b,0x69,0x8b,0x69,0x8b,0x69,0x8b,0x69,0x83,0x69,0x83,0x49,0x83,
    0x49,0x83,0x49,0x83,0x49,0x83,0x49,0x83,0x49,0x8b,0x49,0x8b,0x49,0x8b,0x49,0x8b,
    0x49,0x8b,0x29,0x83,0x29,0x83,0x49,0x83,0x49,0x83,0x49,0x83,0x49,0x83,0x49,0x83,
    0x49,0x83,0x29,0x83,0x29,0x83,0x29,0x83,0x29,0x83,0x29,0x83,0x29,0x83,0x29,0x83,
    0x28,0x7b,0x28,0x7b,0x08,0x7b,0x08,0x7b,0x08,0x7b,0x08,0x7b,0x28,0x7b,0x08,0x7b,
    0x29,0x83,0x69,0x83,0x69,0x93,0x8a,0x93,0xaa,0x93,0xaa,0x93,0xaa,0x9b,0xaa,0x9b,
    0xca,0x9b,0xca,0x9b,0xaa,0x9b,0xaa,0x9b,0xaa,0x9b,0xaa,0x9b,0x89,0x93,0x68,0x8b,
    0x28,0x83,0x07,0x83,0xc6,0x72,0xa6,0x72,0xa6,0x72,0x65,0x6a,0x25,0x6a,0x25,0x6a,
    0x66,0x72,0xa7,0x7a,0x08,0x83,0x28,0x8b,0x49,0x8b,0x69,0x93,0x69,0x93,0xaa,0x9b,
    0xca,0x9b,0xea,0x9b,0x0b,0xa4,0x2b,0xa4,0x2b,0xa4,0x2b,0xa4,0x2b,0xa4,0x2b,0xac,
    0x2b,0xa4,0x2b,0xa4,0x2b,0xac,0x4b,0xac,0x2b,0xa4,0x2b,0xa4,0x0b,0xa4,0x0a,0xa4,
    0xea,0xa3,0x69,0x93,0x07,0x83,0xe7,0x7a,0xc7,0x7a,0xe7,0x7a,0xe8,0x7a,0x08,0x83,
    0x08,0x83,0x08,0x83,0x29,0x8b,0x29,0x8b,0x49,0x8b,0x6a,0x93,0xab,0x93,0xcb,0x9b,
    0xeb,0x9b,0xeb,0x9b,0x0c,0xa4,0xec,0xa3,0xec,0xa3,0xec,0xa3,0xec,0x9b,0xeb,0x9b,
    0xeb,0x93,0xeb,0x93,0xcb,0x9b,0xcb,0x9b,0xcb,0x9b,0xcb,0x9b,0xcb,0x9b,0xeb,0x9b,
    0xcb,0x9b,0xcb,0x9b,0xcb,0x93,0xcb,0x93,0xcb,0x93,0xcb,0x93,0xcb,0x93,0xab,0x93,
    0xaa,0x93,0xaa,0x93,0xab,0x93,0xaa,0x93,0x8a,0x93,0x8a,0x8b,0x89,0x8b,0x89,0x8b,
    0x69,0x8b,0x6a,0x8b,0x8a,0x8b,0x6a,0x8b,0x6a,0x8b,0x49,0x83,0x49,0x83,0x29,0x83,
    0x29,0x83,0x28,0x83,0x28,0x83,0x28,0x83,0x08,0x83,0x08,0x7b,0x08,0x7b,0xe8,0x7a,
    0xe7,0x72,0xa7,0x72,0x86,0x6a,0x86,0x6a,0x66,0x6a,0x66,0x72,0x66,0x72,0x45,0x6a,
    0x04,0x62,0xe4,0x61,0xe4,0x61,0xe4,0x59,0xc4,0x59,0xa3,0x59,0x83,0x51,0x83,0x51,
    0x83,0x51,0x83,0x51,0x83,0x51,0x83,0x51,0x63,0x49,0x42,0x49,0x42,0x49,0x42,0x49,
    0x63,0x51,0x42,0x49,0x42,0x49,0x22,0x49,0x01,0x41,0xe1,0x40,0xe1,0x40,0x01,0x41,
    0x01,0x41,0xe1,0x40,0xe1,0x40,0xe1,0x40,0x01,0x41,0x01,0x49,0x02,0x49,0x22,0x49,
    0x22,0x49,0x22,0x49,0x22,0x49,0x22,0x49,0x22,0x49,0x01,0x49,0x01,0x49,0x22,0x49,
    0x22,0x51,0x22,0x51,0x42,0x51,0x62,0x59,0x42,0x51,0x42,0x51,0x42,0x51,0x21,0x51,
    0x21,0x51,0x42,0x51,0x62,0x59,0x63,0x59,0x62,0x59,0x62,0x59,0x62,0x59,0x83,0x59,
    0xa3,0x61,0xa3,0x61,0x82,0x59,0xa3,0x61,0xe4,0x69,0xe4,0x69,0xc3,0x69,0xc3,0x69,
    0x82,0x61,0x44,0x7a,0xad,0xbc,0xac,0xbc,0xcc,0xbc,0xcc,0xbc,0xcc,0xbc,0xcc,0xbc,
    0xcc,0xbc,0xcc,0xbc,0xcc,0xbc,0xcc,0xbc,0xcc,0xbc,0xcc,0xbc,0xcc,0xbc,0xcc,0xbc,
    0xcc,0xbc,0xcc,0xbc,0xcc,0xbc,0xcc,0xbc,0xcc,0xbc,0xcc,0xbc,0xcc,0xbc,0xcc,0xbc,
    0xcc,0xbc,0xcc,0xbc,0xac,0xbc,0xcd,0xbc,0x8c,0xb4,0xca,0x93,0xaa,0x93,0xca,0x93,
    0xca,0x93,0xca,0x93,0xca,0x93,0xca,0x93,0xca,0x93,0xaa,0x93,0xaa,0x93,0xaa,0x93,
    0xaa,0x93,0xaa,0x93,0xaa,0x93,0xaa,0x93,0xaa,0x93,0xaa,0x93,0xaa,0x93,0xaa,0x93,
    0xaa,0x93,0xaa,0x93,0xaa,0x93,0xaa,0x93,0xaa,0x93,0xaa,0x93,0xca,0x93,0xca,0x93,
    0xca,0x93,0xca,0x93,0xca,0x93,0xca,0x93,0xca,0x93,0xcb,0x93,0xab,0x93,0xab,0x93,
    0xab,0x93,0xaa,0x93,0xaa,0x93,0xaa,0x93,0xab,0x93,0xaa,0x93,0xaa,0x93,0xcb,0x93,
    0xcb,0x93,0xcb,0x9b,0xcb,0x93,0xab,0x93,0xab,0x93,0xcb,0x93,0xcb,0x93,0xcb,0x93,
    0xcb,0x93,0xcb,0x93,0xaa,0x93,0xaa,0x93,0xaa,0x93,0xca,0x93,0xca,0x93,0xca,0x93,
    0xcb,0x9b,0xcb,0x9b,0xaa,0x93,0xaa,0x93,0xaa,0x93,0xaa,0x93,0xaa,0x93,0x8a,0x93,
    0x8a,0x93,0x6a,0x8b,0x69,0x8b,0x69,0x8b,0x69,0x83,0x69,0x83,0x49,0x83,0x49,0x83,
    0x49,0x83,0x49,0x83,0x49,0x83,0x49,0x83,0x49,0x8b,0x49,0x8b,0x49,0x8b,0x49,0x8b,
    0x49,0x8b,0x29,0x83,0x29,0x83,0x49,0x83,0x49,0x83,0x49,0x83,0x49,0x83,0x49,0x83,
    0x49,0x83,0x29,0x83,0x29,0x83,0x29,0x83,0x29,0x83,0x29,0x83,0x29,0x83,0x29,0x83,
    0x28,0x7b,0x28,0x7b,0x08,0x7b,0x08,0x7b,0x08,0x7b,0x08,0x7b,0x08,0x7b,0x08,0x7b,
    0x28,0x83,0x49,0x83,0x69,0x93,0x8a,0x93,0xaa,0x93,0xaa,0x93,0xca,0x9b,0xca,0x9b,
    0xca,0x9b,0xca,0x9b,0xca,0x9b,0xaa,0x9b,0xa9,0x93,0x89,0x93,0x89,0x93,0x68,0x8b,
    0x48,0x8b,0x28,0x83,0xc6,0x72,0xa6,0x72,0x86,0x72,0x66,0x6a,0x24,0x62,0xe4,0x61,
    0x05,0x62,0x65,0x6a,0xc7,0x72,0x08,0x83,0x08,0x83,0x07,0x83,0xe7,0x82,0x28,0x8b,
    0x69,0x93,0xca,0x9b,0x0b,0xa4,0x2b,0xa4,0x2b,0xa4,0x2b,0xa4,0x2b,0xa4,0x2b,0xac,
    0x2b,0xa4,0x2b,0xa4,0x2b,0xa4,0x2b,0xa4,0x0b,0xa4,0x0b,0xa4,0x2b,0xa4,0x2b,0xa4,
    0xea,0xa3,0x69,0x93,0x07,0x83,0xe7,0x7a,0xe7,0x7a,0xe8,0x7a,0xe8,0x82,0x08,0x83,
    0x08,0x83,0x08,0x83,0x29,0x8b,0x29,0x8b,0x49,0x8b,0x6a,0x93,0xab,0x93,0xcb,0x9b,
    0xeb,0x9b,0xeb,0x9b,0xec,0xa3,0xec,0xa3,0xec,0xa3,0xec,0xa3,0xec,0x9b,0xeb,0x9b,
    0xeb,0x9b,0xeb,0x9b,0xcb,0x9b,0xeb,0x9b,0xeb,0x9b,0xcb,0x9b,0xcb,0x9b,0xcb,0x9b,
    0xcb,0x9b,0xcb,0x93,0xcb,0x93,0xcb,0x93,0xcb,0x93,0xcb,0x93,0xcb,0x93,0xab,0x93,
    0xaa,0x93,0xaa,0x93,0xaa,0x93,0xaa,0x93,0xaa,0x93,0xaa,0x93,0xaa,0x93,0x8a,0x93,
    0x8a,0x8b,0xaa,0x93,0xaa,0x93,0x8a,0x93,0x8a,0x8b,0x8a,0x8b,0x6a,0x8b,0x6a,0x8b,
    0x69,0x8b,0x6a,0x8b,0x6a,0x8b,0x6a,0x8b,0x69,0x8b,0x49,0x83,0x49,0x83,0x29,0x83,
    0x08,0x7b,0x08,0x7b,0x08,0x7b,0x08,0x7b,0xe8,0x7a,0xc7,0x7a,0xe8,0x7a,0xa7,0x72,
    0x86,0x72,0x86,0x72,0x86,0x72,0x86,0x72,0x66,0x6a,0x46,0x6a,0x25,0x62,0x05,0x62,
    0x04,0x62,0x04,0x62,0xe4,0x61,0xe4,0x59,0xc4,0x59,0xc4,0x59,0xc4,0x59,0xc4,0x59,
    0xc4,0x59,0x83,0x51,0x62,0x49,0x42,0x49,0x43,0x51,0x42,0x51,0x43,0x51,0x42,0x49,
    0x22,0x49,0x22,0x49,0x22,0x49,0x01,0x41,0xe1,0x40,0xe1,0x40,0xe1,0x40,0x01,0x49,
    0x21,0x49,0x21,0x49,0x21,0x49,0x21,0x49,0x01,0x49,0x01,0x49,0x01,0x49,0x01,0x49,
    0x01,0x49,0x22,0x49,0x22,0x49,0x22,0x51,0x22,0x49,0x02,0x49,0x22,0x49,0x02,0x49,
    0x01,0x49,0x22,0x51,0x22,0x51,0x22,0x51,0x22,0x51,0x22,0x51,0x22,0x51,0x42,0x51,
    0x42,0x59,0x62,0x59,0x42,0x51,0x63,0x59,0x83,0x59,0x83,0x61,0xa3,0x61,0xa3,0x61,
    0x62,0x59,0x44,0x72,0xad,0xbc,0xac,0xbc,0xac,0xbc,0xcc,0xbc,0xcc,0xbc,0xcc,0xbc,
    0xcc,0xbc,0xcc,0xbc,0xcc,0xbc,0xcc,0xbc,0xcc,0xbc,0xcc,0xbc,0xcc,0xbc,0xcc,0xbc,
    0xcc,0xbc,0xcc,0xbc,0xcc,0xbc,0xcc,0xbc,0xcc,0xbc,0xcc,0xbc,0xcc,0xbc,0xcc,0xbc,
    0xcc,0xbc,0xcc,0xbc,0xac,0xbc,0xcd,0xbc,0x8c,0xb4,0xca,0x93,0xaa,0x93,0xca,0x93,
    0xca,0x93,0xca,0x93,0xca,0x93,0xca,0x93,0xca,0x93,0xaa,0x93,0xaa,0x93,0xaa,0x93,
    0xaa,0x93,0xaa,0x93,0xaa,0x93,0xaa,0x93,0xaa,0x93,0xaa,0x93,0xaa,0x93,0xaa,0x93,
    0xaa,0x93,0xaa,0x93,0x8a,0x93,0xaa,0x93,0xaa,0x93,0xaa,0x93,0xca,0x93,0xca,0x93,
    0xca,0x93,0xca,0x93,0xca,0x93,0xca,0x93,0xca,0x93,0xcb,0x93,0xab,0x93,0xab,0x93,
    0xab,0x93,0xaa,0x93,0xaa,0x93,0xaa,0x93,0xaa,0x93,0xaa,0x93,0xaa,0x93,0xab,0x93,
    0xcb,0x93,0xcb,0x9b,0xcb,0x93,0xab,0x93,0xab,0x93,0xcb,0x93,0xcb,0x93,0xcb,0x93,
    0xcb,0x93,0xcb,0x93,0xaa,0x93,0xaa,0x93,0xaa,0x93,0xca,0x93,0xca,0x93,0xca,0x93,
    0xeb,0x9b,0xeb,0x9b,0xaa,0x93,0xaa,0x93,0xaa,0x93,0xaa,0x93,0xaa,0x93,0x8a,0x93,
    0x8a,0x93,0x6a,0x8b,0x69,0x8b,0x69,0x8b,0x69,0x83,0x69,0x83,0x49,0x83,0x49,0x83,
    0x49,0x83,0x49,0x83,0x49,0x83,0x49,0x83,0x49,0x8b,0x49,0x8b,0x49,0x8b,0x49,0x8b,
    0x49,0x8b,0x29,0x83,0x29,0x83,0x49,0x83,0x49,0x83,0x49,0x83,0x49,0x83,0x49,0x83,
    0x49,0x83,0x29,0x83,0x29,0x83,0x29,0x83,0x29,0x83,0x29,0x83,0x29,0x83,0x29,0x83,
    0x28,0x7b,0x28,0x7b,0x08,0x7b,0x08,0x7b,0x08,0x7b,0x08,0x7b,0x08,0x7b,0x08,0x7b,
    0x28,0x7b,0x49,0x83,0x6a,0x93,0x8a,0x93,0xaa,0x93,0xaa,0x9b,0xca,0x9b,0xca,0x9b,
    0xca,0x9b,0xca,0x9b,0xca,0x9b,0xaa,0x9b,0x89,0x93,0x89,0x93,0x89,0x93,0x69,0x8b,
    0x48,0x8b,0x28,0x83,0xc6,0x72,0xa6,0x72,0x86,0x72,0x66,0x6a,0x04,0x62,0xc3,0x59,
    0xe4,0x59,0x04,0x62,0x66,0x6a,0xa7,0x72,0xe7,0x7a,0xe7,0x7a,0xc7,0x7a,0x08,0x83,
    0x69,0x93,0xca,0x9b,0x0b,0xa4,0x2b,0xac,0x2b,0xa4,0x2b,0xa4,0x2b,0xa4,0x2b,0xac,
    0x2b,0xa4,0x2b,0xa4,0x2b,0xa4,0x2b,0xa4,0x0a,0xa4,0x0b,0xa4,0x2b,0xa4,0x2b,0xac,
    0xea,0xa3,0x69,0x93,0x07,0x83,0xe7,0x82,0xe7,0x7a,0xe8,0x82,0x08,0x83,0x08,0x83,
    0x08,0x83,0x08,0x83,0x29,0x8b,0x29,0x8b,0x49,0x8b,0x6a,0x93,0xab,0x93,0xcb,0x9b,
    0xeb,0x9b,0xeb,0x9b,0xeb,0x9b,0xec,0xa3,0xec,0xa3,0xec,0xa3,0xec,0x9b,0xeb,0x9b,
    0xeb,0x9b,0xcb,0x9b,0xcb,0x9b,0xeb,0x9b,0xeb,0x9b,0xcb,0x9b,0xcb,0x9b,0xcb,0x9b,
    0xcb,0x9b,0xcb,0x93,0xcb,0x93,0xcb,0x93,0xcb,0x93,0xcb,0x93,0xcb,0x93,0xab,0x93,
    0xaa,0x93,0xaa,0x93,0x8a,0x93,0xaa,0x93,0xab,0x93,0xcb,0x93,0xaa,0x93,0xaa,0x93,
    0xaa,0x93,0xaa,0x93,0x8a,0x93,0x8a,0x93,0x8a,0x8b,0x8a,0x8b,0x8a,0x8b,0x6a,0x8b,
    0x69,0x8b,0x6a,0x8b,0x6a,0x8b,0x69,0x8b,0x69,0x8b,0x49,0x8b,0x49,0x83,0x29,0x83,
    0x29,0x83,0x29,0x83,0x29,0x83,0x49,0x83,0x29,0x83,0x29,0x83,0x29,0x83,0x08,0x83,
    0xe8,0x7a,0xe8,0x7a,0xe8,0x7a,0xe8,0x7a,0xe8,0x7a,0xc8,0x7a,0xa7,0x72,0x86,0x72,
    0x87,0x72,0x87,0x72,0x87,0x72,0x86,0x72,0x46,0x6a,0x46,0x6a,0x46,0x62,0x46,0x62,
    0x26,0x62,0x05,0x62,0xc4,0x59,0xa4,0x59,0xa4,0x59,0xa4,0x59,0xa4,0x59,0x83,0x59,
    0x63,0x51,0x63,0x51,0x63,0x51,0x63,0x51,0x62,0x51,0x42,0x49,0x42,0x49,0x42,0x49,
    0x42,0x49,0x42,0x49,0x42,0x49,0x21,0x49,0x01,0x49,0x01,0x41,0xe1,0x40,0x01,0x41,
    0x01,0x41,0x01,0x41,0x01,0x49,0x02,0x49,0xe2,0x48,0xe2,0x48,0xe2,0x48,0xe1,0x40,
    0xc1,0x40,0xe1,0x40,0x02,0x49,0xe2,0x48,0xe2,0x48,0x02,0x49,0x02,0x49,0x02,0x49,
    0x22,0x51,0x42,0x51,0x43,0x51,0x43,0x51,0x22,0x51,0x42,0x51,0x62,0x59,0x42,0x59,
    0x01,0x51,0x04,0x6a,0xad,0xbc,0xac,0xbc,0xac,0xbc,0xcb,0xbc,0xcc,0xbc,0xcc,0xbc,
    0xcc,0xbc,0xcc,0xbc,0xcc,0xbc,0xcc,0xbc,0xcc,0xbc,0xcc,0xbc,0xcc,0xbc,0xcc,0xbc,
    0xcc,0xbc,0xcc,0xbc,0xcc,0xbc,0xcc,0xbc,0xcc,0xbc,0xcc,0xbc,0xcc,0xbc,0xcc,0xbc,
    0xcc,0xbc,0xcc,0xbc,0xac,0xbc,0xcc,0xbc,0x8c,0xb4,0xca,0x9b,0xaa,0x93,0xaa,0x93,
    0xaa,0x93,0xaa,0x93,0xca,0x93,0xca,0x93,0xca,0x93,0xca,0x93,0xca,0x93,0xaa,0x93,
    0xaa,0x93,0xaa,0x93,0xaa,0x93,0xaa,0x93,0xaa,0x93,0xaa,0x93,0xca,0x93,0xaa,0x93,
    0xaa,0x93,0x8a,0x93,0xaa,0x93,0xaa,0x93,0xaa,0x93,0xaa,0x93,0xca,0x93,0xca,0x93,
    0xca,0x93,0xca,0x93,0xaa,0x93,0xaa,0x93,0xaa,0x93,0xaa,0x93,0xab,0x93,0xab,0x93,
    0xab,0x93,0xaa,0x93,0xaa,0x93,0xaa,0x93,0xaa,0x93,0xab,0x93,0xab,0x93,0xaa,0x93,
    0xaa,0x93,0xab,0x93,0xab,0x93,0xab,0x93,0xab,0x93,0xab,0x93,0xab,0x93,0xab,0x93,
    0xcb,0x93,0xcb,0x9b,0xcb,0x93,0xab,0x93,0xca,0x93,0xca,0x93,0xca,0x93,0xca,0x93,
    0xca,0x93,0xca,0x93,0xaa,0x93,0xaa,0x93,0xaa,0x93,0xaa,0x93,0x8a,0x93,0x8a,0x93,
    0x8a,0x93,0x8a,0x93,0x6a,0x8b,0x69,0x8b,0x89,0x8b,0x69,0x8b,0x69,0x83,0x69,0x83,
    0x69,0x83,0x49,0x83,0x49,0x83,0x49,0x83,0x29,0x83,0x29,0x83,0x29,0x83,0x49,0x8b,
    0x49,0x8b,0x29,0x83,0x29,0x83,0x49,0x83,0x49,0x83,0x49,0x83,0x49,0x83,0x49,0x83,
    0x49,0x83,0x49,0x83,0x49,0x83,0x29,0x83,0x29,0x83,0x28,0x7b,0x29,0x83,0x29,0x83,
    0x28,0x7b,0x28,0x7b,0x08,0x7b,0x08,0x7b,0x08,0x7b,0x08,0x7b,0x08,0x7b,0x08,0x7b,
    0x08,0x7b,0x49,0x83,0x8a,0x93,0xaa,0x9b,0x89,0x93,0xaa,0x9b,0xca,0x9b,0xca,0x9b,
    0xca,0x9b,0xca,0x9b,0xca,0x9b,0xca,0x9b,0xaa,0x9b,0xa9,0x93,0x89,0x93,0x69,0x8b,
    0x48,0x8b,0x28,0x83,0xc7,0x7a,0xa6,0x72,0x66,0x6a,0x45,0x6a,0x05,0x62,0xe4,0x59,
    0xc4,0x59,0xe4,0x59,0x25,0x62,0x86,0x72,0xc7,0x7a,0x08,0x83,0x28,0x8b,0x69,0x93,
    0xaa,0x9b,0xeb,0xa3,0x0b,0xa4,0x2b,0xa4,0x2b,0xac,0x2b,0xa4,0x2b,0xac,0x2b,0xac,
    0x2b,0xac,0x4b,0xac,0x4c,0xac,0x2b,0xa4,0x0b,0xa4,0x2b,0xac,0x4b,0xac,0x2b,0xa4,
    0xca,0xa3,0x48,0x8b,0xe7,0x82,0xe7,0x82,0xe7,0x7a,0xe8,0x82,0x08,0x83,0x08,0x83,
    0x08,0x83,0x29,0x83,0x29,0x8b,0x29,0x8b,0x49,0x8b,0x6a,0x93,0xab,0x93,0xcb,0x9b,
    0xeb,0x9b,0xeb,0x9b,0xeb,0x9b,0xeb,0x9b,0xeb,0x9b,0xeb,0x9b,0xeb,0x9b,0xcb,0x9b,
    0xcb,0x9b,0xcb,0x9b,0xcb,0x9b,0xcb,0x9b,0xcb,0x9b,0xcb,0x9b,0xcb,0x9b,0xcb,0x9b,
    0xcb,0x9b,0xcb,0x9b,0xcb,0x9b,0xcb,0x93,0xcb,0x93,0xcb,0x93,0xcb,0x93,0xab,0x93,
    0xaa,0x93,0xaa,0x93,0x8a,0x93,0xaa,0x93,0xaa,0x93,0xaa,0x93,0xca,0x93,0xaa,0x93,
    0x8a,0x93,0x8a,0x93,0x8a,0x93,0x8a,0x93,0x8a,0x93,0x8a,0x93,0x8a,0x8b,0x8a,0x8b,
    0x6a,0x8b,0x6a,0x8b,0x6a,0x8b,0x6a,0x8b,0x6a,0x8b,0x49,0x8b,0x49,0x83,0x49,0x83,
    0x49,0x83,0x49,0x83,0x49,0x83,0x49,0x83,0x49,0x83,0x49,0x8b,0x49,0x83,0x49,0x83,
    0x29,0x83,0x29,0x83,0x29,0x83,0x29,0x83,0x28,0x83,0x08,0x83,0x08,0x7b,0x08,0x7b,
    0xe8,0x7a,0xe8,0x7a,0xe8,0x7a,0xe8,0x7a,0xc7,0x7a,0xc7,0x72,0xc7,0x72,0xc7,0x72,
    0x87,0x72,0x66,0x6a,0x46,0x6a,0x25,0x62,0x25,0x6a,0x25,0x6a,0x25,0x6a,0x25,0x62,
    0x05,0x62,0xe4,0x61,0xe4,0x61,0xc4,0x59,0xc4,0x59,0xa3,0x59,0xa3,0x59,0xa3,0x59,
    0x83,0x51,0x83,0x51,0x83,0x51,0x62,0x49,0x63,0x51,0x62,0x49,0x21,0x49,0x21,0x49,
    0x21,0x41,0x01,0x41,0x01,0x41,0x02,0x49,0x02,0x41,0xe2,0x40,0xe1,0x40,0xe1,0x40,
    0xe1,0x40,0xe1,0x40,0xe2,0x40,0xe2,0x48,0xe1,0x48,0xe1,0x40,0xe1,0x48,0x02,0x49,
    0x22,0x49,0x22,0x49,0x22,0x49,0x22,0x49,0x22,0x49,0x22,0x51,0x42,0x51,0x22,0x51,
    0x02,0x51,0xe3,0x69,0xcd,0xbc,0xcc,0xbc,0xcc,0xbc,0xcc,0xbc,0xcc,0xbc,0xcc,0xbc,
    0xcc,0xbc,0xcc,0xbc,0xcc,0xbc,0xcc,0xbc,0xcc,0xbc,0xcc,0xbc,0xcc,0xbc,0xcc,0xbc,
    0xcc,0xbc,0xcc,0xbc,0xcc,0xbc,0xcc,0xbc,0xcc,0xbc,0xcc,0xbc,0xcc,0xbc,0xcc,0xbc,
    0xcc,0xbc,0xcc,0xbc,0xac,0xbc,0xcc,0xbc,0x8c,0xb4,0xca,0x9b,0xaa,0x93,0xaa,0x93,
    0xaa,0x93,0xaa,0x93,0xaa,0x93,0xaa,0x93,0xaa,0x93,0xaa,0x93,0xaa,0x93,0xaa,0x93,
    0xaa,0x93,0xaa,0x93,0xaa,0x93,0xaa,0x93,0xaa,0x93,0xaa,0x93,0xaa,0x93,0xaa,0x93,
    0xaa,0x93,0xaa,0x93,0xaa,0x93,0xaa,0x93,0xaa,0x93,0xaa,0x93,0xca,0x93,0xca,0x93,
    0xca,0x93,0xca,0x93,0xaa,0x93,0xaa,0x93,0xaa,0x93,0xaa,0x93,0xab,0x93,0xab,0x93,
    0xab,0x93,0xaa,0x93,0xaa,0x93,0xaa,0x93,0xaa,0x93,0xab,0x93,0xab,0x93,0xaa,0x93,
    0xaa,0x93,0xab,0x93,0xab,0x93,0xab,0x93,0xab,0x93,0xab,0x93,0xab,0x93,0xab,0x93,
    0xcb,0x93,0xcb,0x9b,0xcb,0x93,0xab,0x93,0xca,0x93,0xca,0x93,0xca,0x93,0xca,0x93,
    0xca,0x93,0xca,0x93,0xaa,0x93,0xaa,0x93,0xaa,0x93,0xaa,0x93,0xaa,0x93,0x8a,0x93,
    0x8a,0x93,0x8a,0x93,0x8a,0x8b,0x89,0x8b,0x89,0x8b,0x89,0x8b,0x69,0x8b,0x69,0x83,
    0x69,0x83,0x49,0x83,0x49,0x83,0x49,0x83,0x49,0x83,0x49,0x83,0x49,0x83,0x49,0x8b,
    0x49,0x8b,0x29,0x83,0x29,0x83,0x49,0x83,0x49,0x83,0x49,0x83,0x49,0x83,0x49,0x83,
    0x49,0x83,0x49,0x83,0x49,0x83,0x29,0x83,0x29,0x83,0x28,0x7b,0x29,0x83,0x29,0x83,
    0x28,0x7b,0x28,0x7b,0x08,0x7b,0x08,0x7b,0x08,0x7b,0x08,0x7b,0x08,0x7b,0x08,0x7b,
    0x08,0x7b,0x49,0x83,0x69,0x93,0x8a,0x93,0x89,0x93,0xaa,0x9b,0xca,0x9b,0xca,0x9b,
    0xca,0x9b,0xca,0x9b,0xca,0x9b,0xeb,0x9b,0xca,0x9b,0xaa,0x9b,0xaa,0x93,0x89,0x93,
    0x68,0x8b,0x28,0x83,0xc7,0x7a,0xa7,0x72,0x66,0x6a,0x45,0x62,0x04,0x5a,0xc3,0x51,
    0xc3,0x51,0xc3,0x51,0x25,0x62,0x86,0x72,0xe8,0x7a,0x28,0x83,0x69,0x8b,0xaa,0x93,
    0xaa,0x9b,0xca,0x9b,0xca,0x9b,0xea,0x9b,0x2b,0xa4,0x2b,0xac,0x4b,0xac,0x4b,0xac,
    0x4b,0xac,0x4c,0xac,0x6c,0xac,0x2b,0xac,0x2b,0xa4,0x4b,0xac,0x2b,0xac,0x0a,0xa4,
    0xaa,0x9b,0x28,0x8b,0xe7,0x82,0xe7,0x7a,0xe7,0x7a,0xe8,0x82,0x08,0x83,0x08,0x83,
    0x08,0x83,0x29,0x83,0x29,0x8b,0x29,0x8b,0x49,0x8b,0x6a,0x93,0x8a,0x93,0xcb,0x9b,
    0xcb,0x9b,0xeb,0x9b,0xeb,0x9b,0xeb,0x9b,0xeb,0x9b,0xeb,0x9b,0xeb,0x9b,0xcb,0x9b,
    0xcb,0x9b,0xcb,0x9b,0xcb,0x9b,0xcb,0x9b,0xcb,0x9b,0xcb,0x9b,0xab,0x9b,0xab,0x9b,
    0xcb,0x9b,0xcb,0x9b,0xcb,0x93,0xcb,0x93,0xcb,0x93,0xcb,0x93,0xcb,0x93,0xab,0x93,
    0xaa,0x93,0xaa,0x93,0xaa,0x93,0xaa,0x93,0xaa,0x93,0xaa,0x93,0xaa,0x93,0xaa,0x93,
    0x8a,0x93,0x8a,0x93,0x8a,0x93,0x8a,0x93,0x8a,0x93,0x8a,0x93,0x8a,0x8b,0x8a,0x8b,
    0x6a,0x8b,0x6a,0x8b,0x6a,0x8b,0x6a,0x8b,0x6a,0x8b,0x6a,0x8b,0x6a,0x8b,0x6a,0x8b,
    0x6a,0x8b,0x69,0x83,0x69,0x83,0x69,0x83,0x69,0x8b,0x69,0x8b,0x49,0x83,0x49,0x83,
    0x49,0x83,0x49,0x83,0x49,0x83,0x49,0x83,0x49,0x83,0x29,0x83,0x29,0x83,0x28,0x83,
    0x29,0x83,0x29,0x83,0x29,0x83,0x29,0x83,0x29,0x83,0x29,0x83,0x29,0x83,0x29,0x83,
    0x08,0x7b,0xe8,0x7a,0xc7,0x72,0xa7,0x72,0xa7,0x7a,0xa7,0x7a,0xa7,0x7a,0xa7,0x7a,
    0xa7,0x7a,0xa7,0x72,0xa7,0x72,0x66,0x6a,0x45,0x6a,0x25,0x6a,0x25,0x62,0x05,0x62,
    0x05,0x62,0x04,0x62,0xe4,0x61,0xc4,0x59,0xc4,0x59,0xc4,0x59,0xa3,0x51,0x83,0x51,
    0x63,0x49,0x62,0x49,0x42,0x49,0x42,0x49,0x22,0x49,0x22,0x49,0x02,0x41,0x02,0x41,
    0x02,0x41,0x02,0x41,0x02,0x41,0x02,0x49,0x01,0x41,0x01,0x41,0xe1,0x40,0xe1,0x40,
    0xe1,0x40,0x01,0x41,0x02,0x41,0x02,0x49,0x02,0x49,0x02,0x49,0x22,0x51,0x22,0x49,
    0x01,0x49,0xc3,0x61,0xcd,0xbc,0xcc,0xbc,0xcc,0xbc,0xcc,0xbc,0xcc,0xbc,0xcc,0xbc,
    0xcc,0xbc,0xcc,0xbc,0xcc,0xbc,0xcc,0xbc,0xcc,0xbc,0xcc,0xbc,0xcc,0xbc,0xcc,0xbc,
    0xcc,0xbc,0xcc,0xbc,0xcc,0xbc,0xcc,0xbc,0xcc,0xbc,0xcc,0xbc,0xcc,0xbc,0xcc,0xbc,
    0xcc,0xbc,0xcc,0xbc,0xac,0xbc,0xcc,0xbc,0x8c,0xb4,0xca,0x9b,0xaa,0x93,0xaa,0x93,
    0xaa,0x93,0xaa,0x93,0xaa,0x93,0xaa,0x93,0xaa,0x93,0xaa,0x93,0xaa,0x93,0xaa,0x93,
    0xaa,0x93,0xaa,0x93,0xaa,0x93,0xaa,0x93,0xaa,0x93,0xaa,0x93,0xaa,0x93,0xaa,0x93,
    0xca,0x93,0xca,0x93,0xaa,0x93,0xaa,0x93,0xaa,0x93,0xaa,0x93,0xca,0x93,0xca,0x93,
    0xca,0x93,0xaa,0x93,0xaa,0x93,0xaa,0x93,0xaa,0x8b,0xaa,0x93,0xab,0x93,0xab,0x93,
    0xab,0x93,0xaa,0x93,0xaa,0x93,0xaa,0x93,0xaa,0x93,0xcb,0x93,0xab,0x93,0xaa,0x93,
    0xaa,0x93,0xab,0x93,0xab,0x93,0xab,0x93,0xab,0x93,0xab,0x93,0xab,0x93,0xab,0x93,
    0xcb,0x93,0xcb,0x9b,0xcb,0x93,0xab,0x93,0xca,0x93,0xca,0x93,0xca,0x93,0xca,0x93,
    0xca,0x93,0xca,0x93,0xaa,0x93,0xaa,0x93,0xaa,0x93,0xaa,0x93,0xaa,0x93,0xaa,0x93,
    0xaa,0x93,0x8a,0x93,0x8a,0x93,0x8a,0x8b,0x89,0x8b,0x8a,0x8b,0x69,0x8b,0x69,0x8b,
    0x69,0x83,0x49,0x83,0x49,0x83,0x49,0x83,0x49,0x8b,0x49,0x8b,0x49,0x8b,0x49,0x8b,
    0x49,0x8b,0x49,0x83,0x29,0x83,0x49,0x83,0x49,0x83,0x49,0x83,0x49,0x83,0x29,0x83,
    0x29,0x83,0x29,0x83,0x29,0x83,0x29,0x83,0x29,0x83,0x29,0x83,0x29,0x83,0x29,0x83,
    0x28,0x7b,0x28,0x7b,0x08,0x7b,0x08,0x7b,0x08,0x7b,0x08,0x7b,0x08,0x7b,0x08,0x7b,
    0x08,0x7b,0x49,0x83,0x49,0x8b,0x69,0x93,0x89,0x93,0xca,0x9b,0xca,0x9b,0xca,0x9b,
    0xca,0x9b,0xca,0x9b,0xeb,0xa3,0x0b,0xa4,0xeb,0x9b,0xca,0x9b,0xaa,0x9b,0x89,0x93,
    0x69,0x93,0x29,0x8b,0xe8,0x7a,0xc7,0x72,0x86,0x6a,0x45,0x62,0x05,0x5a,0xe4,0x51,
    0xc4,0x51,0xe4,0x59,0x25,0x62,0x86,0x6a,0xa7,0x72,0xe8,0x7a,0x69,0x8b,0x8a,0x93,
    0x69,0x8b,0x89,0x93,0xa9,0x9b,0xa9,0x9b,0x2b,0xa4,0x4b,0xac,0x4b,0xac,0x4b,0xac,
    0x4b,0xac,0x6c,0xac,0x6c,0xac,0x4b,0xac,0x2b,0xa4,0x4b,0xac,0x2b,0xa4,0xea,0xa3,
    0x89,0x93,0x07,0x83,0xe7,0x7a,0xe7,0x7a,0xe7,0x7a,0xe8,0x82,0x08,0x83,0x08,0x83,
    0x08,0x83,0x29,0x83,0x29,0x8b,0x29,0x8b,0x29,0x8b,0x6a,0x93,0x8a,0x93,0xcb,0x9b,
    0xcb,0x9b,0xcb,0x9b,0xcb,0x9b,0xeb,0x9b,0xeb,0x9b,0xeb,0x9b,0xeb,0x9b,0xcb,0x9b,
    0xcb,0x9b,0xcb,0x9b,0xcb,0x9b,0xcb,0x9b,0xcb,0x9b,0xcb,0xa3,0xab,0x9b,0xaa,0x93,
    0xab,0x93,0xcb,0x93,0xcb,0x93,0xcb,0x93,0xcb,0x93,0xcb,0x93,0xcb,0x93,0xab,0x93,
    0xaa,0x93,0xaa,0x93,0xaa,0x93,0xaa,0x93,0x8a,0x93,0x6a,0x8b,0x8a,0x93,0x8a,0x93,
    0xaa,0x93,0x8a,0x93,0x8a,0x93,0x8a,0x93,0x8a,0x93,0x8a,0x93,0x8a,0x8b,0x8a,0x8b,
    0x6a,0x8b,0x6a,0x8b,0x6a,0x8b,0x6a,0x8b,0x6a,0x8b,0x6a,0x8b,0x6a,0x8b,0x6a,0x8b,
    0x6a,0x8b,0x6a,0x8b,0x6a,0x8b,0x6a,0x8b,0x6a,0x8b,0x69,0x8b,0x69,0x8b,0x69,0x83,
    0x69,0x83,0x69,0x83,0x69,0x83,0x69,0x83,0x69,0x83,0x49,0x83,0x49,0x83,0x49,0x83,
    0x69,0x83,0x69,0x8b,0x69,0x8b,0x69,0x8b,0x49,0x83,0x49,0x83,0x49,0x83,0x49,0x83,
    0x28,0x7b,0x28,0x7b,0x08,0x7b,0x08,0x7b,0x08,0x83,0x08,0x83,0x08,0x83,0x08,0x83,
    0xe8,0x82,0xe8,0x7a,0xe7,0x7a,0xc7,0x7a,0xa7,0x7a,0xa7,0x72,0x86,0x72,0x66,0x72,
    0x66,0x6a,0x66,0x6a,0x46,0x6a,0x46,0x62,0x25,0x62,0x05,0x62,0x05,0x62,0xe4,0x59,
    0xe4,0x59,0xe4,0x59,0xc4,0x59,0xa4,0x51,0xa4,0x51,0xa3,0x51,0x83,0x51,0x42,0x49,
    0x62,0x49,0x63,0x49,0x43,0x49,0x42,0x49,0x42,0x49,0x42,0x49,0x42,0x49,0x21,0x49,
    0x21,0x49,0x21,0x41,0x02,0x41,0x22,0x41,0x02,0x49,0x01,0x41,0x01,0x49,0x01,0x49,
    0xe0,0x40,0xc3,0x61,0xcd,0xbc,0xac,0xbc,0xcc,0xbc,0xcc,0xbc,0xcc,0xbc,0xcc,0xbc,
    0xcc,0xbc,0xcc,0xbc,0xcc,0xbc,0xcc,0xbc,0xcc,0xbc,0xcc,0xbc,0xcc,0xbc,0xcc,0xbc,
    0xcc,0xbc,0xcc,0xbc,0xcc,0xbc,0xcc,0xbc,0xcc,0xbc,0xcc,0xbc,0xcc,0xbc,0xcc,0xbc,
    0xcc,0xbc,0xcc,0xbc,0xac,0xbc,0xcc,0xbc,0x8c,0xb4,0xca,0x93,0xaa,0x93,0xaa,0x93,
    0xaa,0x93,0xaa,0x93,0xaa,0x93,0xaa,0x93,0xaa,0x93,0xaa,0x93,0xaa,0x93,0xaa,0x93,
    0xaa,0x93,0xaa,0x93,0xaa,0x93,0xaa,0x93,0xaa,0x93,0xaa,0x93,0xaa,0x93,0xaa,0x93,
    0xca,0x93,0xcb,0x9b,0xaa,0x93,0xaa,0x93,0xaa,0x93,0xaa,0x93,0xaa,0x93,0xaa,0x93,
    0xaa,0x93,0xaa,0x93,0xaa,0x93,0xaa,0x93,0xaa,0x8b,0xaa,0x93,0xcb,0x93,0xab,0x93,
    0xab,0x93,0xaa,0x93,0xaa,0x93,0xab,0x93,0xab,0x93,0xab,0x93,0xab,0x93,0xaa,0x93,
    0xab,0x93,0xab,0x93,0xab,0x93,0xab,0x93,0xaa,0x93,0xaa,0x93,0xaa,0x93,0xaa,0x93,
    0xca,0x93,0xca,0x93,0xca,0x93,0xca,0x93,0xca,0x93,0xca,0x93,0xca,0x93,0xca,0x93,
    0xca,0x93,0xca,0x93,0xaa,0x93,0xaa,0x93,0xaa,0x93,0xaa,0x93,0xaa,0x93,0xaa,0x93,
    0xaa,0x93,0x8a,0x93,0x8a,0x8b,0x8a,0x8b,0x8a,0x8b,0x8a,0x8b,0x69,0x8b,0x69,0x8b,
    0x69,0x8b,0x69,0x83,0x49,0x83,0x49,0x83,0x49,0x8b,0x49,0x83,0x49,0x83,0x49,0x83,
    0x49,0x83,0x49,0x83,0x49,0x83,0x49,0x83,0x49,0x83,0x49,0x83,0x49,0x83,0x49,0x83,
    0x29,0x83,0x29,0x83,0x29,0x83,0x49,0x83,0x29,0x83,0x29,0x83,0x29,0x83,0x28,0x7b,
    0x28,0x7b,0x28,0x7b,0x08,0x7b,0x08,0x7b,0x08,0x7b,0x08,0x7b,0x08,0x7b,0x08,0x7b,
    0x08,0x7b,0x29,0x83,0x48,0x8b,0x69,0x8b,0x8a,0x93,0xca,0x9b,0xca,0x9b,0xca,0x9b,
    0xca,0x9b,0xea,0x9b,0xeb,0xa3,0x0b,0xa4,0xeb,0xa3,0xca,0x9b,0xca,0x9b,0xaa,0x9b,
    0x89,0x93,0x29,0x8b,0xe7,0x7a,0xc7,0x7a,0x86,0x72,0x66,0x62,0x25,0x5a,0xe4,0x51,
    0xe4,0x51,0x05,0x5a,0x25,0x62,0x45,0x62,0x66,0x6a,0xe7,0x7a,0x69,0x8b,0x8a,0x93,
    0x8a,0x93,0xca,0x9b,0xca,0x9b,0xea,0x9b,0x2b,0xa4,0x4c,0xac,0x6c,0xac,0x6c,0xac,
    0x4c,0xac,0x6c,0xac,0x6c,0xac,0x4b,0xac,0x4b,0xac,0x4b,0xac,0x2b,0xa4,0xca,0x9b,
    0x69,0x93,0x07,0x83,0xc7,0x7a,0xe7,0x7a,0xe7,0x7a,0xe8,0x82,0x08,0x83,0x08,0x83,
    0x08,0x83,0x08,0x83,0x29,0x8b,0x29,0x8b,0x29,0x8b,0x6a,0x93,0x8a,0x93,0xcb,0x9b,
    0xcb,0x9b,0xcb,0x9b,0xcb,0x9b,0xeb,0x9b,0xeb,0x9b,0xcb,0x9b,0xcb,0x9b,0xcb,0x9b,
    0xcb,0x9b,0xcb,0x9b,0xcb,0x9b,0xab,0x9b,0xcb,0x9b,0xcb,0x9b,0xcb,0x9b,0xaa,0x9b,
    0xab,0x9b,0xab,0x9b,0xcb,0x9b,0xcb,0x93,0xcb,0x93,0xca,0x93,0xab,0x93,0xaa,0x93,
    0xaa,0x93,0xaa,0x93,0xaa,0x93,0x8a,0x93,0x8a,0x93,0x69,0x8b,0x8a,0x93,0x8a,0x93,
    0xaa,0x93,0x8a,0x93,0x8a,0x93,0x8a,0x93,0x8a,0x93,0x8a,0x93,0x8a,0x8b,0x8a,0x8b,
    0x8a,0x8b,0x8a,0x8b,0x8a,0x8b,0x8a,0x8b,0x8a,0x8b,0x6a,0x8b,0x6a,0x8b,0x8a,0x8b,
    0x6a,0x8b,0x6a,0x8b,0x6a,0x8b,0x6a,0x8b,0x6a,0x8b,0x69,0x8b,0x69,0x8b,0x69,0x8b,
    0x69,0x8b,0x69,0x8b,0x69,0x8b,0x69,0x8b,0x69,0x8b,0x69,0x8b,0x69,0x8b,0x49,0x8b,
    0x69,0x8b,0x69,0x8b,0x69,0x8b,0x69,0x8b,0x6a,0x8b,0x6a,0x8b,0x6a,0x8b,0x6a,0x8b,
    0x49,0x83,0x49,0x83,0x49,0x8b,0x49,0x8b,0x49,0x83,0x49,0x83,0x49,0x83,0x29,0x83,
    0x28,0x83,0x08,0x83,0x08,0x83,0x08,0x7b,0xe8,0x7a,0xe8,0x7a,0xc7,0x7a,0xe8,0x7a,
    0xe7,0x7a,0xc7,0x7a,0xc7,0x7a,0xa7,0x72,0x87,0x6a,0x86,0x6a,0x87,0x72,0x86,0x6a,
    0x66,0x6a,0x66,0x6a,0x46,0x6a,0x05,0x62,0x05,0x62,0xe4,0x59,0xe4,0x59,0xc3,0x59,
    0xc3,0x59,0xa3,0x51,0xa4,0x51,0xa3,0x59,0xa3,0x51,0xa3,0x51,0xa3,0x51,0x83,0x51,
    0x82,0x51,0x62,0x49,0x42,0x49,0x42,0x49,0x42,0x49,0x22,0x49,0x21,0x49,0x01,0x49,
    0xe0,0x40,0xc3,0x59,0xcd,0xbc,0xcc,0xbc,0xcc,0xbc,0xcc,0xbc,0xcc,0xbc,0xcc,0xbc,
    0xcc,0xbc,0xcc,0xbc,0xcc,0xbc,0xcc,0xbc,0xcc,0xbc,0xcc,0xbc,0xcc,0xbc,0xcc,0xbc,
    0xcc,0xbc,0xcc,0xbc,0xcc,0xbc,0xcc,0xbc,0xcc,0xbc,0xcc,0xbc,0xcc,0xbc,0xcc,0xbc,
    0xcc,0xbc,0xcc,0xbc,0xac,0xbc,0xcd,0xbc,0x8c,0xb4,0xa9,0x93,0xaa,0x93,0xaa,0x93,
    0xaa,0x93,0xaa,0x93,0xaa,0x93,0xaa,0x93,0xaa,0x93,0xaa,0x93,0xaa,0x93,0xaa,0x93,
    0xaa,0x93,0xaa,0x93,0xaa,0x93,0xaa,0x93,0xaa,0x93,0xaa,0x93,0xaa,0x93,0xaa,0x93,
    0xaa,0x93,0xaa,0x93,0xaa,0x93,0xaa,0x93,0xaa,0x93,0xaa,0x93,0xaa,0x93,0xaa,0x93,
    0xaa,0x93,0xaa,0x93,0xaa,0x93,0xaa,0x93,0xaa,0x8b,0xaa,0x93,0xcb,0x93,0xcb,0x93,
    0xcb,0x93,0xaa,0x93,0xaa,0x93,0xaa,0x93,0xaa,0x9b,0xaa,0x93,0xaa,0x93,0xab,0x93,
    0xcb,0x93,0xcb,0x93,0xab,0x93,0xaa,0x93,0xaa,0x93,0xaa,0x93,0xaa,0x93,0xaa,0x93,
    0xaa,0x93,0xaa,0x93,0xaa,0x93,0xca,0x93,0xca,0x93,0xca,0x93,0xca,0x93,0xca,0x93,
    0xca,0x93,0xca,0x93,0xaa,0x93,0xaa,0x93,0xaa,0x93,0xaa,0x93,0xca,0x93,0xca,0x93,
    0xaa,0x8b,0xaa,0x8b,0xaa,0x8b,0x8a,0x8b,0x8a,0x8b,0x8a,0x8b,0x69,0x8b,0x69,0x8b,
    0x6a,0x8b,0x69,0x8b,0x49,0x83,0x49,0x83,0x49,0x83,0x49,0x83,0x49,0x83,0x49,0x83,
    0x29,0x83,0x49,0x83,0x49,0x83,0x49,0x83,0x49,0x83,0x49,0x83,0x49,0x83,0x49,0x83,
    0x49,0x83,0x29,0x83,0x49,0x83,0x49,0x83,0x49,0x83,0x29,0x7b,0x28,0x7b,0x28,0x7b,
    0x28,0x7b,0x28,0x7b,0x28,0x7b,0x28,0x7b,0x28,0x7b,0x08,0x7b,0x08,0x7b,0x08,0x7b,
    0x08,0x7b,0x08,0x83,0x48,0x83,0x69,0x8b,0xaa,0x93,0xeb,0x9b,0xeb,0x9b,0xeb,0xa3,
    0x0b,0xa4,0x0b,0xa4,0x0b,0xa4,0x2b,0xa4,0x0b,0xa4,0xea,0x9b,0xeb,0x9b,0xca,0x9b,
    0x89,0x93,0x28,0x83,0xc7,0x7a,0xc7,0x72,0x86,0x6a,0x45,0x62,0x25,0x5a,0xe4,0x59,
    0xe4,0x59,0xc4,0x51,0x05,0x5a,0x25,0x5a,0x45,0x62,0xc7,0x7a,0x69,0x8b,0xaa,0x93,
    0xca,0x9b,0xeb,0x9b,0xeb,0xa3,0x0b,0xa4,0x0b,0xa4,0x4c,0xac,0x6c,0xb4,0x6c,0xac,
    0x6c,0xac,0x4c,0xac,0x4c,0xac,0x4c,0xac,0x4c,0xac,0x2c,0xac,0x0b,0xa4,0xca,0x9b,
    0x69,0x8b,0x07,0x83,0xc7,0x7a,0xe7,0x7a,0xe8,0x82,0xe8,0x82,0x08,0x83,0xe8,0x82,
    0xe8,0x82,0x08,0x83,0x29,0x83,0x29,0x83,0x29,0x8b,0x6a,0x93,0xab,0x93,0xcb,0x9b,
    0xcb,0x9b,0xcb,0x9b,0xcb,0x9b,0xeb,0x9b,0xeb,0x9b,0xeb,0x9b,0xcb,0x9b,0xcb,0x9b,
    0xcb,0x9b,0xca,0x9b,0xaa,0x9b,0xaa,0x93,0xca,0x9b,0xeb,0x9b,0xcb,0x9b,0xcb,0x9b,
    0xcb,0x9b,0xcb,0x9b,0xcb,0x9b,0xca,0x9b,0xca,0x93,0xca,0x93,0xaa,0x93,0xaa,0x93,
    0xaa,0x93,0xaa,0x93,0x8a,0x93,0x8a,0x93,0x8a,0x93,0x8a,0x93,0x8a,0x93,0x8a,0x93,
    0x8a,0x93,0x8a,0x93,0x8a,0x93,0x8a,0x93,0x6a,0x93,0x8a,0x93,0x8a,0x93,0x8a,0x93,
    0x8a,0x93,0x8a,0x8b,0x6a,0x8b,0x6a,0x8b,0x6a,0x8b,0x6a,0x8b,0x6a,0x8b,0x6a,0x8b,
    0x6a,0x8b,0x6a,0x8b,0x6a,0x8b,0x69,0x8b,0x49,0x8b,0x69,0x8b,0x69,0x8b,0x6a,0x8b,
    0x6a,0x8b,0x6a,0x8b,0x6a,0x8b,0x6a,0x8b,0x6a,0x8b,0x6a,0x8b,0x6a,0x8b,0x6a,0x8b,
    0x49,0x8b,0x49,0x8b,0x49,0x8b,0x49,0x8b,0x49,0x8b,0x49,0x8b,0x6a,0x8b,0x6a,0x8b,
    0x6a,0x8b,0x6a,0x8b,0x6a,0x8b,0x69,0x8b,0x49,0x8b,0x49,0x8b,0x49,0x8b,0x49,0x8b,
    0x49,0x83,0x29,0x83,0x29,0x83,0x29,0x83,0x29,0x83,0x29,0x83,0x29,0x83,0x08,0x83,
    0x08,0x83,0x08,0x83,0x08,0x7b,0xe8,0x7a,0xe8,0x7a,0xe8,0x7a,0xe8,0x72,0xc7,0x72,
    0xc7,0x72,0xc7,0x72,0xa7,0x72,0x66,0x6a,0x66,0x6a,0x66,0x6a,0x66,0x6a,0x66,0x6a,
    0x45,0x6a,0x25,0x62,0x25,0x62,0x25,0x62,0x25,0x62,0x25,0x62,0x04,0x62,0x04,0x62,
    0xe4,0x59,0xe4,0x59,0xc4,0x59,0xa3,0x51,0x83,0x51,0x83,0x51,0x63,0x49,0x63,0x49,
    0x42,0x49,0x03,0x62,0xcc,0xbc,0xcc,0xbc,0xcc,0xbc,0xcc,0xbc,0xcc,0xbc,0xcc,0xbc,
    0xcc,0xbc,0xcc,0xbc,0xcc,0xbc,0xcc,0xbc,0xcc,0xbc,0xcc,0xbc,0xcc,0xbc,0xcc,0xbc,
    0xcc,0xbc,0xcc,0xbc,0xcc,0xbc,0xcc,0xbc,0xcc,0xbc,0xcc,0xbc,0xcc,0xbc,0xcc,0xbc,
    0xcc,0xbc,0xcc,0xbc,0xac,0xbc,0xcc,0xbc,0x8c,0xb4,0xa9,0x93,0xaa,0x93,0xaa,0x93,
    0xaa,0x93,0xaa,0x93,0xaa,0x93,0xaa,0x93,0xaa,0x93,0xca,0x93,0xaa,0x93,0xaa,0x93,
    0xaa,0x93,0xaa,0x93,0xaa,0x93,0xaa,0x93,0xaa,0x93,0xaa,0x93,0x8a,0x93,0x8a,0x93,
    0x8a,0x93,0xaa,0x93,0xaa,0x93,0xaa,0x93,0xaa,0x93,0xaa,0x93,0xaa,0x93,0xaa,0x93,
    0xaa,0x93,0xaa,0x93,0xaa,0x93,0xaa,0x93,0xaa,0x8b,0xaa,0x93,0xca,0x93,0xaa,0x93,
    0xaa,0x93,0xaa,0x93,0xaa,0x93,0xaa,0x93,0xaa,0x9b,0xaa,0x93,0xaa,0x93,0xab,0x93,
    0xcb,0x93,0xab,0x93,0xaa,0x93,0xaa,0x93,0xaa,0x93,0xaa,0x93,0xaa,0x93,0xaa,0x93,
    0xaa,0x93,0xaa,0x93,0xaa,0x93,0xca,0x93,0xca,0x93,0xca,0x93,0xca,0x93,0xca,0x93,
    0xca,0x93,0xca,0x93,0xaa,0x93,0xaa,0x93,0xaa,0x93,0xaa,0x93,0xca,0x93,0xca,0x93,
    0xaa,0x93,0xaa,0x8b,0xaa,0x8b,0xaa,0x8b,0x8a,0x8b,0x8a,0x8b,0x69,0x8b,0x69,0x8b,
    0x6a,0x8b,0x69,0x8b,0x49,0x83,0x49,0x83,0x49,0x83,0x49,0x83,0x49,0x83,0x29,0x83,
    0x29,0x83,0x49,0x83,0x49,0x83,0x49,0x83,0x49,0x83,0x49,0x83,0x49,0x83,0x49,0x83,
    0x49,0x83,0x29,0x83,0x29,0x83,0x49,0x83,0x29,0x7b,0x28,0x7b,0x28,0x7b,0x28,0x7b,
    0x28,0x7b,0x28,0x7b,0x28,0x7b,0x28,0x7b,0x08,0x7b,0x08,0x7b,0x08,0x7b,0x08,0x7b,
    0x08,0x7b,0x08,0x7b,0x28,0x83,0x69,0x8b,0xaa,0x93,0xeb,0x9b,0x0b,0xa4,0x0b,0xa4,
    0x0b,0xa4,0x0b,0xa4,0x2b,0xa4,0x4b,0xac,0x2b,0xa4,0xeb,0xa3,0xeb,0xa3,0xca,0x9b,
    0x89,0x93,0x69,0x8b,0x08,0x83,0xc7,0x72,0x65,0x6a,0x45,0x62,0x05,0x5a,0xe4,0x59,
    0xe4,0x59,0xe5,0x59,0xe4,0x59,0x05,0x5a,0xa7,0x72,0x49,0x83,0x8a,0x8b,0x8a,0x93,
    0xaa,0x93,0xca,0x9b,0xeb,0x9b,0x0b,0xa4,0x2b,0xa4,0x6c,0xac,0x8c,0xb4,0x6c,0xac,
    0x4c,0xac,0x4c,0xac,0x4c,0xac,0x2c,0xac,0x2c,0xac,0x2c,0xa4,0x2b,0xa4,0xcb,0x9b,
    0x69,0x93,0x07,0x83,0xc7,0x7a,0xe7,0x7a,0xe7,0x7a,0xe8,0x7a,0xe8,0x82,0xe8,0x7a,
    0xe8,0x7a,0x08,0x83,0x29,0x83,0x29,0x83,0x29,0x8b,0x6a,0x8b,0x8a,0x93,0xcb,0x9b,
    0xcb,0x9b,0xcb,0x9b,0xcb,0x9b,0xeb,0x9b,0xeb,0x9b,0xeb,0x9b,0xcb,0x9b,0xcb,0x9b,
    0xcb,0x9b,0xcb,0x9b,0xca,0x9b,0xca,0x9b,0xcb,0x9b,0xcb,0x9b,0xcb,0x9b,0xcb,0x9b,
    0xcb,0x9b,0xcb,0x9b,0xca,0x9b,0xca,0x93,0xca,0x93,0xaa,0x93,0xaa,0x93,0xaa,0x93,
    0xaa,0x93,0xaa,0x93,0x8a,0x93,0x8a,0x93,0x8a,0x93,0x8a,0x93,0x8a,0x93,0x8a,0x93,
    0x8a,0x93,0x8a,0x93,0x8a,0x93,0x8a,0x93,0x6a,0x93,0x8a,0x93,0x8a,0x93,0x8a,0x93,
    0x8a,0x93,0x8a,0x8b,0x6a,0x8b,0x6a,0x8b,0x6a,0x8b,0x6a,0x8b,0x6a,0x8b,0x6a,0x8b,
    0x6a,0x8b,0x6a,0x8b,0x6a,0x8b,0x69,0x8b,0x49,0x8b,0x69,0x8b,0x69,0x8b,0x6a,0x8b,
    0x6a,0x8b,0x6a,0x8b,0x6a,0x8b,0x6a,0x8b,0x6a,0x8b,0x6a,0x8b,0x6a,0x8b,0x6a,0x8b,
    0x69,0x8b,0x69,0x8b,0x49,0x8b,0x49,0x8b,0x49,0x8b,0x49,0x8b,0x6a,0x8b,0x6a,0x8b,
    0x6a,0x8b,0x6a,0x8b,0x6a,0x8b,0x6a,0x8b,0x49,0x8b,0x49,0x8b,0x49,0x8b,0x49,0x8b,
    0x49,0x8b,0x49,0x83,0x49,0x83,0x49,0x83,0x29,0x83,0x29,0x83,0x29,0x83,0x49,0x8b,
    0x49,0x8b,0x49,0x8b,0x49,0x8b,0x29,0x83,0x29,0x83,0x29,0x83,0x29,0x83,0x08,0x7b,
    0x08,0x7b,0x08,0x7b,0xe8,0x7a,0xc7,0x7a,0xc7,0x7a,0xc7,0x7a,0xc7,0x7a,0xc7,0x7a,
    0xa7,0x72,0xa7,0x72,0x86,0x72,0x86,0x72,0x86,0x72,0x86,0x72,0x86,0x72,0x86,0x6a,
    0x66,0x6a,0x45,0x6a,0x25,0x62,0x25,0x62,0x05,0x62,0x05,0x62,0xe4,0x59,0xe4,0x59,
    0xc4,0x59,0x65,0x72,0xcc,0xbc,0xcc,0xbc,0xcc,0xbc,0xcc,0xbc,0xcc,0xbc,0xcc,0xbc,
    0xcc,0xbc,0xcc,0xbc,0xcc,0xbc,0xcc,0xbc,0xcc,0xbc,0xcc,0xbc,0xcc,0xbc,0xcc,0xbc,
    0xcc,0xbc,0xcc,0xbc,0xcc,0xbc,0xcc,0xbc,0xcc,0xbc,0xcc,0xbc,0xcc,0xbc,0xcc,0xbc,
    0xcc,0xbc,0xcc,0xbc,0xac,0xbc,0xac,0xbc,0x8c,0xb4,0x89,0x93,0xa9,0x93,0xaa,0x93,
    0xaa,0x93,0xaa,0x93,0xaa,0x93,0xaa,0x93,0xca,0x93,0xca,0x93,0xaa,0x93,0xaa,0x93,
    0xaa,0x93,0xaa,0x93,0xaa,0x93,0xaa,0x93,0xaa,0x93,0xaa,0x93,0xaa,0x93,0xaa,0x93,
    0xaa,0x93,0xaa,0x93,0xaa,0x93,0xaa,0x93,0xaa,0x93,0xaa,0x93,0xaa,0x93,0xaa,0x93,
    0xaa,0x93,0xaa,0x93,0xaa,0x8b,0xaa,0x8b,0x8a,0x8b,0xaa,0x8b,0xaa,0x93,0xaa,0x93,
    0xaa,0x93,0xaa,0x93,0xaa,0x93,0xaa,0x93,0xaa,0x9b,0xaa,0x93,0xaa,0x93,0xab,0x93,
    0xcb,0x93,0xaa,0x93,0xaa,0x93,0xaa,0x93,0xaa,0x93,0xaa,0x93,0xaa,0x93,0xaa,0x93,
    0xaa,0x93,0xaa,0x93,0xaa,0x93,0xca,0x93,0xca,0x93,0xca,0x93,0xca,0x93,0xca,0x93,
    0xca,0x93,0xca,0x93,0xaa,0x93,0xaa,0x93,0xaa,0x93,0xaa,0x93,0xca,0x93,0xca,0x93,
    0xaa,0x93,0xaa,0x93,0xaa,0x93,0xaa,0x8b,0x8a,0x8b,0x8a,0x8b,0x69,0x8b,0x69,0x8b,
    0x6a,0x8b,0x69,0x8b,0x49,0x83,0x49,0x83,0x49,0x83,0x49,0x83,0x49,0x83,0x29,0x83,
    0x29,0x83,0x49,0x83,0x49,0x83,0x49,0x83,0x49,0x83,0x49,0x83,0x49,0x83,0x49,0x83,
    0x49,0x83,0x29,0x83,0x29,0x83,0x29,0x7b,0x28,0x7b,0x08,0x7b,0x08,0x7b,0x28,0x7b,
    0x28,0x7b,0x28,0x7b,0x28,0x7b,0x08,0x7b,0x08,0x7b,0x08,0x7b,0x08,0x7b,0xe8,0x7a,
    0x08,0x7b,0x08,0x7b,0x28,0x83,0x69,0x8b,0xaa,0x93,0xca,0x9b,0xeb,0x9b,0xeb,0xa3,
    0xeb,0xa3,0x0b,0xa4,0x2b,0xa4,0x2b,0xa4,0x0b,0xa4,0xeb,0xa3,0xeb,0xa3,0xca,0x9b,
    0x89,0x93,0x6a,0x8b,0x28,0x83,0xc7,0x7a,0x66,0x6a,0x45,0x62,0x04,0x5a,0xe4,0x51,
    0xe4,0x51,0xe4,0x51,0xe4,0x59,0x25,0x62,0xc7,0x72,0x49,0x83,0x69,0x8b,0x89,0x8b,
    0xaa,0x93,0xaa,0x9b,0xeb,0x9b,0x2b,0xa4,0x4c,0xac,0x6c,0xac,0x8d,0xb4,0x6c,0xb4,
    0x4b,0xac,0x4c,0xac,0x4c,0xac,0x2c,0xac,0x2b,0xa4,0x2b,0xa4,0x2c,0xac,0xeb,0xa3,
    0x89,0x93,0x08,0x83,0xe7,0x7a,0xe7,0x7a,0xc7,0x7a,0xc7,0x7a,0xe8,0x7a,0xe8,0x7a,
    0xe8,0x7a,0xe8,0x82,0x08,0x83,0x08,0x83,0x29,0x83,0x6a,0x8b,0x8a,0x93,0xcb,0x93,
    0xcb,0x9b,0xcb,0x9b,0xcb,0x9b,0xeb,0x9b,0xeb,0x9b,0xeb,0x9b,0xcb,0x9b,0xeb,0x9b,
    0xcb,0x9b,0xcb,0x9b,0xcb,0x9b,0xcb,0x9b,0xcb,0x9b,0xaa,0x9b,0xca,0x9b,0xcb,0x9b,
    0xcb,0x9b,0xcb,0x9b,0xca,0x93,0xca,0x93,0xaa,0x93,0xaa,0x93,0xaa,0x93,0xaa,0x93,
    0xaa,0x93,0xaa,0x93,0x8a,0x93,0x89,0x8b,0x89,0x8b,0x89,0x8b,0x8a,0x93,0x8a,0x93,
    0x8a,0x93,0x8a,0x93,0x8a,0x93,0x8a,0x93,0x6a,0x93,0x8a,0x93,0x8a,0x93,0x8a,0x93,
    0x8a,0x93,0x8a,0x8b,0x6a,0x8b,0x6a,0x8b,0x6a,0x8b,0x8a,0x8b,0x8a,0x8b,0x6a,0x8b,
    0x6a,0x8b,0x6a,0x8b,0x6a,0x8b,0x69,0x8b,0x49,0x8b,0x69,0x8b,0x69,0x8b,0x6a,0x8b,
    0x6a,0x8b,0x49,0x8b,0x49,0x8b,0x49,0x8b,0x6a,0x8b,0x6a,0x8b,0x6a,0x8b,0x6a,0x8b,
    0x6a,0x8b,0x6a,0x8b,0x69,0x8b,0x49,0x8b,0x49,0x8b,0x49,0x8b,0x6a,0x8b,0x6a,0x8b,
    0x6a,0x8b,0x6a,0x8b,0x6a,0x8b,0x6a,0x8b,0x6a,0x8b,0x6a,0x8b,0x6a,0x8b,0x69,0x8b,
    0x49,0x8b,0x49,0x8b,0x49,0x8b,0x49,0x8b,0x6a,0x8b,0x6a,0x8b,0x6a,0x8b,0x6a,0x8b,
    0x6a,0x8b,0x6a,0x8b,0x6a,0x8b,0x49,0x83,0x49,0x83,0x49,0x83,0x49,0x83,0x29,0x83,
    0x29,0x83,0x29,0x83,0x08,0x83,0x08,0x83,0x08,0x7b,0xe8,0x7a,0xe8,0x7a,0x08,0x7b,
    0xe8,0x7a,0xc7,0x7a,0xe8,0x7a,0xe8,0x7a,0xe8,0x7a,0xc7,0x7a,0xc7,0x7a,0xc7,0x7a,
    0xa7,0x72,0xa7,0x72,0xa7,0x72,0xa7,0x72,0x87,0x72,0x86,0x72,0x87,0x72,0x86,0x72,
    0x46,0x6a,0xe7,0x7a,0xcc,0xbc,0xcc,0xbc,0xcc,0xbc,0xcc,0xbc,0xcc,0xbc,0xcc,0xbc,
    0xcc,0xbc,0xcc,0xbc,0xcc,0xbc,0xcc,0xbc,0xcc,0xbc,0xcc,0xbc,0xcc,0xbc,0xcc,0xbc,
    0xcc,0xbc,0xcc,0xbc,0xcc,0xbc,0xcc,0xbc,0xcc,0xbc,0xcc,0xbc,0xcc,0xbc,0xcc,0xbc,
    0xcc,0xbc,0xcc,0xbc,0xac,0xbc,0xac,0xbc,0x8c,0xb4,0xa9,0x93,0x89,0x93,0xaa,0x93,
    0xaa,0x93,0xaa,0x93,0xca,0x93,0xca,0x93,0xca,0x93,0xcb,0x9b,0xca,0x93,0xaa,0x93,
    0xaa,0x93,0xaa,0x93,0xaa,0x93,0xaa,0x93,0xaa,0x93,0xaa,0x93,0xaa,0x93,0xaa,0x93,
    0xaa,0x93,0xca,0x93,0xaa,0x93,0xaa,0x93,0xaa,0x93,0xaa,0x93,0xaa,0x93,0xaa,0x93,
    0xca,0x93,0xca,0x93,0xaa,0x8b,0xaa,0x8b,0x8a,0x8b,0xaa,0x8b,0xaa,0x93,0xaa,0x93,
    0xaa,0x93,0xaa,0x93,0xaa,0x93,0xaa,0x93,0xab,0x9b,0xaa,0x93,0xaa,0x93,0xaa,0x93,
    0xaa,0x93,0xaa,0x93,0xaa,0x93,0xaa,0x93,0xaa,0x93,0xaa,0x93,0xaa,0x93,0xaa,0x93,
    0xaa,0x93,0xca,0x93,0xca,0x93,0xca,0x93,0xca,0x93,0xca,0x93,0xca,0x93,0xca,0x93,
    0xca,0x93,0xaa,0x93,0xaa,0x93,0xaa,0x93,0xaa,0x93,0xca,0x93,0xca,0x93,0xca,0x93,
    0xaa,0x93,0xaa,0x93,0xaa,0x93,0xaa,0x8b,0xaa,0x8b,0x8a,0x8b,0x8a,0x8b,0x6a,0x8b,
    0x6a,0x8b,0x69,0x8b,0x49,0x83,0x49,0x83,0x49,0x83,0x49,0x83,0x49,0x83,0x49,0x83,
    0x49,0x83,0x49,0x83,0x49,0x83,0x29,0x83,0x29,0x83,0x49,0x83,0x49,0x83,0x49,0x83,
    0x49,0x83,0x29,0x83,0x29,0x83,0x28,0x7b,0x28,0x7b,0x08,0x7b,0x08,0x7b,0x28,0x7b,
    0x28,0x7b,0x28,0x7b,0x28,0x7b,0x08,0x7b,0x08,0x7b,0x08,0x7b,0xe8,0x7a,0xe8,0x7a,
    0xe8,0x7a,0x08,0x7b,0x28,0x83,0x49,0x83,0xaa,0x93,0xca,0x93,0xca,0x9b,0xca,0x9b,
    0xea,0x9b,0xea,0xa3,0x0b,0xa4,0x0b,0xa4,0xeb,0xa3,0xeb,0xa3,0x0b,0xa4,0xeb,0x9b,
    0xaa,0x93,0x69,0x8b,0x08,0x83,0xc7,0x7a,0x86,0x6a,0x25,0x62,0x04,0x5a,0xc4,0x51,
    0xc4,0x51,0xc4,0x51,0xe5,0x59,0x45,0x62,0xa7,0x72,0xe8,0x7a,0x28,0x83,0x89,0x8b,
    0xaa,0x93,0xca,0x9b,0xeb,0xa3,0x2b,0xa4,0x2c,0xac,0x6c,0xac,0x8c,0xb4,0x6c,0xac,
    0x4b,0xac,0x4b,0xac,0x2b,0xac,0x2c,0xac,0x2b,0xa4,0x2b,0xa4,0x2c,0xac,0xeb,0x9b,
    0x89,0x93,0x07,0x83,0xe7,0x7a,0xe7,0x7a,0xc7,0x7a,0xc7,0x7a,0xe7,0x7a,0xe8,0x7a,
    0xe8,0x7a,0x08,0x83,0x08,0x83,0x08,0x83,0x29,0x83,0x6a,0x8b,0x8a,0x93,0xab,0x93,
    0xcb,0x93,0xcb,0x9b,0xcb,0x9b,0xeb,0x9b,0xeb,0x9b,0xeb,0x9b,0xeb,0x9b,0xeb,0x9b,
    0xeb,0x9b,0xcb,0x9b,0xcb,0x9b,0xcb,0x9b,0xcb,0x9b,0xaa,0x9b,0xaa,0x9b,0xcb,0x9b,
    0xcb,0x9b,0xcb,0x9b,0xca,0x93,0xaa,0x93,0xaa,0x93,0xaa,0x8b,0xaa,0x93,0xaa,0x93,
    0xaa,0x93,0xaa,0x93,0x8a,0x93,0x8a,0x8b,0x89,0x8b,0x8a,0x8b,0x8a,0x93,0x8a,0x93,
    0x8a,0x93,0x8a,0x93,0x8a,0x93,0x8a,0x93,0x8a,0x93,0x8a,0x93,0x8a,0x93,0x8a,0x93,
    0x8a,0x93,0x8a,0x8b,0x6a,0x8b,0x6a,0x8b,0x6a,0x8b,0x8a,0x93,0x8a,0x93,0x6a,0x8b,
    0x6a,0x8b,0x6a,0x8b,0x6a,0x8b,0x6a,0x8b,0x69,0x8b,0x69,0x8b,0x69,0x8b,0x6a,0x8b,
    0x6a,0x8b,0x6a,0x8b,0x6a,0x8b,0x69,0x8b,0x6a,0x8b,0x6a,0x8b,0x6a,0x8b,0x6a,0x8b,
    0x6a,0x8b,0x6a,0x8b,0x69,0x8b,0x6a,0x8b,0x49,0x8b,0x49,0x8b,0x6a,0x8b,0x6a,0x8b,
    0x6a,0x8b,0x6a,0x8b,0x6a,0x8b,0x6a,0x8b,0x6a,0x8b,0x6a,0x8b,0x6a,0x8b,0x6a,0x8b,
    0x6a,0x8b,0x69,0x8b,0x69,0x8b,0x6a,0x8b,0x6a,0x8b,0x6a,0x8b,0x6a,0x8b,0x6a,0x8b,
    0x6a,0x8b,0x6a,0x8b,0x49,0x8b,0x49,0x83,0x49,0x83,0x49,0x83,0x49,0x83,0x49,0x83,
    0x49,0x83,0x49,0x83,0x49,0x83,0x49,0x83,0x29,0x83,0x29,0x83,0x29,0x83,0x29,0x83,
    0x29,0x83,0x08,0x83,0x08,0x7b,0x08,0x7b,0x08,0x83,0x08,0x83,0x08,0x83,0xe8,0x7a,
    0xe8,0x7a,0xe8,0x7a,0xe8,0x7a,0xe8,0x7a,0xe8,0x7a,0xc7,0x7a,0xc8,0x7a,0xc8,0x7a,
    0xa7,0x72,0x28,0x83,0xcc,0xbc,0xcc,0xbc,0xcc,0xbc,0xcc,0xbc,0xcc,0xbc,0xcc,0xbc,
    0xcc,0xbc,0xcc,0xbc,0xcc,0xbc,0xcc,0xbc,0xcc,0xbc,0xcc,0xbc,0xcc,0xbc,0xcc,0xbc,
    0xcc,0xbc,0xcc,0xbc,0xcc,0xbc,0xcc,0xbc,0xcc,0xbc,0xcc,0xbc,0xcc,0xbc,0xcc,0xbc,
    0xcc,0xbc,0xcc,0xbc,0xac,0xbc,0xcd,0xbc,0x8c,0xb4,0xa9,0x93,0xa9,0x93,0xaa,0x93,
    0xaa,0x93,0xca,0x93,0xcb,0x9b,0xca,0x93,0xcb,0x9b,0xcb,0x9b,0xca,0x93,0xaa,0x93,
    0xaa,0x93,0xca,0x93,0xaa,0x93,0xaa,0x93,0xaa,0x93,0xaa,0x93,0xaa,0x93,0xaa,0x93,
    0xaa,0x93,0xca,0x93,0xca,0x93,0xaa,0x93,0xaa,0x93,0xaa,0x93,0xaa,0x93,0xca,0x93,
    0xca,0x93,0xca,0x93,0xaa,0x93,0xaa,0x8b,0xaa,0x8b,0xaa,0x8b,0xca,0x93,0xca,0x93,
    0xcb,0x93,0xaa,0x93,0xaa,0x93,0xab,0x93,0xcb,0x9b,0xaa,0x93,0xaa,0x93,0xaa,0x93,
    0x8a,0x93,0xaa,0x93,0xaa,0x93,0xaa,0x93,0xaa,0x93,0xaa,0x93,0xaa,0x93,0xaa,0x93,
    0xca,0x93,0xca,0x93,0xca,0x93,0xca,0x93,0xca,0x93,0xaa,0x93,0xaa,0x93,0xaa,0x93,
    0xaa,0x93,0xaa,0x93,0xaa,0x93,0xaa,0x93,0xca,0x93,0xca,0x93,0xca,0x93,0xca,0x93,
    0xaa,0x8b,0xaa,0x8b,0xaa,0x8b,0xaa,0x8b,0xaa,0x8b,0xaa,0x8b,0xaa,0x8b,0x8a,0x8b,
    0x69,0x8b,0x69,0x83,0x49,0x83,0x49,0x83,0x49,0x83,0x49,0x83,0x49,0x83,0x49,0x83,
    0x49,0x83,0x49,0x83,0x49,0x83,0x28,0x7b,0x28,0x7b,0x29,0x83,0x29,0x83,0x29,0x83,
    0x29,0x83,0x29,0x83,0x29,0x83,0x28,0x7b,0x28,0x7b,0x28,0x7b,0x08,0x7b,0x08,0x7b,
    0x08,0x7b,0x08,0x7b,0x28,0x7b,0x28,0x7b,0x08,0x7b,0x08,0x7b,0x08,0x7b,0xe8,0x7a,
    0xe8,0x7a,0xe8,0x7a,0x08,0x7b,0x28,0x83,0x89,0x8b,0xaa,0x93,0xca,0x9b,0xea,0x9b,
    0xeb,0xa3,0x0b,0xa4,0x0b,0xa4,0x0a,0xa4,0xea,0xa3,0xea,0x9b,0xeb,0xa3,0xca,0x9b,
    0xaa,0x93,0x69,0x8b,0x28,0x83,0xc7,0x72,0x66,0x6a,0x25,0x62,0xe4,0x59,0xc4,0x51,
    0xc4,0x51,0xa4,0x51,0xe5,0x59,0x45,0x62,0x66,0x6a,0xa6,0x72,0x08,0x7b,0x8a,0x93,
    0xca,0x9b,0xca,0x9b,0xeb,0xa3,0x0b,0xa4,0x2b,0xa4,0x4c,0xac,0x6c,0xac,0x6c,0xac,
    0x4b,0xac,0x2b,0xac,0x2b,0xa4,0x2c,0xac,0x2c,0xac,0x2b,0xa4,0x2c,0xa4,0xeb,0x9b,
    0x69,0x8b,0xe7,0x7a,0xc7,0x7a,0xc7,0x7a,0xe7,0x7a,0xe8,0x7a,0xe8,0x7a,0xe8,0x7a,
    0xe8,0x82,0x08,0x83,0x08,0x83,0x08,0x83,0x29,0x83,0x6a,0x8b,0x8a,0x93,0xaa,0x93,
    0xaa,0x93,0xcb,0x93,0xcb,0x9b,0xcb,0x9b,0xeb,0x9b,0xeb,0x9b,0xeb,0x9b,0xeb,0x9b,
    0xeb,0x9b,0xeb,0x9b,0xcb,0x9b,0xcb,0x9b,0xcb,0x9b,0xca,0x9b,0xca,0x9b,0xcb,0x9b,
    0xcb,0x9b,0xcb,0x9b,0xca,0x93,0xaa,0x93,0xaa,0x93,0xaa,0x8b,0xaa,0x93,0xaa,0x93,
    0xaa,0x93,0xaa,0x93,0x8a,0x93,0xaa,0x93,0xaa,0x93,0xaa,0x93,0x8a,0x93,0x8a,0x93,
    0x8a,0x8b,0x8a,0x93,0x8a,0x93,0x8a,0x93,0x8a,0x93,0x8a,0x93,0x8a,0x93,0x8a,0x93,
    0x8a,0x93,0x8a,0x8b,0x6a,0x8b,0x6a,0x8b,0x6a,0x8b,0x8a,0x93,0x8a,0x93,0x6a,0x8b,
    0x6a,0x8b,0x6a,0x8b,0x6a,0x8b,0x6a,0x8b,0x6a,0x8b,0x6a,0x8b,0x6a,0x8b,0x6a,0x8b,
    0x8a,0x8b,0x8a,0x8b,0x6a,0x8b,0x6a,0x8b,0x6a,0x8b,0x6a,0x8b,0x6a,0x8b,0x6a,0x8b,
    0x69,0x8b,0x69,0x8b,0x6a,0x8b,0x6a,0x8b,0x6a,0x8b,0x6a,0x8b,0x6a,0x8b,0x6a,0x8b,
    0x6a,0x8b,0x6a,0x8b,0x6a,0x8b,0x6a,0x8b,0x6a,0x8b,0x6a,0x8b,0x6a,0x8b,0x6a,0x8b,
    0x6a,0x8b,0x6a,0x8b,0x6a,0x8b,0x6a,0x8b,0x6a,0x8b,0x49,0x8b,0x49,0x8b,0x49,0x8b,
    0x49,0x8b,0x49,0x8b,0x49,0x8b,0x69,0x8b,0x69,0x83,0x49,0x83,0x49,0x83,0x69,0x83,
    0x69,0x83,0x69,0x83,0x6a,0x8b,0x49,0x8b,0x29,0x83,0x49,0x8b,0x6a,0x8b,0x49,0x8b,
    0x49,0x8b,0x29,0x83,0x29,0x83,0x29,0x83,0x29,0x83,0x49,0x8b,0x08,0x83,0x08,0x83,
    0x08,0x83,0x08,0x83,0x08,0x83,0x29,0x83,0x29,0x83,0x08,0x83,0x08,0x7b,0x08,0x7b,
    0xe8,0x7a,0x48,0x8b,0xcc,0xbc,0xcc,0xbc,0xcc,0xbc,0xcc,0xbc,0xcc,0xbc,0xcc,0xbc,
    0xcc,0xbc,0xcc,0xbc,0xcc,0xbc,0xcc,0xbc,0xcc,0xbc,0xcc,0xbc,0xcc,0xbc,0xcc,0xbc,
    0xcc,0xbc,0xcc,0xbc,0xcc,0xbc,0xcc,0xbc,0xcc,0xbc,0xcc,0xbc,0xcc,0xbc,0xcc,0xbc,
    0xcc,0xbc,0xcc,0xbc,0xac,0xbc,0xcc,0xbc,0x8c,0xb4,0xca,0x9b,0xca,0x93,0xcb,0x9b,
    0xcb,0x9b,0xcb,0x9b,0xcb,0x9b,0xca,0x93,0xcb,0x9b,0xcb,0x9b,0xca,0x93,0xca,0x93,
    0xca,0x93,0xcb,0x9b,0xca,0x93,0xca,0x93,0xca,0x93,0xaa,0x93,0xaa,0x93,0xaa,0x93,
    0xca,0x93,0xcb,0x9b,0xca,0x93,0xca,0x93,0xaa,0x93,0xaa,0x93,0xca,0x93,0xca,0x93,
    0xca,0x93,0xaa,0x93,0xaa,0x93,0xaa,0x8b,0xaa,0x8b,0xaa,0x8b,0xaa,0x8b,0xaa,0x93,
    0xaa,0x93,0xaa,0x93,0xaa,0x93,0xab,0x93,0xcb,0x9b,0xaa,0x93,0xaa,0x93,0xaa,0x93,
    0xaa,0x93,0xaa,0x93,0xaa,0x93,0xaa,0x93,0xaa,0x93,0xaa,0x93,0xaa,0x93,0xaa,0x93,
    0xaa,0x93,0xcb,0x93,0xcb,0x93,0xcb,0x93,0xaa,0x93,0xaa,0x93,0xaa,0x93,0xaa,0x93,
    0xca,0x93,0xaa,0x93,0xaa,0x93,0xaa,0x93,0xaa,0x93,0xca,0x93,0xca,0x93,0xca,0x93,
    0xaa,0x93,0xaa,0x93,0xaa,0x93,0xaa,0x93,0xaa,0x8b,0xaa,0x8b,0x8a,0x8b,0x8a,0x8b,
    0x6a,0x8b,0x69,0x8b,0x49,0x83,0x49,0x83,0x49,0x83,0x49,0x83,0x49,0x83,0x49,0x83,
    0x49,0x83,0x49,0x83,0x49,0x83,0x29,0x83,0x29,0x83,0x28,0x83,0x28,0x7b,0x28,0x7b,
    0x28,0x7b,0x28,0x7b,0x28,0x7b,0x28,0x7b,0x28,0x7b,0x28,0x7b,0x08,0x7b,0x08,0x7b,
    0x08,0x7b,0x08,0x7b,0x28,0x7b,0x28,0x7b,0x08,0x7b,0x08,0x7b,0x08,0x7b,0xe8,0x7a,
    0xe8,0x7a,0xe8,0x7a,0x07,0x7b,0x28,0x83,0x69,0x8b,0xaa,0x93,0xca,0x9b,0xea,0x9b,
    0xeb,0xa3,0x0b,0xa4,0x0a,0xa4,0xea,0xa3,0xea,0x9b,0xca,0x9b,0xea,0x9b,0xca,0x9b,
    0x89,0x93,0x69,0x8b,0x29,0x83,0xc7,0x7a,0x86,0x6a,0x45,0x62,0x04,0x5a,0xe4,0x51,
    0xe4,0x51,0xc4,0x51,0xe5,0x59,0x25,0x62,0x45,0x62,0x86,0x6a,0x28,0x83,0xaa,0x93,
    0xca,0x9b,0xaa,0x9b,0xea,0x9b,0xeb,0xa3,0x2b,0xa4,0x4c,0xac,0x6c,0xac,0x6c,0xac,
    0x4b,0xac,0x2b,0xa4,0x2b,0xa4,0x2b,0xa4,0x2b,0xa4,0x0b,0xa4,0x2b,0xa4,0xcb,0x9b,
    0x48,0x8b,0xe7,0x7a,0xe7,0x7a,0xe7,0x7a,0xe7,0x7a,0xe8,0x7a,0xe8,0x7a,0xe8,0x7a,
    0xe8,0x82,0x08,0x83,0x08,0x83,0x08,0x83,0x29,0x83,0x49,0x8b,0x8a,0x93,0xaa,0x93,
    0xaa,0x93,0xab,0x93,0xcb,0x93,0xcb,0x9b,0xcb,0x9b,0xcb,0x9b,0xeb,0x9b,0xeb,0x9b,
    0xcb,0x9b,0xcb,0x9b,0xcb,0x9b,0xcb,0x9b,0xcb,0x9b,0xcb,0x9b,0xcb,0x9b,0xcb,0x9b,
    0xcb,0x9b,0xcb,0x93,0xca,0x93,0xca,0x93,0xca,0x93,0xca,0x8b,0xaa,0x93,0xaa,0x93,
    0xaa,0x93,0xaa,0x93,0xaa,0x93,0xaa,0x93,0xaa,0x93,0xaa,0x93,0x8a,0x93,0x8a,0x93,
    0x8a,0x8b,0x8a,0x93,0x8a,0x93,0x8a,0x93,0x8a,0x93,0x8a,0x8b,0x8a,0x8b,0x8a,0x93,
    0x8a,0x93,0x8a,0x8b,0x6a,0x8b,0x6a,0x8b,0x6a,0x8b,0x8a,0x93,0x8a,0x93,0x6a,0x8b,
    0x6a,0x8b,0x6a,0x8b,0x6a,0x8b,0x6a,0x8b,0x6a,0x8b,0x6a,0x8b,0x6a,0x8b,0x6a,0x8b,
    0x8a,0x8b,0x8a,0x8b,0x6a,0x8b,0x6a,0x8b,0x6a,0x8b,0x6a,0x8b,0x6a,0x8b,0x6a,0x8b,
    0x69,0x8b,0x69,0x8b,0x6a,0x8b,0x6a,0x8b,0x6a,0x8b,0x6a,0x8b,0x6a,0x8b,0x6a,0x8b,
    0x6a,0x8b,0x6a,0x8b,0x6a,0x8b,0x6a,0x8b,0x6a,0x8b,0x6a,0x8b,0x6a,0x8b,0x6a,0x8b,
    0x6a,0x8b,0x6a,0x8b,0x6a,0x8b,0x6a,0x8b,0x6a,0x8b,0x49,0x8b,0x49,0x8b,0x49,0x8b,
    0x49,0x8b,0x49,0x8b,0x49,0x8b,0x69,0x8b,0x69,0x83,0x49,0x83,0x49,0x83,0x6a,0x83,
    0x6a,0x83,0x69,0x83,0x6a,0x8b,0x49,0x8b,0x29,0x83,0x49,0x8b,0x6a,0x8b,0x6a,0x8b,
    0x6a,0x8b,0x6a,0x8b,0x49,0x8b,0x49,0x83,0x49,0x83,0x49,0x83,0x29,0x83,0x29,0x83,
    0x29,0x83,0x29,0x83,0x49,0x83,0x69,0x8b,0x49,0x8b,0x29,0x83,0x29,0x83,0x28,0x83,
    0x08,0x83,0x48,0x8b,0xcc,0xbc,0xcc,0xbc,0xcc,0xbc,0xcc,0xbc,0xcc,0xbc,0xcc,0xbc,
    0xcc,0xbc,0xcc,0xbc,0xcc,0xbc,0xcc,0xbc,0xcc,0xbc,0xcc,0xbc,0xcc,0xbc,0xcc,0xbc,
    0xcc,0xbc,0xcc,0xbc,0xcc,0xbc,0xcc,0xbc,0xcc,0xbc,0xcc,0xbc,0xcc,0xbc,0xcc,0xbc,
    0xcc,0xbc,0xcc,0xbc,0xac,0xbc,0xcc,0xbc,0x8c,0xb4,0xea,0x9b,0xeb,0x9b,0x0b,0x9c,
    0xeb,0x9b,0xcb,0x9b,0xcb,0x9b,0xca,0x93,0xcb,0x9b,0xcb,0x9b,0xcb,0x9b,0xcb,0x9b,
    0xcb,0x9b,0xeb,0x9b,0xcb,0x9b,0xcb,0x9b,0xca,0x93,0xca,0x93,0xca,0x93,0xca,0x93,
    0xcb,0x9b,0xcb,0x9b,0xcb,0x9b,0xca,0x93,0xca,0x93,0xca,0x93,0xcb,0x93,0xca,0x93,
    0xaa,0x93,0xaa,0x8b,0xaa,0x93,0xaa,0x8b,0xaa,0x8b,0x8a,0x8b,0x8a,0x8b,0xaa,0x93,
    0xaa,0x93,0xaa,0x93,0xaa,0x93,0xab,0x93,0xcb,0x9b,0xcb,0x93,0xab,0x93,0xaa,0x93,
    0xaa,0x93,0xab,0x93,0xab,0x93,0xab,0x93,0xab,0x93,0xaa,0x93,0xaa,0x93,0xaa,0x93,
    0xab,0x93,0xcb,0x93,0xcb,0x93,0xcb,0x93,0xaa,0x93,0xaa,0x93,0xaa,0x93,0xaa,0x93,
    0xca,0x93,0xca,0x93,0xaa,0x93,0xaa,0x93,0xaa,0x93,0xca,0x93,0xca,0x93,0xca,0x93,
    0xaa,0x93,0xaa,0x93,0xaa,0x93,0xaa,0x93,0xaa,0x8b,0xaa,0x8b,0x8a,0x8b,0x8a,0x8b,
    0x6a,0x8b,0x6a,0x8b,0x6a,0x83,0x49,0x83,0x49,0x83,0x49,0x83,0x49,0x83,0x49,0x83,
    0x49,0x83,0x49,0x83,0x29,0x83,0x49,0x83,0x29,0x83,0x28,0x7b,0x08,0x7b,0x08,0x7b,
    0x08,0x7b,0x08,0x7b,0x08,0x7b,0x28,0x7b,0x28,0x7b,0x28,0x7b,0x08,0x7b,0x08,0x7b,
    0x08,0x7b,0x08,0x7b,0x08,0x7b,0x28,0x7b,0x08,0x7b,0x08,0x7b,0x08,0x7b,0xe8,0x7a,
    0xe8,0x7a,0xe8,0x7a,0xe7,0x7a,0x28,0x83,0x69,0x8b,0xaa,0x93,0xea,0x9b,0xeb,0xa3,
    0x0b,0xa4,0x2b,0xa4,0x2b,0xac,0x2b,0xa4,0x0b,0xa4,0x0b,0xa4,0xeb,0xa3,0xeb,0x9b,
    0xaa,0x9b,0x69,0x8b,0x29,0x83,0xc7,0x7a,0x86,0x6a,0x45,0x62,0x05,0x5a,0xe4,0x51,
    0xe4,0x51,0xc4,0x51,0xe5,0x59,0x05,0x5a,0x25,0x62,0x86,0x72,0x49,0x83,0x8a,0x93,
    0xaa,0x93,0xaa,0x9b,0xca,0x9b,0xeb,0xa3,0x0b,0xa4,0x4c,0xac,0x6c,0xac,0x4c,0xac,
    0x4b,0xac,0x2b,0xa4,0x0b,0xa4,0x2b,0xa4,0x2b,0xa4,0x0b,0xa4,0x0b,0xa4,0xca,0x9b,
    0x48,0x8b,0xe7,0x7a,0xe7,0x82,0xe7,0x82,0xe7,0x7a,0xe8,0x7a,0xe8,0x7a,0xe8,0x7a,
    0xe8,0x7a,0xe8,0x82,0x08,0x83,0x08,0x83,0x08,0x83,0x49,0x8b,0x6a,0x93,0x8a,0x93,
    0xaa,0x93,0xaa,0x93,0xcb,0x93,0xcb,0x9b,0xcb,0x9b,0xcb,0x9b,0xcb,0x9b,0xcb,0x9b,
    0xcb,0x9b,0xcb,0x9b,0xcb,0x9b,0xeb,0x9b,0xcb,0x9b,0xcb,0x9b,0xcb,0x9b,0xcb,0x93,
    0xcb,0x93,0xcb,0x93,0xca,0x93,0xca,0x93,0xca,0x93,0xca,0x8b,0xaa,0x93,0xaa,0x93,
    0xaa,0x93,0xaa,0x93,0xaa,0x93,0xaa,0x93,0xaa,0x93,0xaa,0x93,0x8a,0x93,0x8a,0x8b,
    0x8a,0x8b,0x8a,0x8b,0x8a,0x93,0x8a,0x93,0x8a,0x93,0x8a,0x8b,0x6a,0x8b,0x8a,0x8b,
    0x8a,0x93,0x8a,0x8b,0x6a,0x8b,0x6a,0x8b,0x6a,0x8b,0x8a,0x93,0x8a,0x93,0x6a,0x8b,
    0x6a,0x8b,0x6a,0x8b,0x6a,0x8b,0x6a,0x8b,0x6a,0x8b,0x6a,0x8b,0x6a,0x8b,0x6a,0x8b,
    0x8a,0x8b,0x8a,0x8b,0x6a,0x8b,0x6a,0x8b,0x6a,0x8b,0x6a,0x8b,0x6a,0x8b,0x6a,0x8b,
    0x69,0x8b,0x69,0x8b,0x6a,0x8b,0x6a,0x8b,0x6a,0x8b,0x6a,0x8b,0x6a,0x8b,0x6a,0x8b,
    0x6a,0x8b,0x6a,0x8b,0x6a,0x8b,0x6a,0x8b,0x6a,0x8b,0x6a,0x8b,0x6a,0x8b,0x6a,0x8b,
    0x6a,0x8b,0x6a,0x8b,0x6a,0x8b,0x6a,0x8b,0x6a,0x8b,0x49,0x8b,0x49,0x8b,0x49,0x8b,
    0x49,0x8b,0x49,0x8b,0x49,0x8b,0x69,0x8b,0x69,0x83,0x49,0x83,0x49,0x83,0x6a,0x8b,
    0x6a,0x8b,0x6a,0x8b,0x6a,0x8b,0x49,0x8b,0x29,0x83,0x49,0x8b,0x6a,0x8b,0x6a,0x8b,
    0x49,0x8b,0x49,0x8b,0x6a,0x8b,0x6a,0x8b,0x49,0x8b,0x49,0x83,0x49,0x8b,0x49,0x8b,
    0x49,0x8b,0x49,0x8b,0x49,0x83,0x6a,0x8b,0x49,0x8b,0x49,0x83,0x49,0x8b,0x49,0x8b,
    0x29,0x83,0x68,0x8b,0xcc,0xbc,0xcc,0xbc,0xcc,0xbc,0xcc,0xbc,0xcc,0xbc,0xcc,0xbc,
    0xcc,0xbc,0xcc,0xbc,0xcc,0xbc,0xcc,0xbc,0xcc,0xbc,0xcc,0xbc,0xcc,0xbc,0xcc,0xbc,
    0xcc,0xbc,0xcc,0xbc,0xcc,0xbc,0xcc,0xbc,0xcc,0xbc,0xcc,0xbc,0xcc,0xbc,0xcc,0xbc,
    0xcc,0xbc,0xcc,0xbc,0xcc,0xbc,0xcc,0xbc,0xac,0xb4,0xea,0x9b,0x0b,0x9c,0x0b,0x9c,
    0x0b,0x9c,0xeb,0x9b,0xeb,0x9b,0xca,0x93,0xca,0x93,0xcb,0x93,0xeb,0x9b,0xcb,0x9b,
    0xeb,0x9b,0xeb,0x9b,0xeb,0x9b,0xcb,0x9b,0xcb,0x9b,0xca,0x93,0xcb,0x93,0xcb,0x9b,
    0xcb,0x9b,0xcb,0x9b,0xcb,0x93,0xaa,0x93,0xaa,0x93,0xaa,0x93,0xcb,0x93,0xcb,0x93,
    0xca,0x93,0xaa,0x93,0xaa,0x93,0xaa,0x93,0x8a,0x93,0x8a,0x93,0xaa,0x93,0xaa,0x93,
    0xaa,0x93,0xab,0x93,0xab,0x93,0xaa,0x93,0xaa,0x93,0xca,0x93,0xca,0x93,0xca,0x93,
    0xca,0x93,0xca,0x93,0xca,0x93,0xca,0x93,0xcb,0x93,0xcb,0x93,0xcb,0x93,0xcb,0x93,
    0xcb,0x93,0xcb,0x93,0xcb,0x93,0xcb,0x93,0xcb,0x93,0xaa,0x93,0xaa,0x93,0xaa,0x93,
    0xcb,0x93,0xcb,0x93,0xcb,0x93,0xca,0x93,0xca,0x93,0xca,0x93,0xca,0x93,0xca,0x93,
    0xca,0x93,0xca,0x93,0xaa,0x93,0xaa,0x93,0xaa,0x93,0xaa,0x8b,0x8a,0x8b,0x8a,0x8b,
    0x8a,0x8b,0x69,0x8b,0x69,0x83,0x49,0x83,0x49,0x83,0x49,0x83,0x49,0x83,0x49,0x83,
    0x49,0x83,0x49,0x83,0x29,0x83,0x29,0x83,0x29,0x83,0x28,0x7b,0x08,0x7b,0x08,0x7b,
    0x08,0x7b,0x08,0x7b,0x08,0x7b,0x28,0x7b,0x28,0x7b,0x08,0x7b,0x08,0x7b,0x08,0x7b,
    0x08,0x7b,0x08,0x7b,0x08,0x7b,0x08,0x7b,0x08,0x7b,0xe8,0x7a,0x08,0x7b,0xe8,0x7a,
    0xe8,0x7a,0xe8,0x7a,0x08,0x7b,0x28,0x7b,0x69,0x8b,0xaa,0x93,0xea,0x9b,0xeb,0x9b,
    0x2b,0xa4,0x2b,0xa4,0x2b,0xa4,0x2b,0xa4,0x4c,0xac,0x4c,0xac,0x2c,0xa4,0x0c,0xa4,
    0xeb,0x9b,0x8a,0x8b,0x28,0x83,0xe7,0x7a,0xa6,0x72,0x45,0x62,0x04,0x5a,0xe4,0x59,
    0xe4,0x59,0xe4,0x59,0xe4,0x59,0x05,0x5a,0x25,0x62,0xa7,0x72,0x28,0x83,0x89,0x8b,
    0xaa,0x93,0xaa,0x93,0xca,0x9b,0xeb,0x9b,0x2b,0xa4,0x4c,0xac,0x4c,0xac,0x6c,0xac,
    0x6c,0xac,0x4c,0xac,0x2b,0xa4,0x2c,0xa4,0x2c,0xac,0x2b,0xa4,0x0b,0xa4,0xca,0x9b,
    0x28,0x8b,0xe7,0x7a,0xe7,0x7a,0xe7,0x7a,0xe7,0x7a,0xe8,0x7a,0xe8,0x7a,0xe8,0x7a,
    0xe8,0x82,0x08,0x83,0x08,0x83,0x08,0x83,0x29,0x83,0x49,0x8b,0x6a,0x93,0xaa,0x93,
    0xaa,0x93,0xab,0x93,0xab,0x93,0xcb,0x93,0xcb,0x9b,0xcb,0x9b,0xcb,0x9b,0xeb,0x9b,
    0xcb,0x9b,0xcb,0x9b,0xcb,0x9b,0xcb,0x9b,0xcb,0x9b,0xcb,0x9b,0xcb,0x9b,0xcb,0x93,
    0xcb,0x93,0xcb,0x93,0xcb,0x93,0xca,0x93,0xca,0x93,0xca,0x93,0xaa,0x93,0xaa,0x93,
    0xaa,0x93,0xaa,0x93,0xaa,0x93,0xaa,0x93,0xaa,0x93,0xaa,0x93,0x8a,0x93,0x8a,0x93,
    0x8a,0x8b,0x8a,0x93,0x8a,0x93,0x8a,0x93,0xaa,0x93,0x8a,0x93,0x89,0x93,0x89,0x93,
    0x89,0x8b,0x89,0x8b,0x69,0x8b,0x69,0x8b,0x69,0x8b,0x8a,0x8b,0x8a,0x8b,0x8a,0x8b,
    0x8a,0x8b,0x6a,0x8b,0x6a,0x8b,0x6a,0x8b,0x6a,0x8b,0x6a,0x8b,0x6a,0x8b,0x6a,0x8b,
    0x6a,0x8b,0x6a,0x8b,0x6a,0x8b,0x6a,0x8b,0x6a,0x8b,0x6a,0x8b,0x69,0x8b,0x69,0x8b,
    0x6a,0x8b,0x6a,0x8b,0x6a,0x8b,0x6a,0x8b,0x6a,0x8b,0x6a,0x8b,0x6a,0x8b,0x6a,0x8b,
    0x6a,0x8b,0x6a,0x8b,0x6a,0x8b,0x6a,0x8b,0x69,0x8b,0x69,0x8b,0x6a,0x8b,0x6a,0x8b,
    0x6a,0x8b,0x6a,0x8b,0x6a,0x8b,0x6a,0x8b,0x6a,0x8b,0x6a,0x8b,0x49,0x8b,0x6a,0x8b,
    0x69,0x8b,0x69,0x8b,0x69,0x8b,0x6a,0x8b,0x6a,0x8b,0x6a,0x8b,0x4a,0x8b,0x4a,0x8b,
    0x4a,0x8b,0x4a,0x8b,0x6a,0x8b,0x49,0x8b,0x49,0x8b,0x49,0x8b,0x69,0x8b,0x49,0x8b,
    0x49,0x8b,0x49,0x8b,0x49,0x8b,0x69,0x8b,0x49,0x8b,0x49,0x8b,0x49,0x8b,0x49,0x8b,
    0x49,0x8b,0x49,0x8b,0x49,0x8b,0x49,0x8b,0x49,0x8b,0x49,0x8b,0x49,0x8b,0x49,0x8b,
    0x49,0x8b,0x89,0x93,0xcc,0xbc,0xcc,0xbc,0xcc,0xbc,0xcc,0xbc,0xcc,0xbc,0xcc,0xbc,
    0xcc,0xbc,0xcc,0xbc,0xcc,0xbc,0xcc,0xbc,0xcc,0xbc,0xcc,0xbc,0xcc,0xbc,0xcc,0xbc,
    0xcc,0xbc,0xcc,0xbc,0xcc,0xbc,0xcc,0xbc,0xcc,0xbc,0xcc,0xbc,0xcc,0xbc,0xcc,0xbc,
    0xcc,0xbc,0xcc,0xbc,0xcc,0xbc,0xcc,0xbc,0xac,0xb4,0xea,0x9b,0x0b,0x9c,0x0b,0x9c,
    0x0b,0x9c,0x0b,0x9c,0x0b,0x9c,0xeb,0x93,0xeb,0x93,0xeb,0x93,0xeb,0x93,0xeb,0x9b,
    0xeb,0x9b,0xeb,0x9b,0xeb,0x9b,0x0b,0x9c,0xeb,0x9b,0xeb,0x9b,0xeb,0x9b,0xcb,0x9b,
    0xcb,0x9b,0xcb,0x9b,0xcb,0x9b,0xcb,0x9b,0xab,0x93,0xab,0x93,0xcb,0x93,0xcb,0x93,
    0xcb,0x9b,0xcb,0x9b,0xaa,0x93,0xaa,0x93,0x8a,0x93,0x8a,0x93,0x8a,0x93,0xaa,0x93,
    0xaa,0x93,0xcb,0x93,0xcb,0x93,0xaa,0x93,0xaa,0x93,0xca,0x93,0xca,0x93,0xca,0x93,
    0xca,0x93,0xca,0x93,0xca,0x93,0xca,0x93,0xcb,0x93,0xcb,0x93,0xcb,0x93,0xcb,0x93,
    0xcb,0x93,0xca,0x93,0xcb,0x93,0xeb,0x93,0xcb,0x93,0xcb,0x93,0xca,0x93,0xaa,0x93,
    0xcb,0x93,0xcb,0x93,0xcb,0x93,0xcb,0x93,0xca,0x93,0xca,0x93,0xca,0x93,0xca,0x93,
    0xca,0x93,0xca,0x93,0xaa,0x93,0xaa,0x93,0xaa,0x93,0xaa,0x8b,0x8a,0x8b,0x8a,0x8b,
    0x89,0x8b,0x69,0x8b,0x69,0x8b,0x49,0x83,0x49,0x83,0x49,0x83,0x49,0x83,0x49,0x83,
    0x49,0x83,0x29,0x83,0x29,0x83,0x29,0x83,0x29,0x83,0x28,0x7b,0x08,0x7b,0x08,0x7b,
    0x08,0x7b,0x08,0x7b,0x08,0x7b,0x28,0x7b,0x08,0x7b,0x08,0x7b,0x08,0x7b,0x08,0x7b,
    0x08,0x7b,0x08,0x7b,0xe8,0x7a,0xe8,0x7a,0xe8,0x7a,0xe8,0x7a,0xe8,0x7a,0xe8,0x7a,
    0xe8,0x72,0xe8,0x72,0x08,0x7b,0x08,0x7b,0x49,0x8b,0xaa,0x93,0xca,0x9b,0xeb,0x9b,
    0x2b,0xa4,0x2b,0xa4,0x0b,0xa4,0x2b,0xa4,0x4c,0xac,0x4c,0xac,0x4c,0xac,0x2c,0xa4,
    0xeb,0x9b,0x8a,0x8b,0x28,0x83,0x07,0x7b,0xa7,0x72,0x65,0x62,0x04,0x5a,0x04,0x5a,
    0xe4,0x59,0xe4,0x59,0xc4,0x51,0xe4,0x59,0x25,0x62,0x86,0x6a,0xe7,0x7a,0x48,0x83,
    0xaa,0x93,0xca,0x9b,0xeb,0x9b,0x0b,0xa4,0x2c,0xa4,0x4c,0xac,0x4c,0xac,0x6c,0xac,
    0x6c,0xac,0x4c,0xac,0x4c,0xac,0x4c,0xac,0x4c,0xac,0x2b,0xa4,0x0b,0xa4,0xaa,0x93,
    0x28,0x83,0xe8,0x7a,0xc7,0x7a,0xc7,0x7a,0xe7,0x7a,0xe8,0x7a,0xe8,0x7a,0xe8,0x7a,
    0x08,0x83,0x08,0x83,0x08,0x83,0x08,0x83,0x08,0x83,0x49,0x8b,0x6a,0x93,0xaa,0x93,
    0xaa,0x93,0xaa,0x93,0xab,0x93,0xab,0x93,0xcb,0x93,0xcb,0x9b,0xcb,0x9b,0xeb,0x9b,
    0xcb,0x9b,0xcb,0x9b,0xcb,0x9b,0xcb,0x9b,0xcb,0x9b,0xca,0x9b,0xaa,0x93,0xab,0x93,
    0xab,0x93,0xab,0x93,0xab,0x93,0xab,0x93,0xab,0x93,0xab,0x93,0xaa,0x93,0xaa,0x93,
    0xaa,0x93,0xaa,0x93,0xaa,0x93,0xaa,0x93,0xaa,0x93,0x8a,0x93,0x8a,0x93,0x8a,0x93,
    0x8a,0x93,0x8a,0x93,0x8a,0x93,0x8a,0x93,0xaa,0x93,0xaa,0x93,0x89,0x93,0x89,0x93,
    0x89,0x8b,0x89,0x8b,0x69,0x8b,0x69,0x8b,0x69,0x8b,0x8a,0x8b,0x8a,0x8b,0x8a,0x8b,
    0x8a,0x8b,0x6a,0x8b,0x6a,0x8b,0x6a,0x8b,0x6a,0x8b,0x8a,0x8b,0x6a,0x8b,0x6a,0x8b,
    0x6a,0x8b,0x6a,0x8b,0x6a,0x8b,0x6a,0x8b,0x6a,0x8b,0x6a,0x8b,0x69,0x8b,0x69,0x8b,
    0x6a,0x8b,0x6a,0x8b,0x6a,0x8b,0x6a,0x8b,0x6a,0x8b,0x6a,0x8b,0x6a,0x8b,0x6a,0x8b,
    0x6a,0x8b,0x6a,0x8b,0x6a,0x8b,0x69,0x8b,0x69,0x8b,0x69,0x8b,0x6a,0x8b,0x6a,0x8b,
    0x6a,0x8b,0x6a,0x8b,0x6a,0x8b,0x6a,0x8b,0x6a,0x8b,0x6a,0x8b,0x6a,0x8b,0x6a,0x8b,
    0x69,0x8b,0x69,0x8b,0x69,0x8b,0x6a,0x8b,0x6a,0x8b,0x6a,0x8b,0x6a,0x8b,0x4a,0x8b,
    0x4a,0x8b,0x4a,0x8b,0x49,0x8b,0x69,0x8b,0x69,0x8b,0x69,0x8b,0x6a,0x8b,0x6a,0x8b,
    0x69,0x8b,0x49,0x8b,0x49,0x8b,0x49,0x8b,0x49,0x8b,0x49,0x8b,0x49,0x8b,0x49,0x8b,
    0x49,0x8b,0x49,0x8b,0x6a,0x8b,0x69,0x8b,0x49,0x8b,0x49,0x8b,0x49,0x8b,0x49,0x8b,
    0x49,0x8b,0xa9,0x93,0xcc,0xbc,0xcc,0xbc,0xcc,0xbc,0xcc,0xbc,0xcc,0xbc,0xcc,0xbc,
    0xcc,0xbc,0xcc,0xbc,0xcc,0xbc,0xcc,0xbc,0xcc,0xbc,0xcc,0xbc,0xcc,0xbc,0xcc,0xbc,
    0xcc,0xbc,0xcc,0xbc,0xcc,0xbc,0xcc,0xbc,0xcc,0xbc,0xcc,0xbc,0xcc,0xbc,0xcc,0xbc,
    0xcc,0xbc,0xcc,0xbc,0xcc,0xbc,0xcc,0xbc,0xac,0xb4,0xea,0x9b,0x0b,0x9c,0x2c,0x9c,
    0x0b,0x9c,0x0b,0x9c,0x0b,0x9c,0xeb,0x9b,0xeb,0x9b,0xeb,0x9b,0xeb,0x9b,0xeb,0x9b,
    0x0b,0x9c,0x0b,0x9c,0x0c,0x9c,0x2c,0x9c,0x0c,0x9c,0x0c,0x9c,0xeb,0x9b,0xeb,0x9b,
    0xeb,0x9b,0xeb,0x9b,0xeb,0x9b,0xeb,0x9b,0xeb,0x9b,0xcb,0x9b,0xcb,0x9b,0xcb,0x9b,
    0xcb,0x9b,0xcb,0x9b,0xcb,0x9b,0xcb,0x9b,0xcb,0x93,0xaa,0x93,0x8a,0x93,0xaa,0x93,
    0xaa,0x93,0xab,0x93,0xcb,0x93,0xaa,0x93,0xaa,0x93,0xca,0x93,0xca,0x93,0xca,0x93,
    0xca,0x93,0xca,0x93,0xca,0x93,0xca,0x93,0xcb,0x93,0xcb,0x93,0xcb,0x93,0xcb,0x93,
    0xcb,0x93,0xca,0x93,0xcb,0x93,0xeb,0x93,0xcb,0x93,0xcb,0x93,0xcb,0x93,0xca,0x93,
    0xcb,0x93,0xcb,0x93,0xca,0x93,0xaa,0x93,0xca,0x93,0xca,0x93,0xca,0x93,0xca,0x93,
    0xca,0x93,0xca,0x93,0xaa,0x93,0xaa,0x93,0xaa,0x93,0xaa,0x8b,0x8a,0x8b,0x8a,0x8b,
    0x8a,0x8b,0x89,0x8b,0x69,0x8b,0x49,0x83,0x49,0x83,0x49,0x83,0x49,0x83,0x49,0x83,
    0x29,0x83,0x29,0x83,0x29,0x83,0x29,0x83,0x29,0x83,0x28,0x7b,0x08,0x7b,0x08,0x7b,
    0x08,0x7b,0x08,0x7b,0x08,0x7b,0x08,0x7b,0x08,0x7b,0x08,0x7b,0x08,0x7b,0x08,0x7b,
    0x08,0x7b,0x08,0x7b,0xe8,0x7a,0xe8,0x7a,0xe8,0x7a,0xe8,0x7a,0xe8,0x72,0xe8,0x72,
    0xe8,0x72,0xc8,0x72,0xe7,0x7a,0x07,0x7b,0x48,0x83,0x8a,0x8b,0xca,0x93,0xea,0x9b,
    0x0b,0xa4,0x2b,0xa4,0x2b,0xa4,0x2b,0xa4,0x2b,0xa4,0x2c,0xa4,0x2c,0xac,0x2c,0xa4,
    0xeb,0x9b,0x8a,0x93,0x48,0x83,0x08,0x7b,0xc7,0x72,0x65,0x6a,0x04,0x5a,0x04,0x5a,
    0xe4,0x59,0xe4,0x59,0xc4,0x51,0x04,0x5a,0x25,0x62,0x66,0x6a,0xe7,0x72,0x28,0x83,
    0xaa,0x93,0xca,0x9b,0x0b,0xa4,0x2b,0xa4,0x2c,0xa4,0x4c,0xac,0x4c,0xac,0x6c,0xac,
    0x6c,0xac,0x4c,0xac,0x4c,0xac,0x4c,0xac,0x4c,0xac,0x2b,0xa4,0x0b,0xa4,0xa9,0x93,
    0x28,0x83,0xe8,0x7a,0xc7,0x7a,0xe7,0x7a,0xe7,0x7a,0xe8,0x7a,0xe8,0x7a,0xe8,0x7a,
    0xe8,0x7a,0x08,0x83,0x08,0x83,0x08,0x83,0x08,0x83,0x49,0x8b,0x6a,0x8b,0x8a,0x93,
    0xaa,0x93,0xaa,0x93,0xaa,0x93,0xcb,0x93,0xcb,0x9b,0xcb,0x9b,0xeb,0x9b,0xeb,0x9b,
    0xcb,0x9b,0xcb,0x9b,0xcb,0x9b,0xcb,0x9b,0xcb,0x9b,0xca,0x9b,0xaa,0x93,0xaa,0x93,
    0xaa,0x93,0xaa,0x93,0xab,0x93,0xab,0x93,0xab,0x93,0xab,0x93,0xaa,0x93,0xaa,0x93,
    0xaa,0x93,0xaa,0x93,0xaa,0x93,0xaa,0x93,0xaa,0x93,0x8a,0x93,0x8a,0x93,0x8a,0x93,
    0x8a,0x93,0x8a,0x93,0x8a,0x93,0x8a,0x93,0xaa,0x93,0x8a,0x93,0x8a,0x93,0x89,0x8b,
    0x89,0x8b,0x89,0x8b,0x89,0x8b,0x89,0x8b,0x89,0x8b,0x8a,0x8b,0x8a,0x8b,0x8a,0x8b,
    0x8a,0x8b,0x8a,0x8b,0x8a,0x8b,0x8a,0x8b,0x8a,0x8b,0x8a,0x8b,0x6a,0x8b,0x6a,0x8b,
    0x6a,0x8b,0x6a,0x8b,0x6a,0x8b,0x6a,0x8b,0x6a,0x8b,0x6a,0x8b,0x69,0x8b,0x69,0x8b,
    0x6a,0x8b,0x6a,0x8b,0x6a,0x8b,0x6a,0x8b,0x6a,0x8b,0x6a,0x8b,0x6a,0x8b,0x6a,0x8b,
    0x6a,0x8b,0x6a,0x8b,0x6a,0x8b,0x69,0x8b,0x69,0x8b,0x69,0x8b,0x69,0x8b,0x6a,0x8b,
    0x6a,0x8b,0x6a,0x8b,0x6a,0x8b,0x6a,0x8b,0x6a,0x8b,0x6a,0x8b,0x6a,0x8b,0x6a,0x8b,
    0x69,0x8b,0x69,0x8b,0x69,0x8b,0x6a,0x8b,0x6a,0x8b,0x6a,0x8b,0x6a,0x8b,0x6a,0x8b,
    0x6a,0x8b,0x6a,0x8b,0x6a,0x8b,0x6a,0x8b,0x6a,0x8b,0x6a,0x8b,0x6a,0x8b,0x6a,0x8b,
    0x6a,0x8b,0x69,0x8b,0x49,0x8b,0x49,0x8b,0x49,0x8b,0x49,0x8b,0x69,0x8b,0x69,0x8b,
    0x69,0x8b,0x69,0x8b,0x6a,0x8b,0x6a,0x8b,0x69,0x8b,0x69,0x8b,0x49,0x8b,0x49,0x8b,
    0x49,0x8b,0xa9,0x93,0xcc,0xbc,0xcc,0xbc,0xcc,0xbc,0xcc,0xbc,0xcc,0xbc,0xcc,0xbc,
    0xcc,0xbc,0xcc,0xbc,0xcc,0xbc,0xcc,0xbc,0xcc,0xbc,0xcc,0xbc,0xcc,0xbc,0xcc,0xbc,
    0xcc,0xbc,0xcc,0xbc,0xcc,0xbc,0xcc,0xbc,0xcc,0xbc,0xcc,0xbc,0xcc,0xbc,0xcc,0xbc,
    0xcc,0xbc,0xcc,0xbc,0xcc,0xbc,0xcc,0xbc,0xac,0xb4,0xea,0x9b,0x0b,0x9c,0xeb,0x9b,
    0xeb,0x9b,0xeb,0x93,0xeb,0x9b,0x0b,0x9c,0x0b,0x9c,0x0b,0x9c,0x0b,0x9c,0x0b,0x9c,
    0x0b,0x9c,0x0b,0x9c,0x0b,0x9c,0x0b,0x9c,0x0b,0x9c,0x0b,0x9c,0x0c,0x9c,0x0c,0x9c,
    0x0c,0x9c,0x0c,0x9c,0x0c,0x9c,0x0c,0x9c,0xec,0x9b,0xeb,0x9b,0xcb,0x9b,0xeb,0x9b,
    0xeb,0x9b,0xeb,0x9b,0xeb,0x9b,0xeb,0x9b,0xcb,0x9b,0xcb,0x9b,0xcb,0x93,0xcb,0x9b,
    0xcb,0x9b,0xcb,0x9b,0xcb,0x93,0xaa,0x93,0xaa,0x93,0xca,0x93,0xca,0x93,0xca,0x93,
    0xca,0x93,0xca,0x93,0xca,0x93,0xca,0x93,0xcb,0x93,0xcb,0x93,0xcb,0x93,0xcb,0x93,
    0xcb,0x93,0xca,0x93,0xcb,0x93,0xeb,0x93,0xeb,0x93,0xcb,0x93,0xcb,0x93,0xcb,0x93,
    0xcb,0x93,0xca,0x93,0xaa,0x93,0xaa,0x93,0xca,0x93,0xca,0x93,0xca,0x93,0xca,0x93,
    0xca,0x93,0xca,0x93,0xaa,0x93,0xaa,0x93,0xaa,0x93,0xaa,0x8b,0x8a,0x8b,0x8a,0x8b,
    0x8a,0x8b,0x89,0x8b,0x69,0x8b,0x69,0x83,0x49,0x83,0x49,0x83,0x49,0x83,0x49,0x83,
    0x29,0x83,0x29,0x83,0x28,0x83,0x29,0x83,0x29,0x83,0x28,0x7b,0x08,0x7b,0x08,0x7b,
    0x08,0x7b,0x08,0x7b,0x08,0x7b,0x08,0x7b,0x08,0x7b,0x08,0x7b,0xe8,0x7a,0xe8,0x7a,
    0xe8,0x7a,0xe8,0x7a,0xe8,0x7a,0xe8,0x7a,0xe8,0x7a,0xe8,0x7a,0xe8,0x72,0xc8,0x72,
    0xc8,0x72,0xc8,0x72,0xc7,0x72,0xe7,0x7a,0x28,0x83,0x69,0x8b,0xaa,0x93,0xca,0x9b,
    0xeb,0xa3,0x2b,0xa4,0x2b,0xa4,0x2b,0xa4,0x0b,0xa4,0x2c,0xa4,0x2c,0xa4,0x0c,0xa4,
    0xcb,0x9b,0xaa,0x93,0x49,0x83,0x28,0x7b,0xc7,0x72,0x66,0x6a,0x04,0x5a,0x04,0x5a,
    0xe4,0x59,0xe4,0x59,0xc4,0x51,0xe4,0x59,0x25,0x62,0x86,0x6a,0xe7,0x7a,0x48,0x83,
    0xaa,0x93,0xaa,0x93,0xea,0x9b,0x0b,0xa4,0x2b,0xa4,0x4c,0xac,0x4c,0xac,0x6c,0xac,
    0x6c,0xac,0x4c,0xac,0x4c,0xac,0x4c,0xac,0x4c,0xac,0x2b,0xa4,0x0b,0xa4,0xa9,0x93,
    0x28,0x83,0xe8,0x7a,0xc7,0x7a,0xe7,0x7a,0xe8,0x7a,0xe8,0x7a,0x08,0x7b,0xe8,0x7a,
    0xe8,0x7a,0xe8,0x7a,0x08,0x7b,0x08,0x7b,0x08,0x83,0x49,0x83,0x6a,0x8b,0x8a,0x93,
    0xaa,0x93,0xaa,0x93,0xaa,0x93,0xcb,0x9b,0xcb,0x9b,0xeb,0x9b,0xeb,0x9b,0xeb,0x9b,
    0xcb,0x9b,0xcb,0x9b,0xcb,0x9b,0xcb,0x9b,0xcb,0x9b,0xca,0x9b,0xaa,0x93,0xaa,0x93,
    0xaa,0x93,0xaa,0x93,0xab,0x93,0xab,0x93,0xab,0x93,0xab,0x93,0xaa,0x93,0xaa,0x93,
    0xaa,0x93,0xaa,0x93,0xaa,0x93,0xaa,0x93,0xaa,0x93,0x8a,0x93,0x8a,0x93,0x8a,0x93,
    0x8a,0x93,0x8a,0x93,0x8a,0x93,0x8a,0x93,0xaa,0x93,0x8a,0x93,0x8a,0x93,0x8a,0x8b,
    0x89,0x8b,0x89,0x8b,0x89,0x8b,0x89,0x8b,0x89,0x8b,0x6a,0x8b,0x6a,0x8b,0x6a,0x8b,
    0x6a,0x8b,0x8a,0x8b,0x8a,0x8b,0x8a,0x8b,0x8a,0x8b,0x8a,0x8b,0x6a,0x8b,0x6a,0x8b,
    0x6a,0x8b,0x6a,0x8b,0x6a,0x8b,0x6a,0x8b,0x6a,0x8b,0x6a,0x8b,0x69,0x8b,0x69,0x8b,
    0x6a,0x8b,0x6a,0x8b,0x6a,0x8b,0x6a,0x8b,0x6a,0x8b,0x6a,0x8b,0x6a,0x8b,0x6a,0x8b,
    0x6a,0x8b,0x6a,0x8b,0x6a,0x8b,0x69,0x8b,0x49,0x8b,0x49,0x8b,0x69,0x8b,0x6a,0x8b,
    0x6a,0x8b,0x6a,0x8b,0x6a,0x8b,0x6a,0x8b,0x6a,0x8b,0x6a,0x8b,0x6a,0x8b,0x6a,0x8b,
    0x69,0x8b,0x69,0x8b,0x69,0x8b,0x6a,0x8b,0x6a,0x8b,0x6a,0x8b,0x6a,0x8b,0x6a,0x8b,
    0x6a,0x8b,0x6a,0x8b,0x6a,0x8b,0x6a,0x8b,0x6a,0x8b,0x6a,0x8b,0x6a,0x8b,0x6a,0x8b,
    0x6a,0x8b,0x6a,0x8b,0x49,0x8b,0x49,0x8b,0x49,0x8b,0x49,0x8b,0x6a,0x8b,0x69,0x8b,
    0x69,0x8b,0x69,0x8b,0x6a,0x8b,0x6a,0x8b,0x6a,0x8b,0x69,0x8b,0x49,0x8b,0x49,0x8b,
    0x49,0x8b,0xa9,0x93,0xcc,0xbc,0xcc,0xbc,0xcc,0xbc,0xcc,0xbc,0xcc,0xbc,0xcc,0xbc,
    0xcc,0xbc,0xcc,0xbc,0xcc,0xbc,0xcc,0xbc,0xcc,0xbc,0xcc,0xbc,0xcc,0xbc,0xcc,0xbc,
    0xcc,0xbc,0xcc,0xbc,0xcc,0xbc,0xcc,0xbc,0xcc,0xbc,0xcc,0xbc,0xcc,0xbc,0xcc,0xbc,
    0xcc,0xbc,0xcc,0xbc,0xcc,0xbc,0xcc,0xbc,0xad,0xbc,0xa9,0x93,0xca,0x93,0xcb,0x93,
    0xcb,0x93,0xaa,0x93,0x8a,0x8b,0xeb,0x93,0xeb,0x93,0xeb,0x9b,0x0b,0x9c,0x0b,0x9c,
    0x0b,0x9c,0x0b,0x9c,0x0b,0x9c,0x0b,0x9c,0x0b,0x9c,0x0b,0x9c,0x0c,0xa4,0x0c,0xa4,
    0x0c,0xa4,0x0c,0xa4,0xeb,0x9b,0xec,0x9b,0xec,0x9b,0xec,0x9b,0xec,0x9b,0xeb,0x9b,
    0xec,0x9b,0xeb,0x9b,0xeb,0x9b,0xeb,0x9b,0xeb,0x9b,0xeb,0x9b,0xeb,0x9b,0xeb,0x9b,
    0xeb,0x9b,0xcb,0x9b,0xcb,0x9b,0xcb,0x9b,0xcb,0x9b,0xca,0x93,0xca,0x93,0xca,0x93,
    0xca,0x93,0xca,0x93,0xeb,0x93,0xeb,0x93,0xcb,0x93,0xcb,0x93,0xcb,0x93,0xcb,0x93,
    0xcb,0x93,0xcb,0x93,0xcb,0x93,0xeb,0x93,0xcb,0x93,0xcb,0x93,0xcb,0x93,0xcb,0x93,
    0xcb,0x93,0xcb,0x93,0xca,0x93,0xaa,0x93,0xca,0x93,0xca,0x93,0xca,0x93,0xca,0x93,
    0xca,0x93,0xca,0x93,0xca,0x93,0xca,0x93,0xca,0x93,0xaa,0x93,0xaa,0x8b,0xaa,0x8b,
    0xaa,0x8b,0x8a,0x8b,0x89,0x8b,0x69,0x83,0x49,0x83,0x49,0x83,0x29,0x83,0x29,0x83,
    0x28,0x7b,0x08,0x7b,0x29,0x83,0x29,0x83,0x29,0x83,0x29,0x83,0x28,0x7b,0x28,0x7b,
    0x08,0x7b,0x08,0x7b,0x08,0x7b,0x08,0x7b,0x08,0x7b,0x08,0x7b,0x08,0x7b,0x08,0x7b,
    0x08,0x7b,0xe8,0x7a,0xe8,0x7a,0xe8,0x7a,0xe8,0x7a,0xe8,0x7a,0xe8,0x72,0xc8,0x72,
    0xc8,0x72,0xc7,0x72,0xc7,0x72,0xe7,0x7a,0x28,0x83,0x69,0x8b,0xaa,0x93,0xcb,0x9b,
    0xeb,0xa3,0x0b,0xa4,0x0b,0xa4,0x2b,0xa4,0x2c,0xa4,0x2c,0xa4,0x2c,0xa4,0x2c,0xa4,
    0xeb,0x9b,0xaa,0x93,0x49,0x83,0x28,0x7b,0xc7,0x72,0x66,0x6a,0x04,0x5a,0x04,0x5a,
    0xe4,0x59,0xe5,0x59,0xe5,0x59,0x05,0x5a,0x45,0x62,0x86,0x6a,0x08,0x7b,0x49,0x83,
    0x89,0x8b,0xa9,0x93,0xaa,0x93,0xca,0x9b,0xeb,0x9b,0x2b,0xa4,0x4c,0xac,0x4b,0xac,
    0x4c,0xac,0x4c,0xac,0x2c,0xa4,0x4c,0xac,0x4c,0xac,0x2b,0xa4,0xea,0x9b,0x89,0x93,
    0x28,0x83,0xe7,0x7a,0xe7,0x7a,0xe8,0x7a,0xe7,0x7a,0xe8,0x7a,0xe8,0x7a,0xe8,0x7a,
    0xe8,0x7a,0x08,0x7b,0x08,0x7b,0x08,0x7b,0x08,0x7b,0x49,0x83,0x6a,0x8b,0xaa,0x93,
    0xaa,0x93,0xaa,0x93,0xab,0x93,0xcb,0x93,0xcb,0x9b,0xcb,0x9b,0xcb,0x9b,0xcb,0x9b,
    0xcb,0x9b,0xca,0x9b,0xca,0x9b,0xcb,0x9b,0xcb,0x9b,0xca,0x9b,0xaa,0x93,0xab,0x93,
    0xab,0x93,0xab,0x93,0xcb,0x93,0xcb,0x93,0xab,0x93,0xab,0x93,0xaa,0x93,0xaa,0x93,
    0xaa,0x93,0x8a,0x93,0x8a,0x93,0x8a,0x93,0x8a,0x93,0x8a,0x93,0x8a,0x93,0x8a,0x93,
    0x8a,0x93,0x8a,0x93,0x8a,0x93,0x8a,0x93,0x8a,0x93,0x8a,0x93,0xaa,0x8b,0x8a,0x8b,
    0x8a,0x8b,0x8a,0x8b,0x8a,0x8b,0x8a,0x8b,0x8a,0x8b,0x8a,0x8b,0x8a,0x8b,0x8a,0x8b,
    0x8a,0x8b,0x8a,0x8b,0x8a,0x8b,0x8a,0x8b,0x6a,0x8b,0x6a,0x8b,0x6a,0x8b,0x6a,0x8b,
    0x6a,0x8b,0x6a,0x8b,0x6a,0x8b,0x6a,0x8b,0x6a,0x8b,0x6a,0x8b,0x6a,0x8b,0x6a,0x8b,
    0x6a,0x8b,0x6a,0x8b,0x6a,0x8b,0x6a,0x8b,0x6a,0x8b,0x6a,0x8b,0x6a,0x8b,0x6a,0x8b,
    0x6a,0x8b,0x6a,0x8b,0x6a,0x8b,0x69,0x8b,0x69,0x8b,0x69,0x8b,0x6a,0x8b,0x6a,0x8b,
    0x6a,0x8b,0x6a,0x8b,0x6a,0x8b,0x6a,0x8b,0x6a,0x8b,0x6a,0x8b,0x6a,0x8b,0x6a,0x8b,
    0x6a,0x8b,0x6a,0x8b,0x89,0x8b,0x6a,0x8b,0x6a,0x8b,0x6a,0x8b,0x6a,0x8b,0x6a,0x8b,
    0x6a,0x8b,0x6a,0x8b,0x6a,0x8b,0x6a,0x8b,0x6a,0x8b,0x6a,0x8b,0x6a,0x8b,0x6a,0x8b,
    0x6a,0x8b,0x6a,0x8b,0x69,0x8b,0x49,0x8b,0x49,0x8b,0x49,0x8b,0x49,0x8b,0x49,0x8b,
    0x6a,0x8b,0x6a,0x8b,0x6a,0x8b,0x6a,0x8b,0x6a,0x8b,0x6a,0x8b,0x6a,0x8b,0x6a,0x8b,
    0x49,0x8b,0xa9,0x93,0xcc,0xbc,0xcc,0xbc,0xcc,0xbc,0xcc,0xbc,0xcc,0xbc,0xcc,0xbc,
    0xcc,0xbc,0xcc,0xbc,0xcc,0xbc,0xcc,0xbc,0xcc,0xbc,0xcc,0xbc,0xcc,0xbc,0xcc,0xbc,
    0xcc,0xbc,0xcc,0xbc,0xcc,0xbc,0xcc,0xbc,0xcc,0xbc,0xcc,0xbc,0xcc,0xbc,0xcc,0xbc,
    0xcc,0xbc,0xcc,0xbc,0xcc,0xbc,0xac,0xbc,0x8c,0xb4,0x89,0x93,0xaa,0x8b,0xaa,0x8b,
    0xaa,0x93,0x8a,0x8b,0x6a,0x8b,0x8a,0x8b,0xaa,0x8b,0xcb,0x93,0xeb,0x93,0xeb,0x93,
    0xeb,0x93,0xeb,0x93,0xeb,0x93,0xeb,0x93,0x0b,0x94,0x0b,0x94,0x0c,0x9c,0x0c,0x9c,
    0xec,0x9b,0xec,0x9b,0x0c,0x9c,0x0c,0xa4,0x0c,0xa4,0x0c,0xa4,0xec,0x9b,0xec,0x9b,
    0xec,0x9b,0xeb,0x9b,0xeb,0x9b,0xeb,0x9b,0xec,0x9b,0xec,0x9b,0xeb,0x9b,0xeb,0x9b,
    0xeb,0x9b,0xeb,0x9b,0xeb,0x9b,0xeb,0x9b,0xeb,0x9b,0xeb,0x9b,0xeb,0x93,0xca,0x93,
    0xca,0x93,0xeb,0x9b,0x0c,0x9c,0x0c,0x9c,0xeb,0x9b,0x0b,0x9c,0x0b,0x9c,0x0b,0x9c,
    0xeb,0x9b,0xeb,0x9b,0xeb,0x9b,0xeb,0x9b,0xeb,0x93,0xeb,0x93,0xeb,0x93,0xeb,0x93,
    0xeb,0x93,0xeb,0x93,0xcb,0x93,0xcb,0x93,0xca,0x93,0xca,0x93,0xca,0x93,0xca,0x93,
    0xca,0x93,0xca,0x93,0xca,0x93,0xca,0x93,0xcb,0x93,0xca,0x93,0xaa,0x93,0xaa,0x93,
    0xaa,0x8b,0x8a,0x8b,0x89,0x8b,0x69,0x83,0x49,0x83,0x49,0x83,0x29,0x83,0x29,0x83,
    0x08,0x7b,0x08,0x7b,0x29,0x83,0x29,0x83,0x29,0x83,0x29,0x83,0x28,0x7b,0x28,0x7b,
    0x08,0x7b,0x08,0x7b,0x08,0x7b,0x08,0x7b,0x08,0x7b,0x08,0x7b,0x08,0x7b,0x08,0x7b,
    0xe8,0x7a,0xe8,0x7a,0xe8,0x7a,0xe8,0x7a,0xe8,0x7a,0xe8,0x7a,0xe8,0x72,0xc8,0x72,
    0xc8,0x72,0xc7,0x72,0xc7,0x72,0xe7,0x72,0x28,0x83,0x6a,0x8b,0xaa,0x93,0xcb,0x9b,
    0xeb,0x9b,0x0b,0xa4,0x0b,0xa4,0x2b,0xa4,0x4c,0xac,0x2c,0xa4,0x2c,0xa4,0x2c,0xa4,
    0xeb,0x9b,0xaa,0x93,0x49,0x83,0x08,0x7b,0xc7,0x72,0x45,0x62,0x04,0x5a,0x04,0x5a,
    0xe4,0x59,0xe5,0x59,0x05,0x5a,0x05,0x5a,0x66,0x6a,0xa7,0x72,0x08,0x7b,0x28,0x7b,
    0x69,0x8b,0xa9,0x93,0xa9,0x93,0xaa,0x93,0xea,0x9b,0x0b,0xa4,0x4c,0xac,0x4b,0xac,
    0x4c,0xac,0x2c,0xa4,0x2b,0xa4,0x4c,0xac,0x2c,0xa4,0x2b,0xa4,0xca,0x9b,0x89,0x93,
    0x08,0x83,0xe7,0x7a,0xe7,0x7a,0xe7,0x7a,0xe7,0x7a,0xe8,0x7a,0xe8,0x7a,0xe8,0x7a,
    0xe8,0x7a,0x08,0x7b,0x08,0x7b,0x08,0x7b,0x08,0x7b,0x49,0x83,0x6a,0x8b,0xaa,0x93,
    0xaa,0x93,0xaa,0x93,0xaa,0x93,0xcb,0x93,0xcb,0x93,0xcb,0x9b,0xcb,0x9b,0xcb,0x9b,
    0xca,0x9b,0xaa,0x9b,0xca,0x9b,0xcb,0x9b,0xcb,0x9b,0xca,0x9b,0xaa,0x93,0xab,0x93,
    0xab,0x93,0xab,0x93,0xcb,0x93,0xcb,0x93,0xab,0x93,0xaa,0x93,0xaa,0x93,0xaa,0x93,
    0xaa,0x93,0x8a,0x93,0x8a,0x93,0x8a,0x93,0x8a,0x93,0x8a,0x93,0x8a,0x93,0x8a,0x93,
    0x8a,0x93,0x8a,0x93,0x8a,0x93,0x8a,0x93,0x8a,0x93,0x8a,0x8b,0xaa,0x8b,0x8a,0x8b,
    0x8a,0x8b,0x8a,0x8b,0x8a,0x8b,0x8a,0x8b,0x8a,0x8b,0x8a,0x8b,0x8a,0x8b,0x8a,0x8b,
    0x8a,0x8b,0x8a,0x8b,0x8a,0x8b,0x8a,0x8b,0x6a,0x8b,0x6a,0x8b,0x6a,0x8b,0x6a,0x8b,
    0x6a,0x8b,0x6a,0x8b,0x6a,0x8b,0x6a,0x8b,0x6a,0x8b,0x6a,0x8b,0x6a,0x8b,0x6a,0x8b,
    0x6a,0x8b,0x6a,0x8b,0x6a,0x93,0x6a,0x93,0x6a,0x8b,0x6a,0x8b,0x6a,0x8b,0x6a,0x8b,
    0x6a,0x8b,0x6a,0x8b,0x6a,0x8b,0x69,0x8b,0x89,0x8b,0x6a,0x8b,0x6a,0x8b,0x6a,0x8b,
    0x6a,0x8b,0x6a,0x8b,0x6a,0x8b,0x6a,0x8b,0x6a,0x8b,0x6a,0x8b,0x6a,0x8b,0x6a,0x8b,
    0x69,0x8b,0x69,0x8b,0x69,0x8b,0x69,0x8b,0x69,0x8b,0x69,0x8b,0x69,0x8b,0x69,0x8b,
    0x69,0x8b,0x69,0x8b,0x69,0x8b,0x6a,0x8b,0x6a,0x8b,0x6a,0x8b,0x6a,0x8b,0x6a,0x8b,
    0x6a,0x8b,0x6a,0x8b,0x6a,0x8b,0x69,0x8b,0x69,0x8b,0x49,0x8b,0x49,0x8b,0x49,0x8b,
    0x6a,0x8b,0x6a,0x8b,0x6a,0x8b,0x6a,0x8b,0x6a,0x8b,0x6a,0x8b,0x6a,0x8b,0x6a,0x8b,
    0x49,0x8b,0xa9,0x93,0xcc,0xbc,0xcc,0xbc,0xcc,0xbc,0xcc,0xbc,0xcc,0xbc,0xcc,0xbc,
    0xcc,0xbc,0xcc,0xbc,0xcc,0xbc,0xcc,0xbc,0xcc,0xbc,0xcc,0xbc,0xcc,0xbc,0xcc,0xbc,
    0xcc,0xbc,0xcc,0xbc,0xcc,0xbc,0xcc,0xbc,0xcc,0xbc,0xcc,0xbc,0xcc,0xbc,0xcc,0xbc,
    0xcc,0xbc,0xcc,0xbc,0xcc,0xbc,0xcd,0xbc,0x8c,0xb4,0x48,0x8b,0x89,0x8b,0x8a,0x8b,
    0x8a,0x8b,0x8a,0x8b,0x8a,0x8b,0xaa,0x8b,0xaa,0x93,0xab,0x93,0xca,0x93,0xca,0x8b,
    0xca,0x8b,0xca,0x93,0xca,0x93,0xca,0x93,0xca,0x93,0xea,0x93,0xeb,0x9b,0xeb,0x9b,
    0xcb,0x9b,0xcb,0x9b,0xeb,0x9b,0xec,0x9b,0x0c,0x9c,0x0c,0xa4,0xec,0x9b,0xec,0x9b,
    0xec,0x9b,0xec,0x9b,0xeb,0x9b,0xec,0x9b,0xec,0x9b,0x0c,0x9c,0x0c,0x9c,0xec,0x9b,
    0xeb,0x9b,0xeb,0x9b,0xeb,0x9b,0xeb,0x9b,0xeb,0x9b,0xeb,0x9b,0xeb,0x9b,0xeb,0x9b,
    0xeb,0x9b,0x0b,0x9c,0x2c,0x9c,0x2c,0x9c,0x0c,0x9c,0x0c,0x9c,0x0c,0x9c,0x0c,0x9c,
    0x0c,0x9c,0x0b,0x9c,0x0b,0x9c,0x0c,0x9c,0xeb,0x9b,0xeb,0x9b,0xeb,0x9b,0xeb,0x9b,
    0xeb,0x9b,0xeb,0x9b,0xeb,0x9b,0xeb,0x9b,0xcb,0x93,0xcb,0x93,0xcb,0x93,0xcb,0x93,
    0xca,0x93,0xca,0x93,0xca,0x93,0xca,0x93,0xcb,0x93,0xca,0x93,0xaa,0x93,0xaa,0x93,
    0xaa,0x93,0x8a,0x8b,0x8a,0x8b,0x69,0x8b,0x49,0x83,0x49,0x83,0x49,0x83,0x29,0x83,
    0x08,0x7b,0x08,0x7b,0x29,0x83,0x29,0x83,0x28,0x7b,0x08,0x7b,0x08,0x7b,0x08,0x7b,
    0x08,0x7b,0x08,0x7b,0x08,0x7b,0x08,0x7b,0x08,0x7b,0x08,0x7b,0x08,0x7b,0xe8,0x7a,
    0xe8,0x72,0xe7,0x72,0xe8,0x72,0xe8,0x72,0xe8,0x72,0xe8,0x72,0xc8,0x72,0xc8,0x72,
    0xc8,0x72,0xc8,0x72,0xc7,0x72,0xc8,0x72,0x08,0x83,0x6a,0x8b,0xaa,0x93,0xcb,0x9b,
    0xeb,0x9b,0x0b,0xa4,0x0b,0xa4,0x2b,0xa4,0x4c,0xac,0x2c,0xa4,0x2c,0xa4,0x2c,0xa4,
    0xeb,0x9b,0xaa,0x93,0x69,0x83,0x08,0x7b,0xa6,0x72,0x25,0x62,0xe4,0x59,0xe4,0x59,
    0xe4,0x59,0x05,0x5a,0x05,0x5a,0x25,0x62,0x66,0x6a,0xa7,0x72,0xe7,0x72,0x08,0x7b,
    0x69,0x8b,0xa9,0x93,0xa9,0x93,0xaa,0x93,0xea,0x9b,0x0b,0xa4,0x4b,0xac,0x4b,0xa4,
    0x4b,0xa4,0x2b,0xa4,0x0b,0xa4,0x2c,0xa4,0x2b,0xa4,0x0b,0xa4,0xca,0x9b,0x69,0x8b,
    0x08,0x83,0xc7,0x7a,0xe7,0x7a,0xc7,0x7a,0xe7,0x7a,0xe8,0x7a,0xe8,0x7a,0xe8,0x7a,
    0xe8,0x7a,0x08,0x7b,0x08,0x7b,0x08,0x7b,0x08,0x7b,0x49,0x83,0x6a,0x8b,0xaa,0x93,
    0xaa,0x93,0xaa,0x93,0xaa,0x93,0xaa,0x93,0xab,0x93,0xcb,0x93,0xcb,0x9b,0xcb,0x9b,
    0xca,0x9b,0xaa,0x9b,0xca,0x9b,0xca,0x9b,0xaa,0x9b,0xaa,0x9b,0xaa,0x93,0xab,0x93,
    0xab,0x93,0xab,0x93,0xab,0x93,0xab,0x93,0xaa,0x93,0xaa,0x93,0xaa,0x93,0xaa,0x93,
    0xaa,0x93,0x8a,0x93,0xaa,0x93,0xaa,0x93,0xaa,0x93,0xaa,0x93,0x8a,0x93,0x8a,0x93,
    0x8a,0x93,0x8a,0x93,0x8a,0x93,0x8a,0x93,0x8a,0x93,0x8a,0x8b,0xaa,0x8b,0x8a,0x8b,
    0x8a,0x8b,0x8a,0x8b,0x8a,0x8b,0x8a,0x8b,0x8a,0x8b,0x8a,0x8b,0x8a,0x8b,0x8a,0x8b,
    0x8a,0x8b,0x8a,0x8b,0x8a,0x8b,0x8a,0x8b,0x6a,0x8b,0x6a,0x8b,0x6a,0x8b,0x6a,0x8b,
    0x6a,0x8b,0x6a,0x8b,0x6a,0x8b,0x6a,0x8b,0x6a,0x8b,0x6a,0x8b,0x6a,0x8b,0x6a,0x8b,
    0x6a,0x8b,0x6a,0x8b,0x6a,0x93,0x6a,0x93,0x69,0x8b,0x6a,0x8b,0x6a,0x8b,0x6a,0x8b,
    0x6a,0x8b,0x6a,0x8b,0x6a,0x8b,0x6a,0x8b,0x89,0x8b,0x6a,0x8b,0x6a,0x8b,0x6a,0x8b,
    0x6a,0x8b,0x6a,0x8b,0x6a,0x8b,0x6a,0x8b,0x6a,0x8b,0x6a,0x8b,0x6a,0x8b,0x6a,0x8b,
    0x69,0x8b,0x69,0x8b,0x69,0x8b,0x69,0x8b,0x69,0x8b,0x69,0x8b,0x69,0x8b,0x69,0x8b,
    0x69,0x8b,0x69,0x8b,0x69,0x8b,0x6a,0x8b,0x6a,0x8b,0x6a,0x8b,0x6a,0x8b,0x6a,0x8b,
    0x6a,0x8b,0x6a,0x8b,0x6a,0x8b,0x6a,0x8b,0x6a,0x8b,0x69,0x8b,0x6a,0x8b,0x6a,0x8b,
    0x69,0x8b,0x69,0x8b,0x6a,0x8b,0x6a,0x8b,0x6a,0x8b,0x6a,0x8b,0x6a,0x8b,0x6a,0x8b,
    0x49,0x8b,0xa9,0x93,0xcc,0xbc,0xcc,0xbc,0xcc,0xbc,0xcc,0xbc,0xcc,0xbc,0xcc,0xbc,
    0xcc,0xbc,0xcc,0xbc,0xcc,0xbc,0xcc,0xbc,0xcc,0xbc,0xcc,0xbc,0xcc,0xbc,0xcc,0xbc,
    0xcc,0xbc,0xcc,0xbc,0xcc,0xbc,0xcc,0xbc,0xcc,0xbc,0xcc,0xbc,0xcc,0xbc,0xcc,0xbc,
    0xcc,0xbc,0xcc,0xbc,0xac,0xbc,0xcd,0xbc,0x6c,0xac,0xa5,0x72,0x07,0x7b,0x49,0x83,
    0x28,0x7b,0x29,0x83,0x69,0x8b,0x69,0x8b,0x8a,0x8b,0xaa,0x93,0xaa,0x8b,0xaa,0x8b,
    0xaa,0x8b,0xaa,0x8b,0xaa,0x8b,0xaa,0x8b,0xaa,0x8b,0xaa,0x8b,0xcb,0x93,0xcb,0x9b,
    0xcb,0x93,0xcb,0x93,0xcb,0x9b,0xcb,0x9b,0xcb,0x9b,0xeb,0x9b,0xec,0x9b,0xec,0x9b,
    0xec,0x9b,0xec,0x9b,0xec,0x9b,0xec,0x9b,0x0c,0x9c,0x0c,0xa4,0x0c,0xa4,0x0c,0x9c,
    0x0c,0x9c,0x0c,0x9c,0x0c,0x9c,0x0c,0x9c,0x0c,0x9c,0x0c,0x9c,0x0b,0x9c,0x0b,0x9c,
    0x0b,0x9c,0xeb,0x9b,0x0b,0x9c,0x0b,0x9c,0x0b,0x9c,0x0b,0x9c,0x0b,0x9c,0xeb,0x9b,
    0x0b,0x9c,0x0c,0x9c,0x0c,0x9c,0x0c,0x9c,0x0c,0x9c,0xeb,0x9b,0xeb,0x9b,0xeb,0x9b,
    0x0c,0x9c,0x0c,0x9c,0x0c,0x9c,0x0b,0x9c,0xeb,0x93,0xeb,0x93,0xeb,0x93,0xeb,0x93,
    0xcb,0x93,0xcb,0x93,0xcb,0x93,0xcb,0x93,0xcb,0x93,0xca,0x93,0xaa,0x93,0xaa,0x93,
    0xaa,0x93,0xaa,0x8b,0x8a,0x8b,0x69,0x8b,0x49,0x83,0x49,0x83,0x49,0x83,0x29,0x83,
    0x08,0x7b,0x08,0x7b,0x29,0x83,0x29,0x83,0x28,0x7b,0x08,0x7b,0x08,0x7b,0x08,0x7b,
    0x08,0x7b,0x08,0x7b,0x08,0x7b,0x08,0x7b,0x08,0x7b,0x08,0x7b,0xe8,0x7a,0xe8,0x72,
    0xe8,0x72,0xe8,0x72,0xc8,0x72,0xc8,0x72,0xc8,0x72,0xc8,0x72,0xc8,0x72,0xc8,0x72,
    0xc8,0x72,0xc8,0x72,0xc7,0x72,0xc8,0x72,0x08,0x7b,0x4a,0x8b,0x8a,0x93,0xcb,0x93,
    0xeb,0x9b,0x0b,0xa4,0x0b,0xa4,0x2b,0xa4,0x4c,0xac,0x2c,0xa4,0x2c,0xa4,0x2c,0xa4,
    0xeb,0x9b,0xca,0x93,0x69,0x83,0x07,0x7b,0x86,0x6a,0x04,0x5a,0xc3,0x51,0xe4,0x59,
    0xe4,0x59,0x05,0x5a,0x25,0x62,0x25,0x62,0x86,0x6a,0x86,0x6a,0xc7,0x72,0x28,0x83,
    0x8a,0x8b,0x89,0x93,0xaa,0x93,0xaa,0x93,0xea,0x9b,0x0b,0xa4,0x2b,0xa4,0x2b,0xa4,
    0x2b,0xa4,0x0b,0xa4,0x0b,0xa4,0x2b,0xa4,0x2b,0xa4,0x0b,0xa4,0xaa,0x93,0x68,0x8b,
    0x08,0x83,0xc7,0x7a,0xe7,0x7a,0xc7,0x7a,0xe7,0x7a,0xe8,0x7a,0xe8,0x7a,0xe8,0x7a,
    0xe8,0x7a,0x08,0x7b,0x08,0x7b,0x08,0x7b,0x08,0x7b,0x49,0x83,0x6a,0x8b,0xaa,0x93,
    0xaa,0x93,0xab,0x93,0xaa,0x93,0xaa,0x93,0xaa,0x93,0xab,0x93,0xcb,0x9b,0xcb,0x9b,
    0xca,0x9b,0xaa,0x9b,0xaa,0x9b,0xca,0x9b,0xaa,0x93,0xaa,0x93,0xaa,0x93,0xab,0x93,
    0xab,0x93,0xab,0x93,0xaa,0x93,0xaa,0x93,0xaa,0x93,0xaa,0x93,0xaa,0x93,0xaa,0x93,
    0xaa,0x93,0x8a,0x93,0xaa,0x93,0xaa,0x93,0xaa,0x93,0xaa,0x93,0x8a,0x93,0x8a,0x93,
    0x8a,0x93,0x8a,0x93,0x8a,0x93,0x8a,0x93,0x8a,0x93,0x8a,0x8b,0x8a,0x8b,0x8a,0x8b,
    0x8a,0x8b,0x8a,0x8b,0x8a,0x8b,0x8a,0x8b,0x8a,0x8b,0x8a,0x8b,0x8a,0x8b,0x8a,0x8b,
    0x8a,0x8b,0x8a,0x8b,0x8a,0x8b,0x8a,0x8b,0x8a,0x8b,0x6a,0x8b,0x6a,0x8b,0x6a,0x8b,
    0x6a,0x8b,0x6a,0x8b,0x6a,0x8b,0x6a,0x8b,0x6a,0x8b,0x6a,0x8b,0x6a,0x8b,0x6a,0x8b,
    0x6a,0x8b,0x6a,0x8b,0x6a,0x8b,0x6a,0x93,0x69,0x8b,0x69,0x8b,0x6a,0x8b,0x6a,0x8b,
    0x6a,0x8b,0x6a,0x8b,0x6a,0x8b,0x6a,0x8b,0x69,0x8b,0x6a,0x8b,0x6a,0x8b,0x6a,0x8b,
    0x6a,0x8b,0x6a,0x8b,0x6a,0x8b,0x6a,0x8b,0x6a,0x8b,0x6a,0x8b,0x6a,0x8b,0x6a,0x8b,
    0x69,0x8b,0x69,0x8b,0x69,0x8b,0x69,0x8b,0x69,0x8b,0x69,0x8b,0x69,0x8b,0x69,0x8b,
    0x69,0x8b,0x69,0x8b,0x69,0x8b,0x6a,0x8b,0x6a,0x8b,0x6a,0x8b,0x6a,0x8b,0x6a,0x8b,
    0x6a,0x8b,0x6a,0x8b,0x6a,0x8b,0x6a,0x8b,0x6a,0x8b,0x6a,0x8b,0x6a,0x8b,0x6a,0x8b,
    0x49,0x8b,0x49,0x8b,0x6a,0x8b,0x6a,0x8b,0x6a,0x8b,0x6a,0x8b,0x6a,0x8b,0x6a,0x8b,
    0x49,0x8b,0xa9,0x93,0xcc,0xbc,0xcc,0xbc,0xcc,0xbc,0xcc,0xbc,0xcc,0xbc,0xcc,0xbc,
    0xcc,0xbc,0xcc,0xbc,0xcc,0xbc,0xcc,0xbc,0xcc,0xbc,0xcc,0xbc,0xcc,0xbc,0xcc,0xbc,
    0xcc,0xbc,0xcc,0xbc,0xcc,0xbc,0xcc,0xbc,0xcc,0xbc,0xcc,0xbc,0xcc,0xbc,0xcc,0xbc,
    0xcc,0xbc,0xcc,0xbc,0xcb,0xbc,0xcc,0xbc,0x4b,0xac,0xe3,0x61,0x05,0x62,0x66,0x6a,
    0x66,0x6a,0x66,0x6a,0x45,0x6a,0x45,0x6a,0x86,0x72,0xe8,0x7a,0x08,0x7b,0x08,0x7b,
    0x29,0x83,0x69,0x83,0x69,0x8b,0x8a,0x8b,0x8a,0x8b,0xab,0x93,0xab,0x93,0xaa,0x93,
    0x8a,0x93,0x8a,0x8b,0x8a,0x93,0xab,0x93,0xcb,0x93,0xcb,0x9b,0xcb,0x9b,0xab,0x93,
    0xcb,0x93,0xec,0x9b,0xeb,0x9b,0xeb,0x9b,0xeb,0x9b,0xeb,0x9b,0x0b,0x9c,0x0b,0x9c,
    0x0b,0x9c,0x0c,0x9c,0x0b,0x9c,0x0b,0x9c,0x0b,0x9c,0x2b,0x9c,0x2b,0x9c,0x2b,0x9c,
    0x2b,0x9c,0x0b,0x9c,0x0b,0x9c,0x0b,0x9c,0x0b,0x9c,0x0b,0x9c,0xeb,0x9b,0xeb,0x9b,
    0xeb,0x9b,0x0b,0x9c,0x0b,0x9c,0x0b,0x9c,0xeb,0x9b,0xeb,0x9b,0xeb,0x9b,0xec,0x9b,
    0xeb,0x9b,0xeb,0x9b,0xeb,0x9b,0xeb,0x9b,0xeb,0x9b,0xeb,0x9b,0x0b,0x9c,0x0b,0x9c,
    0xeb,0x9b,0xeb,0x9b,0xeb,0x9b,0xeb,0x9b,0xeb,0x93,0xeb,0x93,0xeb,0x93,0xeb,0x93,
    0xcb,0x93,0xcb,0x93,0xaa,0x93,0x8a,0x8b,0x69,0x8b,0x49,0x83,0x49,0x83,0x49,0x83,
    0x49,0x83,0x28,0x7b,0x28,0x7b,0x28,0x7b,0x28,0x7b,0x28,0x7b,0x28,0x7b,0x28,0x7b,
    0x28,0x7b,0x08,0x7b,0x08,0x7b,0x08,0x7b,0xe8,0x7a,0xe8,0x7a,0xe8,0x7a,0xe8,0x7a,
    0xe8,0x7a,0xe8,0x72,0xe8,0x72,0xe8,0x72,0xe8,0x72,0xe8,0x72,0xc8,0x72,0xc8,0x72,
    0xc8,0x72,0xc8,0x72,0xa8,0x72,0xc8,0x72,0xe8,0x7a,0x29,0x83,0x8a,0x8b,0xcb,0x9b,
    0x0c,0xa4,0x0c,0xa4,0x0b,0xa4,0x2b,0xa4,0x2c,0xac,0x2c,0xa4,0x2c,0xac,0x2b,0xa4,
    0xeb,0xa3,0x8a,0x93,0x29,0x83,0xe7,0x7a,0x86,0x6a,0x04,0x5a,0xe4,0x51,0xe4,0x51,
    0xe5,0x59,0x25,0x62,0x46,0x62,0x46,0x62,0x67,0x6a,0x87,0x6a,0xc7,0x72,0x29,0x83,
    0x6a,0x8b,0x89,0x8b,0xaa,0x93,0xca,0x93,0xca,0x9b,0xeb,0xa3,0x2c,0xac,0x2c,0xac,
    0x4c,0xac,0x4c,0xac,0x4c,0xac,0x4c,0xac,0x4c,0xac,0x0b,0xa4,0xca,0x9b,0x48,0x8b,
    0xe8,0x7a,0xe8,0x7a,0xe7,0x7a,0xc7,0x7a,0xe7,0x7a,0xe8,0x7a,0xe8,0x7a,0xe8,0x7a,
    0xe8,0x7a,0xe8,0x7a,0xe8,0x7a,0x08,0x83,0x08,0x83,0x29,0x83,0x6a,0x8b,0x8a,0x93,
    0x8b,0x93,0xab,0x93,0xab,0x93,0xab,0x9b,0xab,0x9b,0xcb,0x9b,0xcb,0x9b,0xca,0x9b,
    0xca,0x9b,0xca,0x93,0xca,0x93,0xca,0x93,0xca,0x93,0xca,0x93,0xca,0x93,0xaa,0x93,
    0xaa,0x93,0xaa,0x93,0xaa,0x93,0xaa,0x93,0xaa,0x93,0xaa,0x93,0xca,0x93,0xca,0x93,
    0xaa,0x93,0xaa,0x93,0xaa,0x93,0xaa,0x93,0xaa,0x93,0xaa,0x93,0x8a,0x93,0x8a,0x93,
    0x8a,0x93,0x8a,0x93,0x8a,0x8b,0x8a,0x8b,0x8a,0x8b,0x8a,0x8b,0x8a,0x8b,0x8a,0x93,
    0x8a,0x93,0x8a,0x8b,0x6a,0x8b,0x6a,0x8b,0x6a,0x8b,0x8a,0x8b,0x8a,0x93,0x8a,0x93,
    0x8a,0x93,0x8a,0x8b,0x8a,0x8b,0x6a,0x8b,0x8a,0x8b,0x8a,0x8b,0x8a,0x8b,0x6a,0x8b,
    0x6a,0x8b,0x8a,0x8b,0x6a,0x8b,0x6a,0x8b,0x6a,0x8b,0x69,0x8b,0x69,0x8b,0x69,0x8b,
    0x49,0x8b,0x49,0x8b,0x69,0x8b,0x69,0x8b,0x69,0x8b,0x69,0x8b,0x69,0x8b,0x69,0x8b,
    0x69,0x8b,0x69,0x8b,0x69,0x8b,0x69,0x8b,0x69,0x8b,0x69,0x8b,0x69,0x8b,0x49,0x8b,
    0x49,0x8b,0x49,0x8b,0x4a,0x8b,0x6a,0x8b,0x6a,0x8b,0x6a,0x8b,0x6a,0x8b,0x49,0x8b,
    0x49,0x8b,0x69,0x8b,0x69,0x8b,0x6a,0x8b,0x6a,0x8b,0x6a,0x8b,0x6a,0x8b,0x69,0x8b,
    0x69,0x8b,0x69,0x8b,0x6a,0x8b,0x6a,0x8b,0x6a,0x8b,0x69,0x8b,0x69,0x8b,0x69,0x8b,
    0x6a,0x8b,0x6a,0x8b,0x8a,0x8b,0x6a,0x8b,0x6a,0x8b,0x6a,0x8b,0x69,0x83,0x69,0x8b,
    0x69,0x8b,0x69,0x8b,0x8a,0x8b,0x89,0x8b,0x69,0x8b,0x69,0x8b,0x89,0x8b,0x89,0x8b,
    0x69,0x8b,0xa9,0x93,0xcc,0xbc,0xcc,0xbc,0xcc,0xbc,0xcc,0xbc,0xcc,0xbc,0xcc,0xbc,
    0xcc,0xbc,0xcc,0xbc,0xcc,0xbc,0xcc,0xbc,0xcc,0xbc,0xcc,0xbc,0xcc,0xbc,0xcc,0xbc,
    0xcc,0xbc,0xcc,0xbc,0xcc,0xbc,0xcc,0xbc,0xcc,0xbc,0xcc,0xbc,0xcc,0xbc,0xcc,0xbc,
    0xcc,0xbc,0xcc,0xbc,0xcb,0xbc,0xed,0xc4,0x2b,0xac,0x82,0x59,0x63,0x59,0xc3,0x59,
    0xa3,0x59,0xa3,0x51,0x83,0x51,0x82,0x51,0x82,0x51,0x83,0x51,0xa3,0x51,0xc3,0x51,
    0x04,0x5a,0x45,0x62,0x66,0x6a,0x66,0x6a,0x86,0x6a,0xe7,0x7a,0x29,0x83,0x49,0x83,
    0x49,0x8b,0x69,0x8b,0x69,0x8b,0x6a,0x8b,0x8a,0x93,0xab,0x93,0xab,0x93,0xaa,0x93,
    0xab,0x93,0xcb,0x93,0xcb,0x93,0xcb,0x9b,0xeb,0x9b,0xeb,0x9b,0xeb,0x93,0xeb,0x93,
    0xeb,0x93,0x0c,0x9c,0x0c,0x9c,0x0c,0x9c,0x0c,0x9c,0x0b,0x9c,0x0b,0x9c,0x0b,0x9c,
    0x0b,0x9c,0x2b,0x9c,0x2b,0x9c,0x2b,0x9c,0x2b,0x9c,0x2c,0xa4,0x0b,0xa4,0x0b,0x9c,
    0x0b,0x9c,0xeb,0x9b,0xeb,0x9b,0xeb,0x9b,0xeb,0x9b,0xeb,0x9b,0xeb,0x9b,0x0c,0x9c,
    0xec,0x9b,0xeb,0x9b,0xeb,0x9b,0xeb,0x9b,0xeb,0x9b,0xeb,0x9b,0x0b,0x9c,0x0b,0x9c,
    0xeb,0x9b,0xeb,0x9b,0xeb,0x9b,0xeb,0x9b,0xeb,0x9b,0xeb,0x9b,0xeb,0x9b,0xeb,0x9b,
    0xeb,0x93,0xcb,0x93,0xcb,0x93,0xaa,0x93,0x8a,0x8b,0x69,0x8b,0x49,0x83,0x49,0x83,
    0x49,0x83,0x49,0x83,0x49,0x7b,0x28,0x7b,0x08,0x7b,0x08,0x7b,0x08,0x7b,0x08,0x7b,
    0x08,0x7b,0x08,0x73,0x08,0x73,0x09,0x7b,0x08,0x7b,0xe8,0x7a,0xe8,0x7a,0xe8,0x7a,
    0xe8,0x7a,0xe8,0x72,0xe8,0x72,0xe8,0x72,0xe8,0x72,0xc8,0x72,0xc8,0x72,0xc8,0x72,
    0xc8,0x72,0xc8,0x72,0xa8,0x72,0xc8,0x72,0xe8,0x7a,0x08,0x7b,0x6a,0x8b,0xcb,0x93,
    0x0b,0x9c,0x0b,0xa4,0x0b,0xa4,0x2b,0xa4,0x2c,0xac,0x2c,0xa4,0x2c,0xac,0x2b,0xa4,
    0xeb,0x9b,0xaa,0x93,0x49,0x8b,0xe8,0x7a,0x86,0x72,0x05,0x5a,0xe4,0x51,0xe5,0x51,
    0x05,0x5a,0x25,0x62,0x46,0x62,0x46,0x62,0x87,0x6a,0x87,0x6a,0xa7,0x72,0x09,0x7b,
    0x69,0x8b,0x89,0x8b,0xaa,0x93,0xca,0x93,0xeb,0x9b,0x0b,0xa4,0x2c,0xac,0x2b,0xac,
    0x4c,0xac,0x4c,0xac,0x4c,0xac,0x4c,0xac,0x2c,0xa4,0xeb,0x9b,0xca,0x9b,0x48,0x8b,
    0xe8,0x7a,0xe8,0x7a,0xe7,0x7a,0xc7,0x7a,0xe7,0x7a,0xe8,0x7a,0xe8,0x7a,0xe8,0x7a,
    0xe8,0x7a,0xe8,0x7a,0xe8,0x7a,0x08,0x83,0x08,0x83,0x28,0x83,0x49,0x8b,0x8a,0x93,
    0x8b,0x93,0xab,0x93,0xab,0x93,0xab,0x9b,0xab,0x9b,0xcb,0x9b,0xcb,0x9b,0xca,0x9b,
    0xca,0x9b,0xca,0x93,0xca,0x93,0xca,0x93,0xca,0x93,0xca,0x93,0xca,0x93,0xaa,0x93,
    0xaa,0x93,0xaa,0x93,0xaa,0x93,0xaa,0x93,0xaa,0x93,0xaa,0x93,0xca,0x93,0xaa,0x93,
    0xaa,0x93,0xaa,0x93,0xaa,0x93,0xaa,0x93,0xaa,0x93,0xaa,0x93,0x8a,0x93,0x8a,0x93,
    0x8a,0x93,0x8a,0x93,0x8a,0x8b,0x8a,0x8b,0x8a,0x8b,0x8a,0x93,0x8a,0x93,0x8a,0x93,
    0x8a,0x93,0x8a,0x93,0x6a,0x8b,0x6a,0x8b,0x6a,0x8b,0x8a,0x93,0x8a,0x93,0x8a,0x93,
    0x8a,0x93,0x6a,0x8b,0x6a,0x8b,0x6a,0x8b,0x8a,0x8b,0x8a,0x8b,0x8a,0x8b,0x6a,0x8b,
    0x6a,0x8b,0x8a,0x8b,0x6a,0x8b,0x6a,0x8b,0x69,0x8b,0x69,0x8b,0x69,0x8b,0x69,0x8b,
    0x69,0x8b,0x49,0x8b,0x69,0x8b,0x69,0x8b,0x69,0x8b,0x69,0x8b,0x69,0x8b,0x69,0x8b,
    0x69,0x8b,0x69,0x8b,0x69,0x8b,0x69,0x8b,0x69,0x8b,0x69,0x8b,0x69,0x8b,0x49,0x8b,
    0x49,0x8b,0x49,0x8b,0x4a,0x8b,0x6a,0x8b,0x6a,0x8b,0x6a,0x8b,0x6a,0x8b,0x49,0x8b,
    0x49,0x8b,0x6a,0x8b,0x6a,0x8b,0x6a,0x8b,0x6a,0x8b,0x6a,0x8b,0x6a,0x8b,0x6a,0x8b,
    0x6a,0x8b,0x6a,0x8b,0x6a,0x8b,0x6a,0x8b,0x6a,0x8b,0x69,0x8b,0x69,0x8b,0x69,0x8b,
    0x6a,0x8b,0x6a,0x8b,0x8a,0x8b,0x6a,0x8b,0x6a,0x8b,0x6a,0x8b,0x69,0x83,0x69,0x83,
    0x69,0x8b,0x6a,0x8b,0x8a,0x8b,0x89,0x8b,0x69,0x8b,0x69,0x8b,0x89,0x8b,0x89,0x8b,
    0x69,0x8b,0xa9,0x93,0xcc,0xbc,0xcc,0xbc,0xcc,0xbc,0xcc,0xbc,0xcc,0xbc,0xcc,0xbc,
    0xcc,0xbc,0xcc,0xbc,0xcc,0xbc,0xcc,0xbc,0xcc,0xbc,0xcc,0xbc,0xcc,0xbc,0xcc,0xbc,
    0xcc,0xbc,0xcc,0xbc,0xcc,0xbc,0xcc,0xbc,0xcc,0xbc,0xcc,0xbc,0xcc,0xbc,0xcc,0xbc,
    0xcc,0xbc,0xcc,0xbc,0xcb,0xbc,0xcc,0xbc,0x2b,0xac,0xa3,0x61,0xc4,0x61,0xc4,0x59,
    0xc3,0x59,0xa3,0x59,0xa3,0x59,0x83,0x51,0x82,0x51,0x62,0x49,0x62,0x49,0x62,0x49,
    0x82,0x49,0x82,0x49,0x62,0x49,0x41,0x49,0x41,0x49,0xa2,0x51,0xc3,0x59,0xc3,0x59,
    0xe4,0x59,0xe4,0x59,0x25,0x62,0x45,0x6a,0xa6,0x72,0xc7,0x7a,0x49,0x83,0x6a,0x8b,
    0xab,0x93,0xab,0x93,0xab,0x93,0xab,0x93,0xab,0x93,0xab,0x93,0xaa,0x93,0xaa,0x93,
    0xaa,0x93,0xcb,0x93,0xeb,0x9b,0xeb,0x9b,0xeb,0x9b,0xeb,0x9b,0xeb,0x9b,0xeb,0x9b,
    0xeb,0x9b,0x0b,0x9c,0x0b,0x9c,0x0b,0x9c,0x0b,0x9c,0x0c,0xa4,0x0b,0x9c,0x0b,0x9c,
    0xeb,0x9b,0xeb,0x9b,0xeb,0x9b,0xeb,0x9b,0xeb,0x9b,0xeb,0x9b,0x0c,0x9c,0x0c,0xa4,
    0x0c,0x9c,0xec,0x9b,0xec,0x9b,0xec,0x9b,0xeb,0x9b,0xeb,0x9b,0x0b,0x9c,0x0b,0x9c,
    0x0b,0x9c,0x0b,0x9c,0x0b,0x9c,0x0b,0x9c,0x0c,0x9c,0x0c,0x9c,0x0c,0x9c,0x0c,0x9c,
    0x0b,0x9c,0xeb,0x9b,0xeb,0x93,0xcb,0x93,0xaa,0x93,0x8a,0x8b,0x6a,0x8b,0x69,0x83,
    0x69,0x83,0x69,0x83,0x69,0x83,0x49,0x7b,0x29,0x7b,0x28,0x7b,0x28,0x7b,0x28,0x7b,
    0x28,0x7b,0x08,0x7b,0x08,0x7b,0x09,0x7b,0x08,0x7b,0x08,0x7b,0x08,0x7b,0xe8,0x7a,
    0xe8,0x7a,0xe8,0x72,0xe8,0x72,0xc8,0x72,0xc8,0x72,0xc8,0x72,0xc8,0x72,0xc8,0x72,
    0xc8,0x72,0xc8,0x72,0xa8,0x72,0xc8,0x72,0xe8,0x7a,0x08,0x7b,0x49,0x83,0xaa,0x93,
    0xeb,0x9b,0xeb,0x9b,0x0b,0xa4,0x2b,0xa4,0x2c,0xac,0x2c,0xa4,0x2c,0xac,0x2b,0xa4,
    0xeb,0x9b,0xaa,0x93,0x49,0x8b,0xc7,0x7a,0x66,0x6a,0x05,0x5a,0xe4,0x59,0xe5,0x59,
    0x05,0x5a,0x26,0x62,0x46,0x62,0x46,0x62,0x87,0x6a,0x87,0x6a,0xa7,0x72,0x08,0x7b,
    0x69,0x83,0x8a,0x8b,0xaa,0x93,0xca,0x9b,0xeb,0x9b,0x0b,0xa4,0x2c,0xac,0x0b,0xa4,
    0x2b,0xa4,0x2b,0xa4,0x2b,0xa4,0x2b,0xa4,0x2b,0xa4,0xea,0x9b,0xaa,0x93,0x48,0x8b,
    0xe8,0x7a,0xe8,0x7a,0xe7,0x7a,0xc7,0x7a,0xe7,0x7a,0xe8,0x7a,0xe8,0x7a,0xe8,0x7a,
    0xe8,0x7a,0xe8,0x7a,0xe8,0x7a,0xe8,0x7a,0xe8,0x7a,0x08,0x83,0x49,0x8b,0x8a,0x93,
    0x8b,0x93,0xab,0x93,0xab,0x93,0xab,0x9b,0xab,0x9b,0xcb,0x9b,0xcb,0x9b,0xaa,0x9b,
    0xca,0x9b,0xca,0x9b,0xca,0x93,0xca,0x93,0xca,0x93,0xca,0x93,0xca,0x93,0xca,0x93,
    0xca,0x93,0xca,0x93,0xca,0x93,0xaa,0x93,0xaa,0x93,0xaa,0x93,0xaa,0x93,0xaa,0x93,
    0xaa,0x93,0x8a,0x93,0xaa,0x93,0xaa,0x93,0xaa,0x93,0xaa,0x93,0x8a,0x93,0x8a,0x93,
    0x8a,0x93,0x8a,0x93,0x8a,0x93,0x8a,0x93,0x8a,0x93,0x8a,0x93,0x8a,0x93,0x8a,0x93,
    0xaa,0x93,0x8a,0x93,0x8a,0x93,0x8a,0x93,0x8a,0x93,0x6a,0x8b,0x6a,0x8b,0x6a,0x8b,
    0x6a,0x8b,0x6a,0x8b,0x6a,0x8b,0x6a,0x8b,0x8a,0x8b,0x8a,0x8b,0x8a,0x8b,0x6a,0x8b,
    0x6a,0x8b,0x8a,0x8b,0x6a,0x8b,0x6a,0x8b,0x69,0x8b,0x69,0x8b,0x69,0x8b,0x69,0x8b,
    0x69,0x8b,0x69,0x8b,0x69,0x8b,0x69,0x8b,0x69,0x8b,0x69,0x8b,0x69,0x8b,0x69,0x8b,
    0x69,0x8b,0x69,0x8b,0x69,0x8b,0x69,0x8b,0x69,0x8b,0x69,0x8b,0x69,0x8b,0x49,0x8b,
    0x49,0x8b,0x49,0x8b,0x4a,0x8b,0x6a,0x8b,0x6a,0x8b,0x6a,0x8b,0x6a,0x8b,0x49,0x8b,
    0x49,0x8b,0x6a,0x8b,0x6a,0x8b,0x6a,0x8b,0x6a,0x8b,0x6a,0x8b,0x6a,0x8b,0x6a,0x8b,
    0x6a,0x8b,0x6a,0x8b,0x6a,0x8b,0x6a,0x8b,0x6a,0x8b,0x69,0x8b,0x69,0x8b,0x6a,0x8b,
    0x8a,0x8b,0x8a,0x8b,0x8a,0x8b,0x6a,0x8b,0x6a,0x8b,0x6a,0x8b,0x69,0x8b,0x6a,0x8b,
    0x6a,0x8b,0x6a,0x8b,0x8a,0x8b,0x89,0x8b,0x69,0x8b,0x69,0x8b,0x89,0x8b,0x89,0x8b,
    0x69,0x8b,0xa9,0x93,0xcc,0xbc,0xcc,0xbc,0xcc,0xbc,0xcc,0xbc,0xcc,0xbc,0xcc,0xbc,
    0xcc,0xbc,0xcc,0xbc,0xcc,0xbc,0xcc,0xbc,0xcc,0xbc,0xcc,0xbc,0xcc,0xbc,0xcc,0xbc,
    0xcc,0xbc,0xcc,0xbc,0xcc,0xbc,0xcc,0xbc,0xcc,0xbc,0xcc,0xbc,0xcc,0xbc,0xcc,0xbc,
    0xcc,0xbc,0xcc,0xbc,0xcb,0xbc,0xcc,0xbc,0x2b,0xac,0xa3,0x61,0xc4,0x61,0xc4,0x59,
    0xc3,0x59,0xc3,0x59,0xa3,0x59,0xa3,0x59,0xa3,0x59,0x83,0x51,0x83,0x51,0xa3,0x51,
    0xa3,0x51,0xa3,0x51,0x83,0x51,0x62,0x49,0x62,0x49,0x42,0x49,0x42,0x49,0x41,0x49,
    0x21,0x41,0x21,0x41,0x42,0x49,0x62,0x49,0x62,0x49,0x62,0x49,0xc3,0x59,0x25,0x62,
    0x86,0x72,0xa7,0x72,0xa7,0x72,0x08,0x7b,0x49,0x8b,0x6a,0x8b,0x8a,0x8b,0x8a,0x8b,
    0xaa,0x93,0xcb,0x93,0xcb,0x93,0xcb,0x93,0xab,0x93,0xcb,0x93,0xeb,0x9b,0xeb,0x9b,
    0xeb,0x9b,0xcb,0x9b,0xcb,0x93,0xcb,0x9b,0xcb,0x9b,0xeb,0x9b,0xeb,0x9b,0xcb,0x9b,
    0xcb,0x9b,0xcb,0x9b,0xeb,0x9b,0xeb,0x9b,0xeb,0x9b,0xec,0x9b,0x0c,0x9c,0x0c,0xa4,
    0x0c,0x9c,0xec,0x9b,0xec,0x9b,0xec,0x9b,0xeb,0x9b,0xeb,0x9b,0x0b,0x9c,0x0c,0x9c,
    0x0c,0x9c,0x0c,0x9c,0x0c,0x9c,0x0c,0x9c,0x2c,0x9c,0x2c,0x9c,0x2c,0x9c,0x0c,0x9c,
    0x0c,0x9c,0xeb,0x9b,0xeb,0x93,0xcb,0x93,0xab,0x93,0xaa,0x8b,0x8a,0x8b,0x8a,0x8b,
    0x6a,0x83,0x69,0x83,0x69,0x83,0x69,0x83,0x69,0x83,0x69,0x83,0x69,0x83,0x49,0x83,
    0x49,0x83,0x49,0x7b,0x29,0x7b,0x09,0x7b,0x09,0x7b,0x09,0x7b,0x09,0x7b,0xe8,0x7a,
    0xe8,0x7a,0xe8,0x72,0xe8,0x72,0xc8,0x72,0xc8,0x72,0xc8,0x72,0xc8,0x72,0xc7,0x72,
    0xc7,0x72,0xc7,0x72,0xc8,0x72,0xc8,0x72,0xe8,0x7a,0x08,0x7b,0x29,0x83,0x8a,0x8b,
    0xca,0x93,0xeb,0x9b,0x0b,0xa4,0x2b,0xa4,0x2c,0xac,0x2c,0xa4,0x2c,0xac,0x2b,0xa4,
    0xeb,0x9b,0xaa,0x93,0x29,0x83,0xa7,0x72,0x25,0x62,0x05,0x5a,0xe5,0x59,0xe5,0x59,
    0x05,0x5a,0x26,0x62,0x46,0x62,0x46,0x62,0x87,0x6a,0x66,0x6a,0x87,0x6a,0xe8,0x7a,
    0x49,0x83,0x8a,0x8b,0xaa,0x93,0xeb,0x9b,0x0b,0x9c,0x2b,0xa4,0x2b,0xa4,0x0b,0xa4,
    0x2b,0xa4,0x2b,0xa4,0x2b,0xa4,0x2b,0xa4,0x0b,0xa4,0xea,0x9b,0xa9,0x93,0x28,0x83,
    0xe8,0x7a,0xe8,0x7a,0xe7,0x7a,0xc7,0x7a,0xe7,0x7a,0xe8,0x7a,0xe8,0x7a,0xe8,0x7a,
    0xe8,0x7a,0xe8,0x7a,0xe8,0x7a,0xe8,0x7a,0xe8,0x7a,0x08,0x83,0x49,0x83,0x8a,0x93,
    0x8b,0x93,0x8b,0x93,0xab,0x93,0xab,0x9b,0xab,0x9b,0xcb,0x9b,0xca,0x9b,0xaa,0x9b,
    0xaa,0x9b,0xaa,0x9b,0xca,0x9b,0xca,0x93,0xca,0x93,0xca,0x93,0xca,0x93,0xca,0x93,
    0xca,0x93,0xca,0x93,0xca,0x93,0xaa,0x93,0xaa,0x93,0xaa,0x93,0xaa,0x93,0xaa,0x93,
    0xaa,0x93,0x8a,0x93,0x8a,0x93,0x8a,0x93,0x8a,0x93,0x8a,0x93,0x8a,0x93,0x8a,0x93,
    0x8a,0x93,0x8a,0x93,0x8a,0x93,0x8a,0x93,0x8a,0x93,0x8a,0x93,0x8a,0x93,0x8a,0x93,
    0xaa,0x93,0x8a,0x93,0x8a,0x93,0x8a,0x93,0x8a,0x93,0x6a,0x8b,0x6a,0x8b,0x6a,0x8b,
    0x6a,0x8b,0x6a,0x8b,0x6a,0x8b,0x6a,0x8b,0x8a,0x8b,0x8a,0x8b,0x8a,0x8b,0x6a,0x8b,
    0x6a,0x8b,0x8a,0x8b,0x6a,0x8b,0x6a,0x8b,0x69,0x8b,0x69,0x8b,0x69,0x8b,0x69,0x8b,
    0x69,0x8b,0x69,0x8b,0x69,0x8b,0x69,0x8b,0x69,0x8b,0x69,0x8b,0x49,0x8b,0x69,0x8b,
    0x69,0x8b,0x69,0x8b,0x69,0x8b,0x69,0x8b,0x69,0x8b,0x69,0x8b,0x69,0x8b,0x49,0x8b,
    0x49,0x8b,0x49,0x8b,0x4a,0x8b,0x6a,0x8b,0x6a,0x8b,0x6a,0x8b,0x6a,0x8b,0x49,0x8b,
    0x49,0x8b,0x6a,0x8b,0x6a,0x8b,0x6a,0x8b,0x6a,0x8b,0x6a,0x8b,0x6a,0x8b,0x6a,0x8b,
    0x6a,0x8b,0x6a,0x8b,0x6a,0x8b,0x6a,0x8b,0x6a,0x8b,0x69,0x8b,0x6a,0x8b,0x6a,0x8b,
    0x8a,0x8b,0x8a,0x8b,0x8a,0x8b,0x6a,0x8b,0x6a,0x8b,0x6a,0x8b,0x6a,0x8b,0x6a,0x8b,
    0x6a,0x8b,0x8a,0x8b,0x8a,0x8b,0x89,0x8b,0x69,0x8b,0x69,0x8b,0x89,0x8b,0x89,0x8b,
    0x69,0x8b,0xa9,0x93,0xcc,0xbc,0xcc,0xbc,0xcc,0xbc,0xcc,0xbc,0xcc,0xbc,0xcc,0xbc,
    0xcc,0xbc,0xcc,0xbc,0xcc,0xbc,0xcc,0xbc,0xcc,0xbc,0xcc,0xbc,0xcc,0xbc,0xcc,0xbc,
    0xcc,0xbc,0xcc,0xbc,0xcc,0xbc,0xcc,0xbc,0xcc,0xbc,0xcc,0xbc,0xcc,0xbc,0xcc,0xbc,
    0xcc,0xbc,0xcc,0xbc,0xcb,0xbc,0xcd,0xc4,0x2b,0xac,0xa3,0x61,0xa3,0x59,0xc4,0x59,
    0xc3,0x59,0xc3,0x59,0xc3,0x59,0xc3,0x59,0xc3,0x59,0xc3,0x59,0xc3,0x59,0xa3,0x59,
    0xa3,0x59,0xa3,0x59,0xa3,0x51,0x83,0x51,0x83,0x51,0x62,0x51,0x83,0x51,0x82,0x51,
    0x62,0x51,0x62,0x49,0x62,0x49,0x42,0x49,0x42,0x49,0x42,0x49,0x42,0x49,0x42,0x49,
    0x42,0x49,0x42,0x49,0x62,0x51,0x83,0x51,0xa3,0x59,0xe4,0x59,0x04,0x62,0x45,0x6a,
    0xa7,0x72,0x08,0x83,0x49,0x83,0x49,0x8b,0x6a,0x8b,0x8a,0x93,0x8a,0x93,0xaa,0x93,
    0xcb,0x93,0xaa,0x93,0xaa,0x93,0xaa,0x93,0xab,0x93,0xab,0x93,0xab,0x93,0xab,0x93,
    0xab,0x93,0xaa,0x93,0xab,0x93,0xcb,0x93,0xeb,0x9b,0xeb,0x9b,0xeb,0x9b,0xeb,0x9b,
    0xcb,0x9b,0xeb,0x9b,0xeb,0x9b,0xeb,0x9b,0xeb,0x9b,0x0b,0x9c,0x0c,0x9c,0x0c,0x9c,
    0x0c,0x9c,0x0c,0x9c,0x0c,0x9c,0x0c,0x9c,0x0c,0x9c,0x0c,0x9c,0x0c,0x9c,0x0c,0x9c,
    0xeb,0x9b,0xeb,0x9b,0xeb,0x93,0xcb,0x93,0xcb,0x93,0xaa,0x93,0x8a,0x8b,0x8a,0x8b,
    0x8a,0x8b,0x69,0x83,0x49,0x83,0x69,0x83,0x69,0x83,0x69,0x83,0x69,0x83,0x69,0x83,
    0x69,0x83,0x69,0x83,0x49,0x83,0x29,0x7b,0x29,0x7b,0x29,0x7b,0x09,0x7b,0x09,0x7b,
    0x09,0x7b,0x09,0x7b,0xe8,0x7a,0xe8,0x72,0xe8,0x72,0xc8,0x72,0xe8,0x72,0xe8,0x72,
    0xc8,0x72,0xc8,0x72,0xc8,0x72,0xc8,0x72,0xc8,0x72,0xe8,0x7a,0x29,0x83,0x69,0x8b,
    0xaa,0x93,0xca,0x9b,0x0b,0xa4,0x2c,0xa4,0x2c,0xa4,0x2b,0xa4,0x2c,0xac,0x2b,0xa4,
    0xeb,0x9b,0xca,0x9b,0x49,0x8b,0x86,0x72,0x25,0x62,0xe4,0x59,0x05,0x5a,0x25,0x5a,
    0x26,0x62,0x46,0x62,0x46,0x62,0x67,0x6a,0x67,0x6a,0x87,0x6a,0x87,0x6a,0xe8,0x72,
    0x49,0x83,0x89,0x8b,0xca,0x93,0xeb,0x9b,0xeb,0x9b,0x0b,0xa4,0x0b,0xa4,0x2b,0xa4,
    0x2c,0xa4,0x2c,0xa4,0x2b,0xa4,0x2b,0xa4,0x0b,0xa4,0xea,0x9b,0xa9,0x93,0x28,0x83,
    0xe8,0x7a,0xe7,0x7a,0xc7,0x7a,0xc7,0x7a,0xc7,0x7a,0xe7,0x7a,0xe8,0x7a,0xe8,0x7a,
    0xe8,0x7a,0xe8,0x7a,0x08,0x7b,0xe8,0x7a,0xe8,0x7a,0x08,0x83,0x29,0x83,0x6a,0x93,
    0x8a,0x93,0x8a,0x93,0x8a,0x93,0x8a,0x93,0xaa,0x93,0xaa,0x93,0xaa,0x93,0xaa,0x9b,
    0xaa,0x9b,0xaa,0x9b,0xaa,0x9b,0xca,0x9b,0xca,0x93,0xaa,0x93,0x8a,0x93,0x8a,0x93,
    0xaa,0x93,0xcb,0x9b,0xcb,0x9b,0xca,0x93,0xaa,0x93,0xaa,0x93,0x8a,0x93,0x8a,0x93,
    0x8a,0x93,0x8a,0x93,0x89,0x8b,0x89,0x8b,0x89,0x8b,0x8a,0x8b,0x8a,0x93,0x8a,0x93,
    0x8a,0x93,0x8a,0x93,0x8a,0x93,0x8a,0x8b,0x6a,0x8b,0x8a,0x8b,0x8a,0x93,0x8a,0x93,
    0x8a,0x93,0x8a,0x93,0x8a,0x93,0x8a,0x93,0x8a,0x8b,0x6a,0x8b,0x6a,0x8b,0x6a,0x8b,
    0x6a,0x8b,0x6a,0x8b,0x6a,0x8b,0x6a,0x8b,0x6a,0x8b,0x6a,0x8b,0x6a,0x8b,0x6a,0x8b,
    0x6a,0x8b,0x6a,0x8b,0x6a,0x8b,0x6a,0x8b,0x69,0x8b,0x69,0x8b,0x69,0x8b,0x6a,0x8b,
    0x6a,0x8b,0x69,0x8b,0x69,0x8b,0x69,0x8b,0x8a,0x8b,0x6a,0x8b,0x69,0x8b,0x69,0x8b,
    0x69,0x8b,0x69,0x8b,0x69,0x8b,0x69,0x8b,0x69,0x8b,0x69,0x8b,0x6a,0x8b,0x6a,0x8b,
    0x6a,0x8b,0x6a,0x8b,0x6a,0x8b,0x6a,0x8b,0x6a,0x8b,0x6a,0x8b,0x6a,0x8b,0x49,0x8b,
    0x49,0x8b,0x49,0x8b,0x49,0x8b,0x6a,0x8b,0x6a,0x8b,0x6a,0x8b,0x6a,0x8b,0x49,0x8b,
    0x49,0x8b,0x49,0x8b,0x69,0x8b,0x6a,0x8b,0x6a,0x8b,0x6a,0x8b,0x8a,0x8b,0x8a,0x8b,
    0x8a,0x8b,0x8a,0x8b,0x8a,0x8b,0x6a,0x8b,0x6a,0x8b,0x6a,0x8b,0x6a,0x8b,0x6a,0x8b,
    0x6a,0x8b,0x6a,0x8b,0x8a,0x8b,0x89,0x8b,0x69,0x8b,0x69,0x8b,0x69,0x8b,0x69,0x8b,
    0x69,0x83,0xa9,0x93,0xcc,0xbc,0xcc,0xbc,0xcc,0xbc,0xcc,0xbc,0xcc,0xbc,0xcc,0xbc,
    0xcc,0xbc,0xcc,0xbc,0xcc,0xbc,0xcc,0xbc,0xcc,0xbc,0xcc,0xbc,0xcc,0xbc,0xcc,0xbc,
    0xcc,0xbc,0xcc,0xbc,0xcc,0xbc,0xcc,0xbc,0xcc,0xbc,0xcc,0xbc,0xcc,0xbc,0xcc,0xbc,
    0xcc,0xbc,0xcc,0xbc,0xcb,0xbc,0xcc,0xc4,0x2b,0xac,0xc3,0x61,0xc4,0x61,0xc4,0x61,
    0xc4,0x61,0xc4,0x61,0xe4,0x61,0xe4,0x61,0xe4,0x61,0xe4,0x61,0xc4,0x61,0xa4,0x59,
    0xa4,0x59,0xa3,0x59,0x83,0x59,0x83,0x59,0x83,0x59,0x83,0x51,0x83,0x51,0x83,0x51,
    0x63,0x51,0x62,0x51,0x62,0x51,0x62,0x51,0x62,0x51,0x63,0x51,0xa3,0x59,0x83,0x51,
    0x62,0x51,0x42,0x49,0x42,0x49,0x42,0x49,0x21,0x49,0x21,0x41,0x00,0x41,0x00,0x41,
    0x21,0x41,0x62,0x49,0x82,0x51,0xc3,0x59,0x45,0x6a,0xe7,0x7a,0x08,0x83,0x08,0x7b,
    0x08,0x83,0x08,0x7b,0x29,0x83,0x6a,0x8b,0xaa,0x93,0xab,0x93,0xab,0x93,0xab,0x93,
    0xab,0x93,0xcb,0x93,0xcb,0x93,0xcb,0x93,0xcb,0x9b,0xcb,0x9b,0xcb,0x93,0xaa,0x93,
    0xcb,0x9b,0xeb,0x9b,0xeb,0x9b,0xeb,0x9b,0xeb,0x9b,0xeb,0x9b,0xeb,0x9b,0x0b,0x9c,
    0xeb,0x9b,0xeb,0x9b,0xeb,0x9b,0xeb,0x9b,0x0c,0x9c,0x0c,0x9c,0x0c,0x9c,0x0c,0x9c,
    0x0c,0x9c,0x0c,0x9c,0x0b,0x9c,0xeb,0x9b,0xcb,0x93,0xab,0x93,0xaa,0x8b,0x8a,0x8b,
    0x8a,0x8b,0x69,0x83,0x69,0x83,0x69,0x83,0x69,0x83,0x69,0x83,0x69,0x83,0x69,0x83,
    0x69,0x83,0x69,0x83,0x49,0x83,0x29,0x83,0x29,0x83,0x29,0x7b,0x29,0x7b,0x29,0x7b,
    0x09,0x7b,0x09,0x7b,0x09,0x7b,0x08,0x7b,0xe8,0x7a,0xe8,0x7a,0xe8,0x7a,0xe8,0x7a,
    0xe8,0x72,0xc8,0x72,0xa8,0x72,0xc8,0x72,0xc7,0x72,0xc7,0x72,0x08,0x83,0x49,0x83,
    0x8a,0x93,0xca,0x93,0xeb,0xa3,0x0b,0xa4,0x0b,0xa4,0x0b,0xa4,0x0b,0xa4,0x0b,0xa4,
    0xeb,0xa3,0xcb,0x9b,0x49,0x8b,0x86,0x72,0x25,0x62,0x05,0x5a,0x25,0x5a,0x26,0x62,
    0x46,0x62,0x46,0x62,0x66,0x6a,0x67,0x6a,0x87,0x6a,0x87,0x6a,0x87,0x6a,0xc8,0x72,
    0x49,0x83,0x89,0x8b,0xca,0x93,0xeb,0x9b,0xeb,0x9b,0x0b,0xa4,0x0b,0xa4,0x2b,0xa4,
    0x2c,0xa4,0x2c,0xa4,0x2b,0xa4,0x2b,0xa4,0x0b,0xa4,0xea,0x9b,0xa9,0x93,0x28,0x83,
    0xe8,0x7a,0xe8,0x7a,0xc7,0x7a,0xc7,0x7a,0xc7,0x7a,0xc7,0x7a,0xe8,0x7a,0xe8,0x7a,
    0xe8,0x7a,0xe8,0x7a,0x08,0x7b,0xe8,0x7a,0xe8,0x7a,0x08,0x83,0x29,0x83,0x6a,0x8b,
    0x6a,0x93,0x8a,0x93,0x8b,0x93,0x8a,0x93,0xaa,0x93,0xaa,0x93,0xaa,0x93,0xaa,0x9b,
    0xaa,0x9b,0xaa,0x9b,0xaa,0x9b,0xaa,0x93,0xaa,0x93,0xaa,0x93,0xaa,0x93,0xaa,0x93,
    0xaa,0x93,0xca,0x93,0xca,0x93,0xca,0x93,0xaa,0x93,0xaa,0x93,0x8a,0x93,0x8a,0x93,
    0x8a,0x93,0x8a,0x93,0x89,0x8b,0x89,0x8b,0x89,0x8b,0x8a,0x8b,0x8a,0x93,0x8a,0x93,
    0x8a,0x93,0x8a,0x93,0x8a,0x93,0x8a,0x8b,0x6a,0x8b,0x8a,0x8b,0x8a,0x93,0x8a,0x93,
    0x8a,0x93,0x8a,0x93,0x8a,0x93,0x8a,0x8b,0x6a,0x8b,0x6a,0x8b,0x6a,0x8b,0x6a,0x8b,
    0x6a,0x8b,0x6a,0x8b,0x6a,0x8b,0x6a,0x8b,0x6a,0x8b,0x6a,0x8b,0x6a,0x8b,0x6a,0x8b,
    0x6a,0x8b,0x6a,0x8b,0x6a,0x8b,0x6a,0x8b,0x69,0x8b,0x69,0x8b,0x69,0x8b,0x6a,0x8b,
    0x6a,0x8b,0x69,0x8b,0x69,0x8b,0x69,0x8b,0x6a,0x8b,0x69,0x8b,0x69,0x8b,0x69,0x8b,
    0x69,0x8b,0x69,0x8b,0x69,0x8b,0x69,0x8b,0x69,0x8b,0x69,0x8b,0x6a,0x8b,0x6a,0x8b,
    0x6a,0x8b,0x6a,0x8b,0x6a,0x8b,0x6a,0x8b,0x6a,0x8b,0x6a,0x8b,0x6a,0x8b,0x6a,0x8b,
    0x6a,0x8b,0x6a,0x8b,0x6a,0x8b,0x6a,0x8b,0x6a,0x8b,0x6a,0x8b,0x6a,0x8b,0x69,0x8b,
    0x69,0x8b,0x69,0x8b,0x6a,0x8b,0x6a,0x8b,0x6a,0x8b,0x6a,0x8b,0x6a,0x8b,0x6a,0x8b,
    0x6a,0x8b,0x6a,0x8b,0x8a,0x8b,0x6a,0x8b,0x6a,0x8b,0x6a,0x8b,0x8a,0x8b,0x8a,0x8b,
    0x8a,0x8b,0x8a,0x8b,0x8a,0x8b,0x89,0x8b,0x69,0x8b,0x69,0x8b,0x69,0x8b,0x69,0x8b,
    0x69,0x83,0xa9,0x93,0xcc,0xbc,0xcc,0xbc,0xcc,0xbc,0xcc,0xbc,0xcc,0xbc,0xcc,0xbc,
    0xcc,0xbc,0xcc,0xbc,0xcc,0xbc,0xcc,0xbc,0xcc,0xbc,0xcc,0xbc,0xcc,0xbc,0xcc,0xbc,
    0xcc,0xbc,0xcc,0xbc,0xcc,0xbc,0xcc,0xbc,0xcc,0xbc,0xcc,0xbc,0xcc,0xbc,0xcc,0xbc,
    0xcc,0xbc,0xcc,0xbc,0xcb,0xbc,0xcc,0xbc,0x2b,0xac,0xe4,0x61,0xe4,0x61,0xe4,0x61,
    0xe4,0x61,0xe4,0x61,0xe4,0x61,0xe4,0x61,0xe4,0x61,0xe4,0x61,0xc4,0x61,0xc4,0x61,
    0xa4,0x61,0xa4,0x59,0xa4,0x59,0xa4,0x59,0x83,0x59,0x83,0x59,0xa4,0x59,0xa4,0x59,
    0x83,0x51,0x83,0x51,0x83,0x51,0x83,0x51,0x83,0x51,0x83,0x51,0x63,0x51,0x83,0x51,
    0x83,0x51,0x83,0x51,0x63,0x51,0x63,0x51,0x63,0x51,0x83,0x51,0x82,0x51,0x41,0x49,
    0x41,0x49,0x21,0x49,0x00,0x41,0x00,0x41,0x21,0x41,0x62,0x51,0x62,0x51,0x62,0x49,
    0x41,0x49,0x82,0x51,0xc3,0x59,0x04,0x62,0x45,0x6a,0x66,0x6a,0xa7,0x72,0xe7,0x7a,
    0x08,0x83,0x49,0x8b,0x6a,0x8b,0x8a,0x93,0xaa,0x93,0xaa,0x93,0xaa,0x93,0xcb,0x93,
    0xcb,0x93,0xcb,0x9b,0xcb,0x9b,0xcb,0x9b,0xcb,0x93,0xeb,0x93,0xeb,0x9b,0xeb,0x9b,
    0xeb,0x93,0xeb,0x93,0xeb,0x93,0xeb,0x93,0xeb,0x9b,0xeb,0x9b,0xeb,0x9b,0xeb,0x9b,
    0x0b,0x9c,0xeb,0x9b,0xeb,0x93,0xeb,0x9b,0xcb,0x93,0xab,0x93,0xaa,0x8b,0x8a,0x8b,
    0x8a,0x8b,0x69,0x83,0x69,0x83,0x69,0x83,0x69,0x83,0x69,0x83,0x69,0x83,0x69,0x83,
    0x69,0x83,0x69,0x83,0x49,0x83,0x29,0x83,0x29,0x83,0x29,0x7b,0x29,0x7b,0x29,0x83,
    0x29,0x7b,0x29,0x7b,0x29,0x7b,0x29,0x7b,0x09,0x7b,0x09,0x7b,0x09,0x7b,0x09,0x7b,
    0xe8,0x7a,0xe8,0x7a,0xc8,0x72,0xe8,0x72,0xe8,0x72,0xe8,0x7a,0xe8,0x7a,0x28,0x83,
    0x69,0x8b,0xaa,0x93,0xca,0x9b,0x0b,0xa4,0x0b,0xa4,0xeb,0x9b,0x0b,0xa4,0x0b,0xa4,
    0x0b,0xa4,0xcb,0x9b,0x49,0x8b,0x86,0x72,0x25,0x62,0x25,0x62,0x26,0x62,0x46,0x62,
    0x46,0x62,0x46,0x62,0x67,0x6a,0x67,0x6a,0x87,0x6a,0xa7,0x72,0x87,0x6a,0xc7,0x72,
    0x29,0x83,0x89,0x8b,0xca,0x93,0xeb,0x9b,0xeb,0x9b,0x0b,0xa4,0x2b,0xa4,0x2c,0xac,
    0x2c,0xac,0x2c,0xa4,0x2b,0xa4,0x2b,0xa4,0x0b,0xa4,0xea,0x9b,0xa9,0x93,0x28,0x83,
    0x08,0x7b,0xe8,0x7a,0xe7,0x7a,0xc7,0x7a,0xc7,0x7a,0xc7,0x7a,0xe7,0x7a,0xe8,0x7a,
    0xe8,0x7a,0xe8,0x7a,0x08,0x7b,0xe8,0x7a,0xe8,0x7a,0x08,0x83,0x29,0x83,0x49,0x8b,
    0x6a,0x8b,0x8a,0x93,0xab,0x93,0x8a,0x93,0x8a,0x93,0xaa,0x93,0xaa,0x93,0xaa,0x9b,
    0xaa,0x9b,0xaa,0x9b,0x8a,0x93,0x8a,0x93,0xaa,0x93,0xca,0x9b,0xca,0x93,0xaa,0x93,
    0xaa,0x93,0xaa,0x93,0xca,0x93,0xca,0x93,0xaa,0x93,0xaa,0x93,0x8a,0x93,0x8a,0x93,
    0x8a,0x93,0x8a,0x93,0x89,0x8b,0x89,0x8b,0x89,0x8b,0x89,0x8b,0x8a,0x8b,0x8a,0x8b,
    0x8a,0x8b,0x8a,0x8b,0x8a,0x93,0x8a,0x8b,0x6a,0x8b,0x6a,0x8b,0x8a,0x8b,0x8a,0x93,
    0x8a,0x93,0x8a,0x8b,0x8a,0x8b,0x6a,0x8b,0x69,0x8b,0x6a,0x8b,0x6a,0x8b,0x6a,0x8b,
    0x6a,0x8b,0x6a,0x8b,0x6a,0x8b,0x6a,0x8b,0x6a,0x8b,0x69,0x8b,0x69,0x8b,0x69,0x8b,
    0x6a,0x8b,0x6a,0x8b,0x6a,0x8b,0x6a,0x8b,0x69,0x8b,0x69,0x8b,0x69,0x8b,0x6a,0x8b,
    0x6a,0x8b,0x69,0x8b,0x69,0x8b,0x69,0x8b,0x69,0x8b,0x69,0x8b,0x69,0x8b,0x69,0x8b,
    0x69,0x8b,0x69,0x8b,0x69,0x8b,0x69,0x8b,0x69,0x8b,0x69,0x8b,0x6a,0x8b,0x6a,0x8b,
    0x6a,0x8b,0x6a,0x8b,0x6a,0x8b,0x6a,0x8b,0x6a,0x8b,0x6a,0x8b,0x6a,0x8b,0x6a,0x8b,
    0x6a,0x8b,0x6a,0x8b,0x6a,0x8b,0x6a,0x8b,0x6a,0x8b,0x6a,0x8b,0x6a,0x8b,0x6a,0x8b,
    0x6a,0x8b,0x6a,0x8b,0x6a,0x8b,0x6a,0x8b,0x6a,0x8b,0x6a,0x8b,0x6a,0x8b,0x6a,0x8b,
    0x6a,0x8b,0x6a,0x8b,0x6a,0x8b,0x6a,0x8b,0x6a,0x8b,0x6a,0x8b,0x8a,0x8b,0x8a,0x8b,
    0x8a,0x8b,0x8a,0x8b,0x8a,0x8b,0x89,0x8b,0x69,0x8b,0x69,0x8b,0x69,0x8b,0x69,0x8b,
    0x69,0x83,0xa9,0x93,0xcc,0xbc,0xcc,0xbc,0xcc,0xbc,0xcc,0xbc,0xcc,0xbc,0xcc,0xbc,
    0xcc,0xbc,0xcc,0xbc,0xcc,0xbc,0xcc,0xbc,0xcc,0xbc,0xcc,0xbc,0xcc,0xbc,0xcc,0xbc,
    0xcc,0xbc,0xcc,0xbc,0xcc,0xbc,0xcc,0xbc,0xcc,0xbc,0xcc,0xbc,0xcc,0xbc,0xcc,0xbc,
    0xcc,0xbc,0xcc,0xbc,0xcb,0xbc,0xcc,0xc4,0x2b,0xac,0xe3,0x69,0xe4,0x61,0xe4,0x61,
    0xe4,0x61,0xe4,0x61,0xe4,0x61,0xc3,0x61,0xc3,0x61,0xc3,0x61,0xc4,0x61,0xc4,0x61,
    0xc4,0x61,0xa4,0x61,0xa4,0x61,0xa4,0x59,0xa3,0x59,0xa3,0x59,0xa4,0x59,0xa4,0x59,
    0xa4,0x59,0xa3,0x59,0xa3,0x59,0x83,0x59,0x83,0x59,0x83,0x59,0xa3,0x59,0xa3,0x59,
    0xa3,0x59,0xa3,0x59,0x83,0x59,0x83,0x59,0x83,0x51,0x83,0x51,0x83,0x51,0x83,0x51,
    0x83,0x59,0x83,0x51,0x62,0x51,0x42,0x49,0x42,0x49,0x21,0x49,0x21,0x49,0x01,0x41,
    0x00,0x41,0x01,0x41,0x00,0x41,0xe0,0x40,0xc0,0x38,0xe0,0x40,0x00,0x41,0x00,0x41,
    0x21,0x41,0x62,0x49,0x82,0x51,0xa3,0x59,0x04,0x62,0x66,0x72,0xa7,0x72,0xe7,0x7a,
    0x29,0x8b,0x69,0x8b,0x6a,0x93,0x8a,0x93,0xcb,0x93,0xeb,0x93,0xeb,0x9b,0xeb,0x9b,
    0xcb,0x93,0xcb,0x93,0xab,0x93,0xcb,0x93,0xcb,0x93,0xcb,0x93,0xeb,0x9b,0xeb,0x9b,
    0xeb,0x93,0xcb,0x93,0xcb,0x93,0xcb,0x93,0xcb,0x93,0xaa,0x93,0xaa,0x8b,0xaa,0x8b,
    0x8a,0x8b,0x89,0x83,0x69,0x83,0x69,0x83,0x69,0x83,0x69,0x83,0x69,0x83,0x69,0x83,
    0x69,0x83,0x69,0x83,0x49,0x83,0x4a,0x83,0x49,0x83,0x49,0x83,0x29,0x83,0x29,0x83,
    0x29,0x83,0x29,0x7b,0x29,0x7b,0x29,0x7b,0x29,0x7b,0x09,0x7b,0x09,0x7b,0x09,0x7b,
    0x09,0x7b,0x09,0x7b,0xe9,0x7a,0x09,0x7b,0x08,0x7b,0x08,0x7b,0xe8,0x7a,0x08,0x83,
    0x49,0x8b,0x89,0x8b,0xaa,0x9b,0xca,0x9b,0xea,0x9b,0xeb,0x9b,0x0b,0xa4,0x0b,0xa4,
    0x0b,0xa4,0xcb,0x9b,0x49,0x8b,0x86,0x72,0x25,0x62,0x25,0x62,0x46,0x62,0x46,0x62,
    0x66,0x62,0x66,0x62,0x67,0x6a,0x87,0x6a,0x87,0x6a,0xa7,0x72,0xa7,0x72,0xc7,0x72,
    0x29,0x83,0x69,0x8b,0xca,0x93,0xca,0x9b,0xeb,0x9b,0x0b,0xa4,0x2b,0xa4,0x2b,0xac,
    0x2b,0xa4,0x2b,0xa4,0x2b,0xa4,0x2b,0xa4,0x0b,0xa4,0xea,0x9b,0xa9,0x93,0x48,0x83,
    0x08,0x83,0xe8,0x7a,0xe7,0x7a,0xc7,0x7a,0xc7,0x7a,0xc7,0x7a,0xc7,0x7a,0xe7,0x7a,
    0xe8,0x7a,0xe8,0x7a,0xe8,0x7a,0xe8,0x7a,0x08,0x7b,0x28,0x83,0x29,0x83,0x49,0x8b,
    0x49,0x8b,0x8a,0x93,0xaa,0x93,0x8a,0x93,0x8a,0x93,0xaa,0x93,0xaa,0x93,0xaa,0x9b,
    0xaa,0x9b,0xaa,0x9b,0xaa,0x93,0x8a,0x93,0xaa,0x93,0xaa,0x9b,0xca,0x93,0xaa,0x93,
    0xaa,0x93,0xaa,0x93,0xaa,0x93,0xaa,0x93,0xaa,0x93,0xaa,0x93,0xaa,0x93,0xaa,0x93,
    0xaa,0x93,0x8a,0x93,0x8a,0x8b,0x8a,0x8b,0x8a,0x8b,0x8a,0x8b,0x8a,0x93,0x8a,0x8b,
    0x8a,0x8b,0x8a,0x8b,0x8a,0x93,0x8a,0x8b,0x6a,0x8b,0x6a,0x8b,0x6a,0x8b,0x8a,0x8b,
    0x8a,0x93,0x8a,0x93,0x8a,0x8b,0x6a,0x8b,0x69,0x8b,0x6a,0x8b,0x6a,0x8b,0x6a,0x8b,
    0x6a,0x8b,0x6a,0x8b,0x6a,0x8b,0x6a,0x8b,0x6a,0x8b,0x69,0x83,0x69,0x83,0x69,0x83,
    0x6a,0x8b,0x6a,0x8b,0x6a,0x8b,0x6a,0x8b,0x69,0x8b,0x69,0x8b,0x69,0x8b,0x69,0x8b,
    0x6a,0x8b,0x69,0x8b,0x69,0x8b,0x69,0x8b,0x69,0x8b,0x69,0x8b,0x69,0x8b,0x69,0x8b,
    0x6a,0x8b,0x6a,0x8b,0x6a,0x8b,0x6a,0x8b,0x6a,0x8b,0x6a,0x8b,0x6a,0x8b,0x6a,0x8b,
    0x6a,0x8b,0x6a,0x8b,0x6a,0x8b,0x6a,0x8b,0x6a,0x8b,0x6a,0x8b,0x6a,0x8b,0x6a,0x8b,
    0x6a,0x8b,0x6a,0x8b,0x6a,0x8b,0x6a,0x8b,0x6a,0x8b,0x6a,0x8b,0x6a,0x8b,0x6a,0x8b,
    0x6a,0x8b,0x6a,0x8b,0x6a,0x8b,0x6a,0x8b,0x6a,0x8b,0x6a,0x8b,0x6a,0x8b,0x6a,0x8b,
    0x6a,0x8b,0x6a,0x8b,0x6a,0x8b,0x6a,0x8b,0x6a,0x8b,0x6a,0x8b,0x8a,0x8b,0x8a,0x8b,
    0x8a,0x8b,0x8a,0x8b,0x8a,0x8b,0x8a,0x8b,0x69,0x8b,0x6a,0x8b,0x8a,0x8b,0x69,0x8b,
    0x69,0x83,0xa9,0x93,0xcc,0xbc,0xcc,0xbc,0xcc,0xbc,0xcc,0xbc,0xcc,0xbc,0xcc,0xbc,
    0xcc,0xbc,0xcc,0xbc,0xcc,0xbc,0xcc,0xbc,0xcc,0xbc,0xcc,0xbc,0xcc,0xbc,0xcc,0xbc,
    0xcc,0xbc,0xcc,0xbc,0xcc,0xbc,0xcc,0xbc,0xcc,0xbc,0xcc,0xbc,0xcc,0xbc,0xcc,0xbc,
    0xcc,0xbc,0xcc,0xbc,0xac,0xbc,0xcd,0xc4,0x2b,0xb4,0xc2,0x61,0xc3,0x61,0xe3,0x61,
    0xe3,0x61,0xe3,0x61,0xe3,0x61,0xe3,0x61,0xe3,0x61,0xe3,0x61,0xc3,0x61,0xc4,0x61,
    0xc4,0x61,0xc4,0x61,0xc3,0x61,0xa3,0x61,0xc3,0x61,0xc4,0x61,0xc4,0x61,0xc4,0x61,
    0xc4,0x61,0xc4,0x61,0xa4,0x61,0xa4,0x61,0xa4,0x61,0xa4,0x61,0xc4,0x61,0xc4,0x61,
    0xc4,0x61,0xc4,0x61,0xa3,0x59,0xa3,0x59,0xa3,0x59,0xa3,0x59,0xa3,0x59,0x83,0x59,
    0x83,0x59,0x83,0x59,0x63,0x51,0x63,0x51,0x63,0x51,0x63,0x51,0x63,0x51,0x63,0x51,
    0x62,0x51,0x42,0x51,0x42,0x49,0x22,0x49,0x21,0x49,0x01,0x41,0x01,0x41,0x00,0x41,
    0xe0,0x40,0xc0,0x38,0xc0,0x38,0xa0,0x38,0xe0,0x40,0x21,0x49,0x41,0x49,0x42,0x51,
    0x83,0x51,0xc4,0x59,0x05,0x6a,0x46,0x72,0xc7,0x7a,0x08,0x83,0x08,0x83,0x29,0x83,
    0x69,0x8b,0x6a,0x8b,0x8a,0x93,0xab,0x93,0xab,0x93,0x8a,0x93,0xab,0x93,0xec,0x9b,
    0xcb,0x9b,0xab,0x93,0xab,0x93,0xaa,0x93,0xaa,0x93,0xaa,0x93,0xaa,0x8b,0xaa,0x8b,
    0x89,0x8b,0x89,0x83,0x89,0x83,0x69,0x83,0x69,0x83,0x49,0x83,0x49,0x83,0x69,0x83,
    0x49,0x83,0x4a,0x83,0x4a,0x83,0x4a,0x83,0x4a,0x83,0x4a,0x83,0x4a,0x83,0x4a,0x83,
    0x2a,0x83,0x29,0x83,0x29,0x7b,0x29,0x7b,0x09,0x7b,0x09,0x7b,0x09,0x7b,0x09,0x7b,
    0x09,0x7b,0x09,0x7b,0xe9,0x7a,0xe9,0x7a,0xe8,0x7a,0xe8,0x7a,0xe8,0x7a,0xe7,0x7a,
    0x28,0x83,0x69,0x8b,0x89,0x93,0xaa,0x93,0xca,0x9b,0xeb,0x9b,0x0b,0xa4,0x2b,0xa4,
    0x0b,0xa4,0xcb,0x9b,0x49,0x8b,0x87,0x72,0x25,0x62,0x25,0x62,0x46,0x62,0x46,0x62,
    0x66,0x62,0x87,0x62,0x87,0x6a,0xa7,0x6a,0xa7,0x6a,0xa7,0x72,0xc7,0x72,0xc7,0x72,
    0x28,0x83,0x89,0x8b,0xca,0x9b,0xca,0x9b,0xea,0x9b,0xea,0xa3,0x0a,0xa4,0x0a,0xa4,
    0x0a,0xac,0x2a,0xa4,0x0b,0xa4,0x2b,0xa4,0x0a,0xa4,0xca,0x9b,0x89,0x93,0x68,0x8b,
    0x08,0x83,0xe8,0x7a,0xe7,0x7a,0xc7,0x7a,0xc7,0x7a,0xc7,0x7a,0xc7,0x7a,0xc7,0x7a,
    0xe8,0x7a,0xe8,0x7a,0xe8,0x7a,0xe8,0x7a,0x08,0x83,0x29,0x83,0x29,0x83,0x49,0x8b,
    0x69,0x8b,0x6a,0x8b,0x8a,0x8b,0x8a,0x93,0x8a,0x93,0xab,0x93,0xab,0x93,0xaa,0x93,
    0xaa,0x93,0xaa,0x93,0xaa,0x93,0xaa,0x93,0xaa,0x93,0xaa,0x93,0xaa,0x93,0x8a,0x93,
    0xaa,0x93,0xaa,0x93,0xaa,0x93,0xaa,0x93,0xaa,0x93,0xaa,0x93,0xcb,0x93,0xaa,0x93,
    0xaa,0x93,0xaa,0x8b,0x8a,0x8b,0x8a,0x8b,0x8a,0x8b,0x8a,0x8b,0x8a,0x93,0x8a,0x93,
    0x8a,0x8b,0x8a,0x8b,0x8a,0x8b,0x6a,0x8b,0x69,0x8b,0x69,0x8b,0x69,0x8b,0x6a,0x8b,
    0x8a,0x8b,0x8a,0x93,0x8a,0x93,0x6a,0x8b,0x69,0x8b,0x6a,0x8b,0x6a,0x8b,0x6a,0x8b,
    0x6a,0x8b,0x6a,0x8b,0x6a,0x8b,0x6a,0x8b,0x6a,0x8b,0x69,0x83,0x69,0x83,0x69,0x83,
    0x6a,0x8b,0x6a,0x8b,0x6a,0x8b,0x6a,0x8b,0x69,0x8b,0x49,0x8b,0x49,0x8b,0x49,0x8b,
    0x69,0x8b,0x69,0x8b,0x69,0x8b,0x69,0x8b,0x49,0x8b,0x49,0x8b,0x49,0x8b,0x49,0x8b,
    0x6a,0x8b,0x6a,0x8b,0x6a,0x8b,0x6a,0x8b,0x6a,0x8b,0x6a,0x8b,0x6a,0x8b,0x6a,0x8b,
    0x6a,0x8b,0x6a,0x8b,0x6a,0x8b,0x6a,0x8b,0x6a,0x8b,0x6a,0x8b,0x6a,0x8b,0x49,0x8b,
    0x49,0x8b,0x6a,0x8b,0x6a,0x8b,0x8a,0x8b,0x8a,0x8b,0x8a,0x8b,0x8a,0x8b,0x6a,0x8b,
    0x49,0x83,0x49,0x83,0x6a,0x8b,0x8a,0x8b,0x8a,0x8b,0x8a,0x8b,0x6a,0x8b,0x6a,0x8b,
    0x6a,0x8b,0x6a,0x8b,0x6a,0x8b,0x6a,0x8b,0x69,0x8b,0x69,0x8b,0x6a,0x8b,0x6a,0x8b,
    0x6a,0x8b,0x6a,0x8b,0x8a,0x8b,0x8a,0x8b,0x8a,0x8b,0x8a,0x8b,0x8a,0x8b,0x8a,0x8b,
    0x6a,0x83,0xa9,0x93,0xcc,0xbc,0xcc,0xbc,0xcc,0xbc,0xcc,0xbc,0xcc,0xbc,0xcc,0xbc,
    0xcc,0xbc,0xcc,0xbc,0xcc,0xbc,0xcc,0xbc,0xcc,0xbc,0xcc,0xbc,0xcc,0xbc,0xcc,0xbc,
    0xcc,0xbc,0xcc,0xbc,0xcc,0xbc,0xcc,0xbc,0xcc,0xbc,0xcc,0xbc,0xcc,0xbc,0xcc,0xbc,
    0xcc,0xbc,0xcc,0xbc,0xac,0xbc,0xcd,0xc4,0x2b,0xb4,0xe3,0x69,0xe3,0x69,0xc3,0x61,
    0xc3,0x61,0xc3,0x61,0xc3,0x61,0xe3,0x69,0xe3,0x69,0xe3,0x69,0xe4,0x69,0xe4,0x69,
    0xe4,0x69,0xe4,0x69,0xc4,0x61,0xc4,0x61,0xe4,0x69,0xe4,0x69,0xe4,0x69,0xe4,0x69,
    0xe4,0x69,0xe4,0x69,0xe4,0x69,0xe4,0x69,0xe4,0x69,0xc4,0x61,0xc4,0x61,0xc4,0x61,
    0xc4,0x61,0xc4,0x61,0xc4,0x61,0xc4,0x61,0xa4,0x61,0xc3,0x61,0xa3,0x61,0xa3,0x61,
    0xa4,0x61,0xc4,0x61,0xa4,0x61,0xa4,0x61,0xa4,0x61,0xa4,0x59,0xa4,0x59,0xa4,0x59,
    0xa4,0x59,0xc4,0x61,0xc4,0x59,0xa4,0x59,0xa3,0x59,0x82,0x51,0x82,0x51,0x82,0x51,
    0x62,0x51,0x42,0x49,0x42,0x49,0x42,0x49,0x42,0x49,0x41,0x49,0x21,0x49,0x21,0x49,
    0x21,0x49,0x41,0x49,0x21,0x49,0x21,0x49,0x41,0x49,0x41,0x49,0x62,0x51,0x82,0x51,
    0xe4,0x59,0x04,0x62,0x45,0x6a,0x86,0x72,0xe8,0x7a,0x08,0x83,0x49,0x83,0x6a,0x8b,
    0x6a,0x8b,0x49,0x8b,0x6a,0x8b,0x8a,0x93,0x8a,0x8b,0x8a,0x8b,0x8a,0x8b,0x69,0x83,
    0x69,0x83,0x69,0x83,0x69,0x83,0x49,0x83,0x49,0x7b,0x29,0x7b,0x29,0x7b,0x49,0x83,
    0x49,0x83,0x4a,0x83,0x49,0x83,0x29,0x7b,0x29,0x83,0x29,0x83,0x4a,0x83,0x4a,0x83,
    0x4a,0x83,0x4a,0x83,0x2a,0x83,0x2a,0x83,0x29,0x83,0x29,0x7b,0x09,0x7b,0x09,0x7b,
    0x09,0x7b,0x09,0x7b,0xe9,0x7a,0xe9,0x7a,0xe8,0x7a,0xe8,0x7a,0xe8,0x7a,0xe7,0x7a,
    0x28,0x83,0x69,0x8b,0xa9,0x93,0xca,0x9b,0xca,0x9b,0x0b,0xa4,0x0b,0xa4,0x2b,0xa4,
    0x0b,0xa4,0xcb,0x9b,0x49,0x8b,0xa7,0x72,0x46,0x62,0x25,0x62,0x46,0x62,0x66,0x62,
    0x67,0x6a,0x87,0x6a,0x87,0x6a,0xa7,0x6a,0xa7,0x72,0xa7,0x72,0xc7,0x72,0xc7,0x72,
    0x29,0x83,0x89,0x8b,0xca,0x9b,0xea,0x9b,0xea,0x9b,0xea,0xa3,0x0a,0xa4,0x0a,0xa4,
    0x0a,0xac,0x0a,0xa4,0x0b,0xa4,0x0b,0xa4,0x0a,0xa4,0xca,0x9b,0x89,0x93,0x48,0x8b,
    0x08,0x83,0x08,0x83,0xe8,0x7a,0xc7,0x7a,0xe7,0x7a,0xc7,0x7a,0xc7,0x7a,0xc7,0x7a,
    0xe8,0x7a,0xe8,0x7a,0xe8,0x7a,0xe8,0x7a,0xe8,0x7a,0x08,0x83,0x29,0x83,0x49,0x8b,
    0x69,0x8b,0x6a,0x8b,0x8a,0x93,0x8a,0x93,0xaa,0x93,0xab,0x93,0xab,0x93,0xaa,0x93,
    0xaa,0x93,0xaa,0x93,0xaa,0x93,0xaa,0x93,0xaa,0x93,0xaa,0x93,0xaa,0x93,0x8a,0x93,
    0xaa,0x93,0xaa,0x93,0xaa,0x93,0xaa,0x93,0xaa,0x93,0xaa,0x93,0xaa,0x93,0xaa,0x93,
    0xaa,0x8b,0x8a,0x8b,0x8a,0x8b,0x8a,0x8b,0x8a,0x8b,0x8a,0x8b,0x8a,0x93,0x8a,0x93,
    0x8a,0x8b,0x8a,0x8b,0x8a,0x8b,0x6a,0x8b,0x69,0x8b,0x69,0x8b,0x69,0x8b,0x6a,0x8b,
    0x8a,0x8b,0x8a,0x93,0x8a,0x8b,0x6a,0x8b,0x69,0x8b,0x6a,0x8b,0x6a,0x8b,0x6a,0x8b,
    0x6a,0x8b,0x6a,0x8b,0x6a,0x8b,0x6a,0x8b,0x6a,0x8b,0x6a,0x8b,0x6a,0x8b,0x6a,0x8b,
    0x6a,0x8b,0x6a,0x8b,0x6a,0x8b,0x6a,0x8b,0x69,0x8b,0x49,0x8b,0x49,0x8b,0x49,0x8b,
    0x69,0x8b,0x69,0x8b,0x69,0x8b,0x69,0x8b,0x49,0x8b,0x49,0x8b,0x49,0x8b,0x49,0x8b,
    0x6a,0x8b,0x6a,0x8b,0x6a,0x8b,0x6a,0x8b,0x6a,0x8b,0x6a,0x8b,0x69,0x8b,0x69,0x8b,
    0x6a,0x8b,0x6a,0x8b,0x6a,0x8b,0x6a,0x8b,0x6a,0x8b,0x6a,0x8b,0x6a,0x8b,0x69,0x8b,
    0x69,0x8b,0x6a,0x8b,0x6a,0x8b,0x6a,0x8b,0x6a,0x8b,0x6a,0x8b,0x6a,0x8b,0x6a,0x8b,
    0x49,0x83,0x49,0x83,0x6a,0x8b,0x6a,0x8b,0x6a,0x8b,0x6a,0x8b,0x6a,0x8b,0x6a,0x8b,
    0x6a,0x8b,0x6a,0x8b,0x6a,0x8b,0x6a,0x8b,0x69,0x8b,0x69,0x8b,0x6a,0x8b,0x6a,0x8b,
    0x6a,0x8b,0x6a,0x8b,0x8a,0x8b,0x8a,0x8b,0x8a,0x8b,0x8a,0x8b,0x8a,0x8b,0x8a,0x8b,
    0x6a,0x83,0xa9,0x93,0xcc,0xbc,0xcc,0xbc,0xcc,0xbc,0xcc,0xbc,0xcc,0xbc,0xcc,0xbc,
    0xcc,0xbc,0xcc,0xbc,0xcc,0xbc,0xcc,0xbc,0xcc,0xbc,0xcc,0xbc,0xcc,0xbc,0xcc,0xbc,
    0xcc,0xbc,0xcc,0xbc,0xcc,0xbc,0xcc,0xbc,0xcc,0xbc,0xcc,0xbc,0xcc,0xbc,0xcc,0xbc,
    0xcc,0xbc,0xcc,0xbc,0xac,0xbc,0xcd,0xc4,0x2b,0xb4,0x03,0x6a,0x04,0x6a,0x04,0x6a,
    0x04,0x6a,0x04,0x6a,0x04,0x6a,0xe4,0x69,0xe4,0x69,0xe4,0x69,0xe4,0x69,0xe4,0x69,
    0xe4,0x69,0xe4,0x69,0xe4,0x69,0xe4,0x69,0xe4,0x69,0xe4,0x69,0x04,0x6a,0x04,0x6a,
    0x04,0x6a,0x04,0x6a,0xe4,0x69,0xe4,0x69,0xe4,0x69,0xe4,0x69,0xe4,0x61,0xe4,0x61,
    0xe4,0x61,0xe4,0x61,0xe4,0x61,0xe4,0x61,0xe4,0x61,0xc4,0x61,0xc4,0x61,0xc4,0x61,
    0xc4,0x61,0xe4,0x61,0xc5,0x61,0xc5,0x61,0xc4,0x61,0xc4,0x61,0xc4,0x61,0xc4,0x61,
    0xc4,0x61,0xe4,0x61,0xc4,0x61,0xc4,0x61,0xa4,0x59,0xc3,0x59,0xc3,0x59,0xc3,0x59,
    0xa3,0x59,0xa3,0x59,0xa3,0x59,0xa3,0x59,0x83,0x51,0x82,0x51,0x83,0x51,0xa3,0x59,
    0x82,0x51,0x62,0x51,0x62,0x51,0x62,0x51,0x41,0x49,0x21,0x49,0x00,0x41,0x00,0x41,
    0x21,0x49,0x21,0x49,0x00,0x41,0x00,0x41,0x62,0x49,0xa3,0x51,0xc3,0x59,0xe4,0x59,
    0x25,0x62,0x45,0x6a,0xa7,0x72,0xe8,0x7a,0x08,0x7b,0x29,0x83,0x69,0x83,0x69,0x83,
    0x49,0x83,0x49,0x83,0x49,0x83,0x28,0x7b,0x28,0x7b,0x08,0x7b,0x08,0x7b,0x08,0x7b,
    0x09,0x7b,0x09,0x7b,0x09,0x7b,0x09,0x7b,0x09,0x7b,0x09,0x7b,0x29,0x7b,0x29,0x7b,
    0x29,0x7b,0x09,0x7b,0x29,0x7b,0x09,0x7b,0x09,0x7b,0x09,0x7b,0x09,0x7b,0x09,0x7b,
    0x09,0x7b,0x09,0x7b,0xe9,0x7a,0xe9,0x7a,0xe8,0x7a,0xe8,0x7a,0xe8,0x7a,0xe7,0x7a,
    0x28,0x83,0x49,0x8b,0xa9,0x93,0xca,0x9b,0xca,0x9b,0x0b,0xa4,0x0b,0xa4,0x2b,0xa4,
    0x0b,0xa4,0xab,0x93,0x49,0x83,0xa7,0x72,0x66,0x6a,0x46,0x62,0x46,0x62,0x66,0x6a,
    0x87,0x6a,0x87,0x6a,0xa7,0x6a,0xc7,0x72,0xa7,0x72,0xc7,0x72,0xc7,0x72,0xc7,0x72,
    0x29,0x83,0x89,0x8b,0xca,0x9b,0xea,0x9b,0xca,0x9b,0xea,0x9b,0xea,0xa3,0x0a,0xa4,
    0x0a,0xa4,0x0a,0xa4,0x0a,0xa4,0x0a,0xa4,0xea,0xa3,0xca,0x9b,0x89,0x93,0x48,0x8b,
    0x29,0x83,0x08,0x83,0xe8,0x7a,0xe8,0x7a,0xe8,0x7a,0xe8,0x7a,0xe8,0x7a,0xe8,0x7a,
    0xe8,0x7a,0xe8,0x7a,0xe8,0x7a,0xe8,0x7a,0xe8,0x7a,0x08,0x7b,0x08,0x83,0x49,0x8b,
    0x69,0x8b,0x6a,0x8b,0x8a,0x93,0x8a,0x93,0xab,0x93,0xab,0x93,0xab,0x93,0xaa,0x93,
    0x8a,0x93,0x8a,0x93,0x8a,0x93,0x8a,0x93,0x8a,0x93,0xaa,0x93,0x8a,0x93,0x8a,0x93,
    0x8a,0x93,0x8a,0x93,0x8a,0x93,0x8a,0x93,0x8a,0x93,0xaa,0x93,0xaa,0x93,0xaa,0x93,
    0x8a,0x93,0x8a,0x8b,0x8a,0x8b,0x8a,0x8b,0x8a,0x8b,0x8a,0x8b,0x8a,0x93,0x8a,0x93,
    0x8a,0x8b,0x8a,0x8b,0x8a,0x8b,0x6a,0x8b,0x69,0x8b,0x69,0x8b,0x69,0x8b,0x6a,0x8b,
    0x8a,0x8b,0x8a,0x8b,0x6a,0x8b,0x69,0x8b,0x69,0x8b,0x6a,0x8b,0x6a,0x8b,0x6a,0x8b,
    0x6a,0x8b,0x6a,0x8b,0x6a,0x8b,0x6a,0x8b,0x6a,0x8b,0x6a,0x8b,0x6a,0x8b,0x6a,0x8b,
    0x6a,0x8b,0x6a,0x8b,0x6a,0x8b,0x69,0x83,0x49,0x8b,0x49,0x8b,0x49,0x8b,0x49,0x8b,
    0x49,0x8b,0x49,0x8b,0x49,0x8b,0x49,0x8b,0x49,0x8b,0x49,0x8b,0x49,0x8b,0x49,0x8b,
    0x49,0x8b,0x49,0x8b,0x49,0x8b,0x69,0x8b,0x69,0x8b,0x69,0x8b,0x69,0x8b,0x69,0x8b,
    0x69,0x8b,0x69,0x8b,0x69,0x8b,0x69,0x8b,0x69,0x8b,0x69,0x8b,0x69,0x8b,0x49,0x8b,
    0x69,0x8b,0x6a,0x8b,0x6a,0x8b,0x6a,0x8b,0x6a,0x8b,0x6a,0x8b,0x6a,0x8b,0x6a,0x8b,
    0x49,0x83,0x49,0x83,0x6a,0x8b,0x6a,0x8b,0x6a,0x8b,0x6a,0x8b,0x6a,0x8b,0x6a,0x8b,
    0x6a,0x8b,0x6a,0x8b,0x6a,0x8b,0x6a,0x8b,0x69,0x8b,0x69,0x8b,0x6a,0x8b,0x6a,0x8b,
    0x6a,0x8b,0x6a,0x8b,0x8a,0x8b,0x8a,0x8b,0x8a,0x8b,0x8a,0x8b,0x8a,0x8b,0x8a,0x8b,
    0x6a,0x83,0xa9,0x93,0xcc,0xbc,0xcc,0xbc,0xcc,0xbc,0xcc,0xbc,0xcc,0xbc,0xcc,0xbc,
    0xcc,0xbc,0xcc,0xbc,0xcc,0xbc,0xcc,0xbc,0xcc,0xbc,0xcc,0xbc,0xcc,0xbc,0xcc,0xbc,
    0xcc,0xbc,0xcc,0xbc,0xcc,0xbc,0xcc,0xbc,0xcc,0xbc,0xcc,0xbc,0xcc,0xbc,0xcc,0xbc,
    0xcc,0xbc,0xcc,0xbc,0xac,0xbc,0xed,0xc4,0x4b,0xb4,0x03,0x6a,0x04,0x6a,0x04,0x72,
    0x24,0x72,0x25,0x72,0x25,0x72,0x04,0x6a,0xe4,0x69,0xe4,0x69,0x04,0x6a,0x04,0x72,
    0x04,0x72,0x04,0x72,0x04,0x72,0x04,0x6a,0x04,0x6a,0x04,0x6a,0x04,0x6a,0x04,0x6a,
    0x04,0x6a,0x04,0x6a,0xe3,0x69,0xe3,0x69,0xe3,0x69,0xe3,0x69,0xe4,0x69,0xe4,0x69,
    0x04,0x6a,0xe4,0x69,0xe4,0x69,0xe4,0x69,0xe4,0x61,0xe4,0x61,0xe4,0x61,0xe4,0x61,
    0xe4,0x61,0xc4,0x61,0xc4,0x61,0xc4,0x61,0xc4,0x61,0xc4,0x61,0xc4,0x61,0xc4,0x61,
    0xc4,0x61,0xc4,0x61,0xc4,0x61,0xc4,0x61,0xc4,0x61,0xc4,0x61,0xc3,0x61,0xc3,0x59,
    0xc3,0x59,0xc3,0x61,0xc3,0x59,0xc3,0x59,0xc3,0x59,0xc3,0x59,0xc3,0x59,0xc3,0x59,
    0xa3,0x59,0x83,0x51,0x82,0x51,0x82,0x51,0x82,0x51,0x82,0x51,0x82,0x51,0x62,0x51,
    0x41,0x49,0x41,0x49,0x41,0x49,0x21,0x49,0x41,0x49,0x41,0x49,0x21,0x41,0x21,0x41,
    0x41,0x49,0x41,0x49,0x62,0x49,0x82,0x51,0x82,0x51,0xc3,0x59,0x45,0x62,0xa7,0x72,
    0x08,0x7b,0x08,0x7b,0x08,0x7b,0x08,0x7b,0x08,0x7b,0x08,0x7b,0xe8,0x7a,0xe8,0x72,
    0xe8,0x72,0xe9,0x7a,0xe9,0x7a,0x09,0x7b,0x09,0x7b,0x09,0x7b,0x09,0x7b,0xe9,0x7a,
    0x09,0x7b,0x09,0x7b,0x09,0x7b,0xe8,0x7a,0xe8,0x72,0xe8,0x72,0xe9,0x7a,0x09,0x7b,
    0x09,0x7b,0xe9,0x7a,0xe9,0x7a,0xe8,0x7a,0xe8,0x7a,0xe8,0x7a,0xc7,0x7a,0xe7,0x7a,
    0x08,0x83,0x69,0x8b,0xaa,0x9b,0xca,0x9b,0xeb,0x9b,0xeb,0x9b,0x0b,0xa4,0x0b,0xa4,
    0xeb,0x9b,0xaa,0x93,0x29,0x83,0xc7,0x72,0x66,0x6a,0x46,0x62,0x46,0x62,0x66,0x6a,
    0x87,0x6a,0xa7,0x6a,0xc7,0x6a,0xc7,0x72,0xc8,0x72,0xc7,0x72,0xc7,0x72,0xe8,0x7a,
    0x29,0x83,0x89,0x93,0xca,0x9b,0xca,0x9b,0xea,0x9b,0xea,0x9b,0x0a,0xa4,0x0a,0xa4,
    0x0a,0xac,0x0a,0xa4,0x0a,0xa4,0x0a,0xa4,0xea,0x9b,0xca,0x9b,0x89,0x93,0x68,0x8b,
    0x49,0x83,0x29,0x83,0x08,0x83,0xe8,0x7a,0xe8,0x7a,0xe8,0x7a,0xe8,0x7a,0xe8,0x7a,
    0xe8,0x7a,0xe8,0x7a,0xe8,0x7a,0xe8,0x7a,0xe8,0x7a,0x08,0x83,0x29,0x83,0x49,0x8b,
    0x69,0x8b,0x6a,0x8b,0x8a,0x93,0x8a,0x93,0xaa,0x93,0xab,0x93,0xaa,0x93,0x8a,0x93,
    0x8a,0x93,0x8a,0x93,0x8a,0x93,0x8a,0x93,0x8a,0x93,0x8a,0x93,0x8a,0x93,0x8a,0x93,
    0x8a,0x93,0x8a,0x93,0x8a,0x93,0xaa,0x93,0x8a,0x93,0x8a,0x93,0xaa,0x93,0xaa,0x93,
    0x8a,0x93,0x8a,0x8b,0x8a,0x8b,0x8a,0x8b,0x8a,0x8b,0x8a,0x8b,0x8a,0x93,0x8a,0x93,
    0x8a,0x8b,0x8a,0x8b,0x6a,0x8b,0x6a,0x8b,0x69,0x8b,0x69,0x8b,0x6a,0x8b,0x6a,0x8b,
    0x8a,0x8b,0x6a,0x8b,0x69,0x8b,0x69,0x8b,0x69,0x8b,0x69,0x8b,0x69,0x8b,0x69,0x8b,
    0x69,0x8b,0x69,0x8b,0x69,0x8b,0x69,0x8b,0x6a,0x8b,0x6a,0x8b,0x6a,0x8b,0x8a,0x8b,
    0x6a,0x8b,0x69,0x83,0x49,0x83,0x69,0x83,0x69,0x8b,0x49,0x8b,0x49,0x8b,0x49,0x8b,
    0x49,0x8b,0x49,0x8b,0x49,0x8b,0x49,0x8b,0x49,0x8b,0x49,0x8b,0x69,0x8b,0x69,0x8b,
    0x49,0x8b,0x49,0x8b,0x69,0x8b,0x69,0x8b,0x69,0x8b,0x69,0x8b,0x69,0x8b,0x69,0x8b,
    0x69,0x8b,0x69,0x8b,0x69,0x8b,0x49,0x8b,0x49,0x8b,0x49,0x8b,0x49,0x8b,0x69,0x8b,
    0x69,0x8b,0x6a,0x8b,0x6a,0x8b,0x6a,0x8b,0x6a,0x8b,0x6a,0x8b,0x6a,0x8b,0x69,0x83,
    0x49,0x83,0x69,0x83,0x6a,0x8b,0x6a,0x8b,0x6a,0x8b,0x6a,0x8b,0x6a,0x8b,0x6a,0x8b,
    0x6a,0x8b,0x6a,0x8b,0x6a,0x8b,0x6a,0x8b,0x6a,0x8b,0x6a,0x8b,0x6a,0x8b,0x6a,0x8b,
    0x69,0x8b,0x69,0x8b,0x6a,0x8b,0x6a,0x8b,0x6a,0x8b,0x6a,0x8b,0x8a,0x8b,0x8a,0x8b,
    0x6a,0x83,0xaa,0x93,0xcc,0xbc,0xcc,0xbc,0xcc,0xbc,0xcc,0xbc,0xcc,0xbc,0xcc,0xbc,
    0xcc,0xbc,0xcc,0xbc,0xcc,0xbc,0xcc,0xbc,0xcc,0xbc,0xcc,0xbc,0xcc,0xbc,0xcc,0xbc,
    0xcc,0xbc,0xcc,0xbc,0xcc,0xbc,0xcc,0xbc,0xcc,0xbc,0xcc,0xbc,0xcc,0xbc,0xcc,0xbc,
    0xcc,0xbc,0xcc,0xbc,0xac,0xbc,0xcd,0xc4,0x2b,0xb4,0xe3,0x69,0xe3,0x69,0xe4,0x69,
    0xe4,0x69,0x04,0x6a,0x04,0x72,0x04,0x6a,0xe4,0x69,0xe4,0x69,0x04,0x72,0x24,0x72,
    0x24,0x72,0x24,0x72,0x24,0x72,0x24,0x72,0x04,0x72,0x04,0x72,0x04,0x6a,0x04,0x72,
    0x04,0x72,0x04,0x72,0x04,0x6a,0x04,0x6a,0x04,0x6a,0x04,0x6a,0x04,0x6a,0x04,0x6a,
    0x04,0x6a,0x04,0x6a,0xe4,0x69,0xe3,0x69,0xe3,0x69,0xe4,0x69,0xe4,0x69,0xe4,0x69,
    0xe4,0x69,0xc4,0x61,0xc4,0x61,0xc4,0x69,0xe5,0x69,0xe4,0x61,0xe4,0x61,0xe4,0x61,
    0xe4,0x61,0xe4,0x61,0xe4,0x61,0xe4,0x61,0xe4,0x61,0xc4,0x61,0xc3,0x61,0xc3,0x61,
    0xc3,0x61,0xc3,0x61,0xc3,0x61,0xc3,0x61,0xc4,0x61,0xc4,0x61,0xc4,0x61,0xc4,0x61,
    0xc3,0x59,0xa3,0x59,0xa3,0x59,0x83,0x59,0xa3,0x59,0xc3,0x59,0xc3,0x59,0x82,0x51,
    0x62,0x51,0x62,0x51,0x62,0x51,0x62,0x51,0x62,0x51,0x62,0x49,0x42,0x49,0x42,0x49,
    0x41,0x49,0x41,0x49,0x21,0x49,0x21,0x41,0xe0,0x40,0xe0,0x38,0x41,0x41,0x82,0x51,
    0xc3,0x51,0xc3,0x51,0xe3,0x51,0x04,0x5a,0x45,0x62,0x86,0x6a,0x86,0x6a,0x87,0x6a,
    0xa7,0x72,0xc8,0x72,0xe8,0x7a,0x09,0x7b,0xe8,0x72,0xc8,0x72,0xc8,0x72,0xc8,0x72,
    0xc8,0x72,0xc8,0x72,0xe8,0x72,0xc8,0x72,0xc8,0x72,0xc8,0x72,0xc8,0x72,0xc8,0x72,
    0xc8,0x72,0xc8,0x72,0xc8,0x72,0xc8,0x72,0xc8,0x72,0xc7,0x72,0xc7,0x72,0xc7,0x7a,
    0x08,0x83,0x69,0x8b,0xaa,0x93,0xca,0x9b,0xeb,0x9b,0xea,0x9b,0xeb,0x9b,0x0b,0xa4,
    0xea,0x9b,0x8a,0x93,0x49,0x83,0xc7,0x7a,0x66,0x6a,0x46,0x62,0x45,0x62,0x46,0x62,
    0x87,0x6a,0xa7,0x6a,0xc8,0x72,0xc8,0x72,0xc8,0x72,0xc7,0x72,0xc7,0x72,0xe8,0x7a,
    0x28,0x83,0x8a,0x93,0xca,0x9b,0xca,0x9b,0xea,0xa3,0xea,0xa3,0x0a,0xa4,0x0a,0xa4,
    0x2b,0xac,0x2a,0xa4,0x0a,0xa4,0x0a,0xa4,0xea,0x9b,0xca,0x9b,0x89,0x93,0x69,0x8b,
    0x49,0x8b,0x49,0x8b,0x29,0x83,0xe8,0x7a,0xe8,0x7a,0xe8,0x7a,0xe8,0x7a,0xe8,0x7a,
    0xe8,0x7a,0xe8,0x7a,0xe8,0x7a,0x08,0x7b,0x08,0x83,0x29,0x83,0x29,0x83,0x49,0x8b,
    0x69,0x8b,0x6a,0x8b,0x8a,0x93,0x8a,0x93,0x8a,0x93,0x8a,0x93,0x8a,0x93,0x8a,0x93,
    0x8a,0x93,0xaa,0x93,0xaa,0x93,0xaa,0x93,0x8a,0x93,0x8a,0x93,0x8a,0x93,0xaa,0x93,
    0xaa,0x93,0xaa,0x93,0xaa,0x93,0xaa,0x93,0x8a,0x93,0x8a,0x93,0x8a,0x93,0x8a,0x93,
    0x8a,0x93,0x8a,0x8b,0x6a,0x8b,0x6a,0x8b,0x6a,0x8b,0x6a,0x8b,0x6a,0x8b,0x6a,0x8b,
    0x6a,0x8b,0x6a,0x8b,0x6a,0x8b,0x69,0x8b,0x69,0x8b,0x69,0x8b,0x6a,0x8b,0x6a,0x8b,
    0x69,0x8b,0x69,0x8b,0x69,0x8b,0x69,0x8b,0x69,0x8b,0x49,0x8b,0x49,0x8b,0x49,0x8b,
    0x49,0x8b,0x49,0x8b,0x49,0x8b,0x49,0x8b,0x69,0x8b,0x6a,0x8b,0x6a,0x8b,0x6a,0x8b,
    0x6a,0x8b,0x49,0x83,0x49,0x83,0x69,0x83,0x69,0x8b,0x49,0x8b,0x49,0x8b,0x49,0x8b,
    0x49,0x8b,0x49,0x8b,0x49,0x8b,0x49,0x8b,0x49,0x8b,0x49,0x8b,0x69,0x8b,0x69,0x8b,
    0x69,0x8b,0x69,0x8b,0x6a,0x8b,0x6a,0x8b,0x69,0x83,0x69,0x8b,0x6a,0x8b,0x8a,0x8b,
    0x6a,0x8b,0x69,0x83,0x69,0x83,0x49,0x8b,0x69,0x8b,0x69,0x8b,0x69,0x8b,0x69,0x8b,
    0x69,0x8b,0x69,0x8b,0x69,0x8b,0x69,0x83,0x69,0x83,0x69,0x83,0x69,0x83,0x69,0x83,
    0x69,0x83,0x69,0x83,0x6a,0x8b,0x6a,0x8b,0x6a,0x8b,0x6a,0x8b,0x6a,0x8b,0x6a,0x8b,
    0x6a,0x8b,0x6a,0x8b,0x6a,0x8b,0x6a,0x8b,0x6a,0x8b,0x6a,0x8b,0x6a,0x8b,0x6a,0x8b,
    0x69,0x8b,0x69,0x8b,0x6a,0x8b,0x6a,0x8b,0x6a,0x8b,0x6a,0x8b,0x6a,0x8b,0x8a,0x8b,
    0x6a,0x83,0xaa,0x93,0xcc,0xbc,0xcc,0xbc,0xcc,0xbc,0xcc,0xbc,0xcc,0xbc,0xcc,0xbc,
    0xcc,0xbc,0xcc,0xbc,0xcc,0xbc,0xcc,0xbc,0xcc,0xbc,0xcc,0xbc,0xcc,0xbc,0xcc,0xbc,
    0xcc,0xbc,0xcc,0xbc,0xcc,0xbc,0xcc,0xbc,0xcc,0xbc,0xcc,0xbc,0xcc,0xbc,0xcc,0xbc,
    0xcc,0xbc,0xcc,0xbc,0xac,0xbc,0xcc,0xc4,0x0b,0xac,0xc3,0x69,0xc3,0x61,0xc3,0x69,
    0xe4,0x69,0xe4,0x69,0xe4,0x69,0xe4,0x69,0xe4,0x69,0xe4,0x69,0x04,0x72,0x04,0x72,
    0x04,0x72,0x04,0x72,0x04,0x72,0x04,0x72,0x04,0x72,0x04,0x6a,0x04,0x6a,0x04,0x72,
    0x04,0x72,0x04,0x72,0x04,0x72,0x04,0x72,0x04,0x72,0x04,0x72,0x04,0x6a,0x04,0x6a,
    0x04,0x6a,0x04,0x6a,0x04,0x6a,0x04,0x6a,0x03,0x6a,0xe4,0x69,0xe4,0x69,0xe4,0x69,
    0x04,0x6a,0xe4,0x69,0xe4,0x69,0xe4,0x69,0xc4,0x69,0xe4,0x69,0xe4,0x69,0xe4,0x69,
    0xe4,0x69,0xe4,0x69,0xe4,0x69,0xe4,0x69,0xe4,0x61,0xe4,0x61,0xe4,0x61,0xc3,0x61,
    0xc3,0x61,0xc3,0x61,0xc3,0x61,0xc3,0x61,0xe4,0x61,0xe4,0x61,0xe4,0x61,0xe4,0x61,
    0xc4,0x59,0xc3,0x59,0xa3,0x59,0xa3,0x59,0xc3,0x59,0xe4,0x61,0xc4,0x61,0xa3,0x59,
    0xa3,0x59,0xa3,0x59,0xa3,0x59,0xa3,0x59,0x82,0x51,0x82,0x51,0x82,0x51,0x62,0x51,
    0x62,0x51,0x62,0x51,0x62,0x51,0x62,0x49,0x41,0x49,0x21,0x41,0x21,0x41,0x62,0x49,
    0x62,0x49,0x21,0x41,0x41,0x41,0x41,0x41,0x62,0x49,0x83,0x49,0x83,0x49,0xa3,0x51,
    0xc4,0x51,0xe5,0x59,0x05,0x5a,0x46,0x62,0x46,0x62,0x66,0x62,0x87,0x6a,0xa8,0x72,
    0xa7,0x6a,0x87,0x6a,0x87,0x6a,0xa7,0x6a,0xa7,0x6a,0xa8,0x72,0xa8,0x72,0xa8,0x72,
    0xa8,0x72,0xa8,0x72,0xa7,0x6a,0xa7,0x6a,0xa7,0x6a,0xa7,0x72,0xa7,0x72,0xc7,0x72,
    0x28,0x83,0x69,0x8b,0x89,0x93,0xaa,0x93,0xca,0x9b,0xea,0x9b,0xeb,0x9b,0x0b,0xa4,
    0xeb,0x9b,0xaa,0x93,0x49,0x8b,0xa7,0x72,0x46,0x62,0x25,0x62,0x25,0x5a,0x46,0x62,
    0x66,0x62,0x87,0x6a,0xa7,0x6a,0xc8,0x72,0xc8,0x72,0xc8,0x72,0xc7,0x72,0xe8,0x7a,
    0x29,0x83,0x8a,0x93,0xca,0x9b,0xca,0x9b,0xeb,0xa3,0x0b,0xa4,0x0a,0xa4,0x2b,0xac,
    0x2b,0xac,0x2b,0xac,0x0b,0xa4,0x0a,0xa4,0xea,0x9b,0xaa,0x9b,0x89,0x93,0x68,0x8b,
    0x69,0x8b,0x69,0x8b,0x29,0x83,0x08,0x83,0xe8,0x7a,0xe8,0x7a,0xe8,0x7a,0xe8,0x7a,
    0xe8,0x7a,0x08,0x7b,0x08,0x7b,0x08,0x7b,0x08,0x83,0x29,0x83,0x29,0x83,0x49,0x8b,
    0x69,0x8b,0x6a,0x8b,0x8a,0x8b,0x8a,0x93,0x8a,0x93,0x8a,0x93,0x8a,0x93,0x8a,0x93,
    0x8a,0x93,0xaa,0x93,0xaa,0x93,0xaa,0x93,0x8a,0x93,0x8a,0x93,0x8a,0x93,0x8a,0x93,
    0x8a,0x93,0x8a,0x93,0x8a,0x93,0x8a,0x93,0x8a,0x93,0x8a,0x93,0x8a,0x93,0x8a,0x93,
    0x6a,0x93,0x6a,0x8b,0x6a,0x8b,0x6a,0x8b,0x6a,0x8b,0x6a,0x8b,0x6a,0x8b,0x6a,0x8b,
    0x6a,0x8b,0x6a,0x8b,0x6a,0x8b,0x69,0x8b,0x69,0x8b,0x69,0x8b,0x69,0x8b,0x69,0x8b,
    0x69,0x8b,0x69,0x8b,0x69,0x8b,0x69,0x8b,0x69,0x8b,0x49,0x8b,0x49,0x8b,0x49,0x8b,
    0x49,0x8b,0x49,0x8b,0x49,0x8b,0x49,0x8b,0x49,0x8b,0x69,0x8b,0x6a,0x8b,0x6a,0x8b,
    0x6a,0x8b,0x49,0x83,0x49,0x83,0x69,0x83,0x69,0x8b,0x49,0x8b,0x49,0x8b,0x49,0x8b,
    0x49,0x8b,0x49,0x8b,0x49,0x8b,0x49,0x8b,0x49,0x8b,0x49,0x8b,0x69,0x8b,0x69,0x8b,
    0x69,0x8b,0x69,0x8b,0x6a,0x8b,0x6a,0x8b,0x69,0x83,0x69,0x83,0x6a,0x8b,0x8a,0x8b,
    0x6a,0x8b,0x69,0x83,0x69,0x83,0x69,0x83,0x69,0x8b,0x69,0x8b,0x69,0x8b,0x69,0x8b,
    0x69,0x8b,0x69,0x8b,0x69,0x8b,0x69,0x83,0x69,0x83,0x69,0x83,0x69,0x83,0x69,0x83,
    0x69,0x83,0x69,0x83,0x6a,0x8b,0x6a,0x8b,0x6a,0x8b,0x6a,0x8b,0x6a,0x8b,0x6a,0x8b,
    0x6a,0x8b,0x6a,0x8b,0x6a,0x8b,0x6a,0x8b,0x6a,0x8b,0x6a,0x8b,0x6a,0x8b,0x6a,0x8b,
    0x69,0x8b,0x69,0x8b,0x6a,0x8b,0x6a,0x8b,0x6a,0x8b,0x6a,0x8b,0x6a,0x83,0x6a,0x83,
    0x69,0x83,0xa9,0x93,0xcc,0xbc,0xcc,0xbc,0xcc,0xbc,0xcc,0xbc,0xcc,0xbc,0xcc,0xbc,
    0xcc,0xbc,0xcc,0xbc,0xcc,0xbc,0xcc,0xbc,0xcc,0xbc,0xcc,0xbc,0xcc,0xbc,0xcc,0xbc,
    0xcc,0xbc,0xcc,0xbc,0xcc,0xbc,0xcc,0xbc,0xcc,0xbc,0xcc,0xbc,0xcc,0xbc,0xcc,0xbc,
    0xcc,0xbc,0xcc,0xbc,0xac,0xbc,0xcd,0xc4,0x2b,0xb4,0xe3,0x69,0xe3,0x69,0xe4,0x69,
    0xe4,0x69,0xe4,0x71,0x04,0x72,0xe4,0x69,0xc3,0x69,0xc4,0x69,0xe4,0x71,0xe4,0x71,
    0xe4,0x71,0xe4,0x71,0x04,0x72,0x04,0x72,0x04,0x72,0xe4,0x71,0xe4,0x71,0x04,0x72,
    0x04,0x72,0x05,0x72,0x04,0x72,0x04,0x72,0x04,0x72,0x04,0x72,0x04,0x6a,0x04,0x6a,
    0x04,0x72,0x24,0x72,0x24,0x72,0x24,0x72,0x04,0x6a,0x04,0x6a,0x04,0x6a,0x04,0x72,
    0x05,0x72,0x25,0x72,0x05,0x72,0xe4,0x69,0xe4,0x69,0xe4,0x69,0xe4,0x69,0xe4,0x69,
    0xe4,0x69,0xe4,0x69,0xe4,0x69,0xe4,0x69,0xe4,0x69,0xe4,0x61,0xe4,0x61,0xe3,0x61,
    0xe3,0x61,0xc3,0x61,0xc3,0x61,0xc3,0x61,0xe4,0x61,0xe4,0x61,0xe4,0x61,0xe4,0x61,
    0xe4,0x61,0xc4,0x61,0xc3,0x59,0xc3,0x59,0xa3,0x59,0xc3,0x61,0xc3,0x59,0x83,0x59,
    0xa3,0x59,0xa3,0x59,0xa3,0x59,0xa3,0x59,0xa3,0x59,0xa3,0x59,0xa3,0x59,0xa3,0x59,
    0x83,0x51,0x83,0x51,0x82,0x51,0x83,0x51,0x83,0x51,0x83,0x51,0x83,0x51,0x82,0x49,
    0x83,0x51,0x62,0x49,0x62,0x49,0x62,0x49,0x62,0x49,0x42,0x41,0x21,0x41,0x42,0x41,
    0x22,0x41,0x22,0x41,0x22,0x41,0x42,0x41,0x63,0x49,0xa3,0x49,0xc4,0x51,0xc4,0x51,
    0xc4,0x51,0xe4,0x51,0x05,0x5a,0x25,0x5a,0x46,0x62,0x66,0x62,0x67,0x6a,0x67,0x6a,
    0x67,0x6a,0x66,0x6a,0x87,0x6a,0x87,0x6a,0x87,0x6a,0x86,0x6a,0x86,0x72,0xc7,0x72,
    0x28,0x83,0x89,0x93,0xaa,0x93,0xca,0x9b,0xeb,0x9b,0xeb,0x9b,0x0b,0xa4,0x0b,0xa4,
    0xeb,0x9b,0xab,0x93,0x49,0x8b,0xa7,0x72,0x25,0x62,0x05,0x5a,0x05,0x5a,0x25,0x5a,
    0x46,0x62,0x66,0x62,0x87,0x6a,0xc7,0x72,0xe8,0x72,0xc8,0x72,0xc8,0x72,0x08,0x7b,
    0x29,0x83,0x8a,0x93,0xca,0x9b,0xca,0x9b,0x0b,0xa4,0x0b,0xa4,0x2b,0xa4,0x2b,0xac,
    0x2b,0xac,0x2b,0xac,0x2b,0xa4,0x0b,0xa4,0xca,0x9b,0xa9,0x93,0x89,0x93,0x68,0x8b,
    0x69,0x8b,0x6a,0x8b,0x49,0x83,0x08,0x83,0x08,0x83,0x08,0x83,0x08,0x83,0x08,0x7b,
    0x08,0x7b,0x08,0x83,0x08,0x83,0x08,0x83,0x08,0x83,0x29,0x83,0x29,0x83,0x49,0x8b,
    0x69,0x8b,0x6a,0x8b,0x8a,0x8b,0x8a,0x93,0x8a,0x93,0x8a,0x93,0x8a,0x93,0x8a,0x93,
    0x8a,0x93,0xaa,0x93,0xaa,0x93,0xaa,0x93,0x8a,0x93,0x8a,0x93,0x8a,0x93,0x8a,0x93,
    0x8a,0x93,0x8a,0x93,0x8a,0x93,0x8a,0x93,0x8a,0x93,0x8a,0x93,0x6a,0x93,0x69,0x8b,
    0x69,0x8b,0x69,0x8b,0x6a,0x93,0x6a,0x93,0x6a,0x93,0x6a,0x8b,0x69,0x8b,0x69,0x8b,
    0x69,0x8b,0x69,0x8b,0x6a,0x8b,0x69,0x8b,0x69,0x8b,0x69,0x8b,0x69,0x8b,0x69,0x8b,
    0x69,0x8b,0x69,0x8b,0x69,0x8b,0x69,0x8b,0x69,0x8b,0x49,0x8b,0x49,0x8b,0x49,0x8b,
    0x49,0x8b,0x49,0x8b,0x49,0x8b,0x49,0x8b,0x49,0x8b,0x49,0x83,0x69,0x83,0x6a,0x8b,
    0x6a,0x8b,0x49,0x83,0x49,0x83,0x69,0x83,0x69,0x8b,0x49,0x8b,0x49,0x8b,0x49,0x8b,
    0x49,0x8b,0x49,0x8b,0x49,0x8b,0x49,0x8b,0x49,0x8b,0x49,0x8b,0x69,0x8b,0x69,0x8b,
    0x69,0x8b,0x69,0x8b,0x6a,0x8b,0x6a,0x8b,0x69,0x83,0x69,0x83,0x6a,0x8b,0x8a,0x8b,
    0x6a,0x8b,0x69,0x83,0x69,0x83,0x69,0x83,0x69,0x8b,0x69,0x8b,0x6a,0x8b,0x69,0x83,
    0x49,0x83,0x49,0x83,0x49,0x83,0x69,0x83,0x69,0x83,0x69,0x83,0x69,0x83,0x69,0x83,
    0x69,0x83,0x69,0x83,0x6a,0x8b,0x6a,0x8b,0x6a,0x8b,0x6a,0x8b,0x6a,0x8b,0x6a,0x8b,
    0x6a,0x8b,0x6a,0x8b,0x6a,0x8b,0x6a,0x8b,0x6a,0x8b,0x6a,0x8b,0x6a,0x8b,0x6a,0x8b,
    0x69,0x8b,0x69,0x8b,0x6a,0x8b,0x6a,0x8b,0x6a,0x8b,0x6a,0x8b,0x69,0x83,0x69,0x83,
    0x69,0x83,0xa9,0x93,0xcc,0xbc,0xcc,0xbc,0xcc,0xbc,0xcc,0xbc,0xcc,0xbc,0xcc,0xbc,
    0xcc,0xbc,0xcc,0xbc,0xcc,0xbc,0xcc,0xbc,0xcc,0xbc,0xcc,0xbc,0xcc,0xbc,0xcc,0xbc,
    0xcc,0xbc,0xcc,0xbc,0xcc,0xbc,0xcc,0xbc,0xcc,0xbc,0xcc,0xbc,0xcc,0xbc,0xcc,0xbc,
    0xcc,0xbc,0xcc,0xbc,0xcc,0xbc,0xed,0xc4,0x2b,0xb4,0xe3,0x69,0xe4,0x69,0x04,0x72,
    0x04,0x72,0x04,0x72,0x04,0x72,0x04,0x72,0x04,0x72,0x04,0x6a,0xe4,0x69,0xe4,0x69,
    0xe4,0x69,0x04,0x6a,0x04,0x72,0x04,0x72,0x04,0x72,0x04,0x6a,0x04,0x6a,0xe4,0x69,
    0x04,0x6a,0x04,0x6a,0xe4,0x69,0xe4,0x69,0xe4,0x69,0xe4,0x69,0x04,0x6a,0x04,0x6a,
    0x04,0x72,0x04,0x72,0x24,0x72,0x04,0x72,0x04,0x72,0x04,0x72,0x04,0x72,0x25,0x72,
    0x25,0x72,0x25,0x72,0x25,0x72,0x05,0x72,0xe4,0x69,0x04,0x6a,0x04,0x6a,0x04,0x6a,
    0x04,0x6a,0xe4,0x69,0xe4,0x69,0x04,0x6a,0x04,0x6a,0xe4,0x69,0xe4,0x69,0xe4,0x69,
    0xe4,0x69,0xe4,0x69,0xe4,0x69,0xc4,0x69,0xe4,0x61,0xc4,0x61,0xc4,0x61,0xc4,0x61,
    0xc4,0x61,0xc4,0x61,0xc4,0x61,0xc4,0x61,0xc3,0x61,0xc3,0x61,0xa3,0x59,0xa3,0x59,
    0xa3,0x59,0xa3,0x59,0xa3,0x59,0xa3,0x59,0xa3,0x59,0xa3,0x59,0xc3,0x59,0xc3,0x59,
    0xc3,0x59,0xc3,0x59,0xa3,0x59,0xc3,0x59,0xc4,0x59,0xa4,0x59,0xa3,0x59,0x83,0x51,
    0x83,0x51,0xa3,0x51,0x83,0x51,0x63,0x51,0x63,0x51,0x62,0x49,0x62,0x49,0x42,0x49,
    0x22,0x41,0x22,0x41,0x22,0x41,0x22,0x41,0x21,0x41,0x01,0x39,0x01,0x39,0x01,0x41,
    0x01,0x41,0x21,0x41,0x22,0x41,0x42,0x41,0x43,0x41,0x63,0x49,0xa4,0x51,0xa4,0x51,
    0xa4,0x51,0xc5,0x51,0x06,0x62,0x26,0x62,0x46,0x62,0x46,0x62,0x86,0x6a,0xc7,0x72,
    0x28,0x83,0x89,0x93,0xca,0x9b,0xeb,0x9b,0xeb,0x9b,0xeb,0x9b,0x0b,0xa4,0x0b,0xa4,
    0xeb,0x9b,0xca,0x9b,0x49,0x83,0xa6,0x72,0x25,0x62,0xe4,0x59,0xe4,0x59,0x04,0x5a,
    0x45,0x5a,0x46,0x62,0x87,0x6a,0xc8,0x72,0xc8,0x72,0xc8,0x72,0xc8,0x7a,0xe8,0x7a,
    0x49,0x83,0x8a,0x93,0xcb,0x9b,0xeb,0x9b,0x0b,0xa4,0x0b,0xa4,0x2b,0xa4,0x2b,0xac,
    0x4b,0xac,0x2b,0xac,0x2b,0xac,0x2b,0xa4,0xea,0x9b,0xaa,0x9b,0x89,0x93,0x68,0x8b,
    0x6a,0x8b,0x49,0x8b,0x29,0x83,0x08,0x83,0x08,0x7b,0x08,0x7b,0x08,0x7b,0x08,0x7b,
    0x08,0x83,0x08,0x83,0x08,0x83,0x08,0x83,0x08,0x83,0x29,0x83,0x29,0x83,0x49,0x8b,
    0x6a,0x8b,0x6a,0x8b,0x8a,0x93,0xaa,0x93,0xaa,0x93,0xaa,0x93,0xaa,0x93,0xaa,0x93,
    0xaa,0x93,0xaa,0x93,0xaa,0x93,0xaa,0x93,0xaa,0x93,0xaa,0x93,0x8a,0x93,0x8a,0x93,
    0x8a,0x93,0x8a,0x93,0x8a,0x93,0x8a,0x93,0x8a,0x93,0x69,0x8b,0x49,0x8b,0x69,0x8b,
    0x69,0x8b,0x69,0x8b,0x8a,0x8b,0x8a,0x8b,0x69,0x8b,0x6a,0x8b,0x6a,0x8b,0x6a,0x8b,
    0x6a,0x8b,0x69,0x8b,0x69,0x8b,0x69,0x8b,0x69,0x8b,0x6a,0x8b,0x6a,0x8b,0x6a,0x8b,
    0x6a,0x8b,0x6a,0x8b,0x69,0x8b,0x69,0x8b,0x69,0x8b,0x69,0x8b,0x69,0x8b,0x69,0x8b,
    0x69,0x8b,0x49,0x8b,0x49,0x83,0x49,0x83,0x49,0x83,0x49,0x83,0x49,0x83,0x69,0x83,
    0x69,0x8b,0x49,0x83,0x49,0x83,0x49,0x8b,0x49,0x8b,0x49,0x8b,0x49,0x8b,0x49,0x8b,
    0x49,0x8b,0x49,0x8b,0x49,0x8b,0x49,0x8b,0x49,0x8b,0x69,0x8b,0x69,0x8b,0x69,0x8b,
    0x69,0x8b,0x69,0x8b,0x69,0x8b,0x69,0x8b,0x69,0x83,0x69,0x83,0x69,0x83,0x6a,0x8b,
    0x69,0x8b,0x69,0x8b,0x69,0x83,0x69,0x8b,0x69,0x8b,0x49,0x8b,0x49,0x8b,0x49,0x8b,
    0x49,0x8b,0x49,0x8b,0x69,0x8b,0x69,0x83,0x69,0x83,0x69,0x83,0x69,0x8b,0x6a,0x8b,
    0x6a,0x8b,0x6a,0x8b,0x6a,0x8b,0x8a,0x8b,0x6a,0x8b,0x6a,0x8b,0x6a,0x8b,0x69,0x8b,
    0x69,0x8b,0x69,0x8b,0x69,0x8b,0x69,0x8b,0x69,0x8b,0x69,0x8b,0x6a,0x8b,0x6a,0x8b,
    0x69,0x83,0x69,0x83,0x69,0x8b,0x6a,0x8b,0x6a,0x8b,0x6a,0x8b,0x6a,0x8b,0x6a,0x8b,
    0x69,0x83,0xa9,0x93,0xac,0xbc,0xcc,0xbc,0xcc,0xbc,0xcc,0xbc,0xcc,0xbc,0xcc,0xbc,
    0xcc,0xbc,0xcc,0xbc,0xcc,0xbc,0xcc,0xbc,0xcc,0xbc,0xcc,0xbc,0xcc,0xbc,0xcc,0xbc,
    0xcc,0xbc,0xcc,0xbc,0xcc,0xbc,0xcc,0xbc,0xcc,0xbc,0xcc,0xbc,0xcc,0xbc,0xac,0xbc,
    0xcc,0xbc,0xcc,0xbc,0xcc,0xbc,0xed,0xc4,0x2b,0xb4,0xe3,0x69,0xe4,0x71,0x24,0x72,
    0x24,0x72,0x24,0x72,0x24,0x72,0x24,0x72,0x24,0x72,0x04,0x72,0x04,0x6a,0xe4,0x69,
    0xe4,0x69,0x04,0x6a,0x04,0x6a,0x04,0x6a,0x04,0x6a,0x04,0x6a,0x04,0x6a,0x04,0x6a,
    0x04,0x6a,0x04,0x6a,0xe4,0x69,0xe4,0x69,0xe4,0x69,0xe4,0x69,0xe4,0x69,0x04,0x6a,
    0x04,0x72,0x04,0x72,0x04,0x72,0x04,0x72,0x04,0x72,0x04,0x72,0x04,0x72,0x04,0x72,
    0x25,0x72,0x25,0x72,0x25,0x72,0x04,0x72,0x04,0x72,0x04,0x72,0x05,0x72,0x05,0x72,
    0x05,0x72,0x04,0x6a,0x04,0x6a,0x04,0x72,0x04,0x72,0x04,0x6a,0xe4,0x69,0xe4,0x69,
    0xe4,0x69,0xe4,0x69,0xe4,0x69,0xe4,0x69,0xe4,0x69,0xe4,0x69,0xe4,0x69,0xc4,0x61,
    0xe4,0x61,0xe4,0x61,0xe4,0x69,0xe4,0x61,0xe4,0x61,0xc4,0x61,0xc3,0x61,0xc3,0x61,
    0xc3,0x61,0xc3,0x61,0xc3,0x61,0xc3,0x61,0xa3,0x59,0xc3,0x61,0xc3,0x61,0xc3,0x61,
    0xc3,0x61,0xc3,0x61,0xc3,0x61,0xc4,0x61,0xc4,0x59,0xa4,0x59,0xa3,0x59,0x83,0x51,
    0x83,0x51,0x83,0x51,0x83,0x51,0x83,0x51,0x63,0x51,0x63,0x51,0x63,0x51,0x62,0x49,
    0x62,0x49,0x62,0x49,0x62,0x49,0x42,0x49,0x22,0x41,0x22,0x41,0x22,0x41,0x22,0x41,
    0x01,0x41,0x01,0x41,0x02,0x39,0xe2,0x38,0x02,0x39,0x02,0x39,0x02,0x39,0xe2,0x38,
    0xe2,0x38,0x22,0x41,0x43,0x49,0x63,0x49,0x63,0x49,0x83,0x49,0xe4,0x59,0xc7,0x72,
    0x48,0x83,0xa9,0x93,0xca,0x9b,0xeb,0xa3,0xeb,0x9b,0xeb,0x9b,0x0b,0xa4,0x0b,0xa4,
    0xea,0x9b,0xaa,0x93,0x28,0x83,0xa6,0x6a,0x25,0x62,0xe4,0x51,0xc4,0x51,0xc3,0x51,
    0x04,0x52,0x26,0x62,0x67,0x6a,0xa7,0x6a,0xa7,0x72,0xa7,0x72,0xc8,0x72,0xc8,0x7a,
    0x29,0x83,0x8a,0x93,0xcb,0x9b,0xeb,0x9b,0x0b,0xa4,0x0b,0xa4,0x2b,0xa4,0x2b,0xac,
    0x4b,0xac,0x4b,0xac,0x2b,0xac,0x2b,0xa4,0x0b,0xa4,0xea,0x9b,0xa9,0x93,0x69,0x93,
    0x6a,0x8b,0x49,0x8b,0x29,0x83,0x08,0x83,0x08,0x7b,0x08,0x7b,0x08,0x7b,0xe8,0x7a,
    0xe8,0x7a,0xe8,0x7a,0xe8,0x7a,0xe8,0x7a,0x08,0x83,0x08,0x83,0x29,0x83,0x49,0x8b,
    0x6a,0x8b,0x8a,0x8b,0x8a,0x93,0xaa,0x93,0xab,0x93,0xab,0x93,0xab,0x93,0xaa,0x93,
    0xaa,0x93,0xaa,0x93,0xaa,0x93,0xaa,0x93,0xaa,0x93,0xaa,0x93,0xaa,0x93,0xaa,0x93,
    0x8a,0x93,0x8a,0x93,0x8a,0x93,0x8a,0x93,0x8a,0x93,0x69,0x8b,0x69,0x8b,0x6a,0x93,
    0x8a,0x8b,0x69,0x8b,0x8a,0x8b,0x8a,0x8b,0x89,0x8b,0x8a,0x8b,0x6a,0x8b,0x6a,0x8b,
    0x6a,0x8b,0x69,0x8b,0x69,0x8b,0x6a,0x8b,0x6a,0x8b,0x6a,0x8b,0x8a,0x8b,0x6a,0x8b,
    0x8a,0x8b,0x6a,0x8b,0x69,0x8b,0x69,0x8b,0x69,0x8b,0x6a,0x8b,0x6a,0x8b,0x69,0x8b,
    0x69,0x83,0x49,0x83,0x49,0x83,0x49,0x83,0x49,0x83,0x49,0x83,0x49,0x83,0x69,0x83,
    0x49,0x83,0x49,0x8b,0x49,0x8b,0x49,0x8b,0x49,0x8b,0x49,0x8b,0x49,0x8b,0x49,0x8b,
    0x49,0x8b,0x49,0x8b,0x49,0x8b,0x49,0x8b,0x69,0x8b,0x69,0x83,0x69,0x83,0x69,0x83,
    0x69,0x83,0x69,0x83,0x69,0x83,0x69,0x83,0x6a,0x83,0x69,0x83,0x69,0x83,0x69,0x83,
    0x69,0x8b,0x69,0x8b,0x69,0x83,0x49,0x8b,0x49,0x8b,0x49,0x8b,0x49,0x8b,0x49,0x8b,
    0x49,0x8b,0x49,0x8b,0x69,0x8b,0x69,0x8b,0x69,0x83,0x69,0x83,0x69,0x83,0x6a,0x8b,
    0x6a,0x8b,0x6a,0x8b,0x8a,0x8b,0x8a,0x8b,0x8a,0x8b,0x6a,0x8b,0x6a,0x8b,0x69,0x83,
    0x69,0x83,0x69,0x83,0x69,0x83,0x69,0x83,0x69,0x83,0x69,0x83,0x6a,0x8b,0x6a,0x8b,
    0x6a,0x83,0x69,0x83,0x69,0x8b,0x69,0x8b,0x6a,0x8b,0x6a,0x8b,0x6a,0x8b,0x6a,0x8b,
    0x69,0x83,0xa9,0x93,0xac,0xbc,0xcc,0xbc,0xcc,0xbc,0xcc,0xbc,0xcc,0xbc,0xcc,0xbc,
    0xcc,0xbc,0xcc,0xbc,0xcc,0xbc,0xcc,0xbc,0xcc,0xbc,0xcc,0xbc,0xcc,0xbc,0xcc,0xbc,
    0xcc,0xbc,0xcc,0xbc,0xcc,0xbc,0xcc,0xbc,0xcc,0xbc,0xcc,0xbc,0xcc,0xbc,0xac,0xbc,
    0xcc,0xbc,0xcc,0xbc,0xcc,0xbc,0xed,0xc4,0x2b,0xb4,0xe3,0x69,0xe4,0x71,0x04,0x72,
    0x04,0x72,0x04,0x72,0x04,0x72,0x24,0x72,0x24,0x72,0x04,0x72,0x04,0x6a,0xe4,0x69,
    0xe4,0x69,0x04,0x6a,0x04,0x6a,0x04,0x6a,0x04,0x6a,0x04,0x6a,0x04,0x6a,0x04,0x6a,
    0x04,0x6a,0x04,0x6a,0xe4,0x69,0xe4,0x69,0xe4,0x69,0xe4,0x69,0xe4,0x69,0x04,0x6a,
    0x04,0x72,0x04,0x72,0x04,0x6a,0x04,0x6a,0x04,0x6a,0x04,0x6a,0x04,0x6a,0x04,0x72,
    0x04,0x72,0x04,0x72,0x04,0x72,0x04,0x72,0x04,0x72,0x05,0x72,0x05,0x72,0x05,0x72,
    0x05,0x72,0x04,0x72,0x04,0x72,0x05,0x72,0x05,0x72,0x04,0x72,0x04,0x72,0x04,0x6a,
    0x04,0x6a,0x04,0x6a,0x04,0x6a,0xe4,0x69,0xe4,0x69,0x05,0x6a,0x04,0x6a,0xe4,0x69,
    0xe4,0x69,0xe4,0x69,0xe4,0x69,0xe4,0x69,0xe4,0x69,0xe4,0x61,0xe4,0x61,0xc4,0x61,
    0xc4,0x61,0xc4,0x61,0xc4,0x61,0xc4,0x61,0xc3,0x61,0xc3,0x61,0xc4,0x61,0xc4,0x61,
    0xc3,0x61,0xc3,0x61,0xc3,0x61,0xc4,0x61,0xc4,0x59,0xa3,0x59,0xa3,0x59,0x83,0x59,
    0x83,0x59,0x83,0x59,0x83,0x59,0x83,0x51,0x83,0x51,0x83,0x51,0x83,0x51,0xa3,0x51,
    0xa3,0x51,0xa3,0x51,0x83,0x51,0x63,0x49,0x63,0x49,0x42,0x49,0x42,0x49,0x22,0x41,
    0x22,0x41,0x22,0x41,0x22,0x41,0x22,0x41,0x22,0x41,0x22,0x41,0x02,0x39,0xe1,0x30,
    0xc1,0x30,0xe1,0x38,0xc1,0x30,0xc1,0x30,0xe1,0x38,0xe1,0x38,0x82,0x49,0xc7,0x72,
    0x89,0x8b,0xca,0x93,0xea,0x9b,0x0b,0xa4,0x0b,0xa4,0xeb,0x9b,0x0b,0xa4,0x0b,0xa4,
    0xea,0x9b,0xa9,0x93,0x28,0x83,0xa6,0x72,0x05,0x5a,0xc4,0x51,0xa4,0x51,0xc3,0x51,
    0xe4,0x51,0x25,0x5a,0x67,0x62,0x87,0x6a,0x87,0x6a,0x87,0x72,0xa7,0x72,0xa7,0x72,
    0x08,0x83,0x8a,0x93,0xcb,0x9b,0xeb,0x9b,0x0b,0xa4,0x0b,0xa4,0x2b,0xac,0x2b,0xac,
    0x4b,0xac,0x4b,0xac,0x2b,0xac,0x2b,0xa4,0x2b,0xa4,0xeb,0xa3,0xaa,0x9b,0x89,0x93,
    0x6a,0x8b,0x49,0x8b,0x29,0x83,0x08,0x83,0x08,0x83,0x08,0x83,0x08,0x83,0x08,0x83,
    0x08,0x83,0x08,0x83,0x08,0x83,0x08,0x83,0x08,0x83,0x29,0x83,0x29,0x83,0x69,0x8b,
    0x6a,0x8b,0x8a,0x93,0x8a,0x93,0x8a,0x93,0xaa,0x93,0xab,0x93,0xab,0x93,0xab,0x93,
    0xaa,0x93,0xaa,0x93,0xaa,0x93,0xaa,0x93,0xaa,0x93,0xaa,0x93,0xaa,0x93,0xaa,0x93,
    0xaa,0x93,0xaa,0x93,0x8a,0x93,0xaa,0x93,0xaa,0x93,0x6a,0x8b,0x69,0x8b,0x8a,0x93,
    0x8a,0x93,0x6a,0x8b,0x8a,0x8b,0x8a,0x8b,0x89,0x8b,0x8a,0x8b,0x6a,0x8b,0x6a,0x8b,
    0x6a,0x8b,0x69,0x8b,0x69,0x8b,0x69,0x8b,0x6a,0x8b,0x6a,0x8b,0x6a,0x8b,0x6a,0x8b,
    0x6a,0x8b,0x69,0x8b,0x69,0x83,0x69,0x83,0x69,0x83,0x6a,0x8b,0x6a,0x8b,0x69,0x8b,
    0x69,0x8b,0x69,0x83,0x69,0x83,0x49,0x83,0x49,0x83,0x69,0x83,0x69,0x83,0x69,0x83,
    0x69,0x8b,0x49,0x8b,0x49,0x8b,0x49,0x8b,0x49,0x8b,0x49,0x8b,0x49,0x8b,0x49,0x8b,
    0x49,0x8b,0x49,0x8b,0x49,0x8b,0x49,0x8b,0x69,0x8b,0x69,0x83,0x69,0x83,0x69,0x83,
    0x49,0x83,0x49,0x83,0x49,0x83,0x49,0x83,0x6a,0x83,0x69,0x83,0x69,0x83,0x69,0x83,
    0x69,0x8b,0x69,0x8b,0x69,0x83,0x49,0x8b,0x49,0x8b,0x49,0x8b,0x49,0x8b,0x49,0x8b,
    0x49,0x8b,0x49,0x8b,0x69,0x8b,0x69,0x8b,0x69,0x83,0x69,0x83,0x69,0x83,0x69,0x8b,
    0x69,0x8b,0x69,0x8b,0x6a,0x8b,0x6a,0x8b,0x6a,0x8b,0x6a,0x8b,0x69,0x83,0x69,0x83,
    0x69,0x83,0x69,0x83,0x69,0x83,0x69,0x83,0x69,0x83,0x69,0x83,0x6a,0x8b,0x6a,0x8b,
    0x6a,0x8b,0x6a,0x8b,0x69,0x8b,0x69,0x8b,0x6a,0x8b,0x6a,0x8b,0x6a,0x8b,0x69,0x8b,
    0x49,0x83,0xa9,0x93,0xac,0xbc,0xcc,0xbc,0xcc,0xbc,0xcc,0xbc,0xcc,0xbc,0xcc,0xbc,
    0xcc,0xbc,0xcc,0xbc,0xcc,0xbc,0xcc,0xbc,0xcc,0xbc,0xcc,0xbc,0xcc,0xbc,0xcc,0xbc,
    0xcc,0xbc,0xcc,0xbc,0xcc,0xbc,0xcc,0xbc,0xcc,0xbc,0xcc,0xbc,0xcc,0xbc,0xac,0xbc,
    0xcc,0xbc,0xcc,0xbc,0xcc,0xbc,0xed,0xc4,0x2b,0xb4,0xe3,0x69,0xe4,0x71,0x04,0x72,
    0x04,0x72,0x04,0x72,0x04,0x72,0x24,0x72,0x24,0x72,0x04,0x72,0x04,0x6a,0xe4,0x69,
    0xe4,0x69,0x04,0x6a,0x04,0x6a,0x04,0x6a,0x04,0x6a,0x04,0x6a,0x04,0x6a,0x04,0x6a,
    0x04,0x6a,0x04,0x6a,0xe4,0x69,0xe4,0x69,0xe4,0x69,0xe4,0x69,0xe4,0x69,0x04,0x6a,
    0x04,0x72,0x04,0x6a,0xe4,0x69,0xe4,0x69,0xe4,0x69,0xe4,0x69,0xe4,0x69,0xe4,0x69,
    0x04,0x6a,0xe4,0x69,0x04,0x6a,0x04,0x72,0x25,0x72,0x05,0x72,0x05,0x72,0x05,0x72,
    0x05,0x72,0x04,0x72,0x05,0x72,0x05,0x72,0x05,0x72,0x05,0x72,0x05,0x72,0x05,0x72,
    0x04,0x72,0x05,0x72,0x04,0x72,0x04,0x6a,0x05,0x72,0x05,0x72,0x05,0x72,0x05,0x6a,
    0x04,0x6a,0x04,0x6a,0x04,0x6a,0x04,0x6a,0x04,0x6a,0x04,0x6a,0x04,0x6a,0xe4,0x69,
    0xe4,0x61,0xe4,0x61,0xe4,0x61,0xe4,0x61,0xc4,0x61,0xc4,0x61,0xc4,0x61,0xc4,0x61,
    0xc3,0x61,0xc3,0x61,0xc3,0x61,0xc4,0x61,0xc4,0x61,0xa3,0x59,0x83,0x59,0x83,0x59,
    0x83,0x59,0x83,0x59,0x83,0x59,0x83,0x59,0x83,0x59,0x83,0x51,0x83,0x51,0xa3,0x51,
    0xa3,0x51,0x83,0x51,0x83,0x51,0x83,0x51,0x83,0x51,0x63,0x49,0x43,0x49,0x42,0x49,
    0x42,0x49,0x22,0x49,0x22,0x41,0x22,0x41,0x02,0x41,0x02,0x39,0x42,0x41,0x22,0x41,
    0x02,0x39,0x02,0x39,0xe2,0x38,0xe2,0x38,0x01,0x39,0x21,0x41,0xc3,0x51,0xe7,0x72,
    0x89,0x8b,0xca,0x93,0xeb,0x9b,0x0b,0xa4,0x0b,0xa4,0x0b,0xa4,0x0b,0xa4,0x0b,0xa4,
    0xea,0x9b,0xaa,0x93,0x48,0x83,0xa6,0x6a,0xc4,0x51,0x22,0x41,0x42,0x41,0x83,0x49,
    0xc4,0x51,0xc4,0x51,0x06,0x5a,0x46,0x62,0x46,0x62,0x87,0x6a,0x87,0x72,0xa7,0x72,
    0x08,0x83,0x69,0x8b,0xca,0x9b,0xeb,0x9b,0x0b,0xa4,0x0b,0xa4,0x2b,0xac,0x4b,0xac,
    0x4b,0xac,0x4b,0xac,0x2b,0xac,0x2b,0xa4,0x0b,0xa4,0xea,0x9b,0xa9,0x93,0x69,0x93,
    0x6a,0x8b,0x49,0x8b,0x29,0x83,0x08,0x83,0x08,0x83,0x08,0x83,0x08,0x83,0x29,0x83,
    0x29,0x83,0x29,0x83,0x29,0x83,0x29,0x83,0x49,0x83,0x49,0x8b,0x6a,0x8b,0x6a,0x8b,
    0x6a,0x8b,0x8a,0x93,0xaa,0x93,0x8a,0x93,0x8a,0x93,0x8a,0x93,0xaa,0x93,0xab,0x93,
    0xab,0x93,0xaa,0x93,0xaa,0x93,0xaa,0x93,0xaa,0x93,0xaa,0x93,0xaa,0x93,0xab,0x93,
    0xaa,0x93,0xaa,0x93,0xaa,0x93,0xaa,0x93,0xaa,0x93,0x8a,0x93,0x8a,0x93,0xaa,0x93,
    0xaa,0x93,0x8a,0x93,0x8a,0x8b,0x8a,0x8b,0x89,0x8b,0x8a,0x8b,0x6a,0x8b,0x6a,0x8b,
    0x6a,0x8b,0x69,0x8b,0x69,0x8b,0x69,0x8b,0x6a,0x8b,0x6a,0x8b,0x6a,0x8b,0x6a,0x8b,
    0x6a,0x8b,0x69,0x83,0x49,0x83,0x49,0x83,0x49,0x83,0x6a,0x8b,0x6a,0x8b,0x69,0x8b,
    0x69,0x8b,0x69,0x8b,0x69,0x83,0x69,0x83,0x49,0x83,0x69,0x83,0x69,0x83,0x69,0x83,
    0x69,0x8b,0x49,0x8b,0x49,0x8b,0x49,0x8b,0x49,0x8b,0x49,0x8b,0x49,0x8b,0x49,0x8b,
    0x49,0x83,0x49,0x83,0x49,0x83,0x49,0x83,0x69,0x8b,0x69,0x83,0x69,0x83,0x69,0x83,
    0x49,0x83,0x49,0x83,0x49,0x83,0x49,0x83,0x6a,0x83,0x69,0x83,0x69,0x83,0x69,0x83,
    0x69,0x8b,0x69,0x8b,0x69,0x83,0x49,0x8b,0x49,0x8b,0x49,0x8b,0x49,0x8b,0x49,0x8b,
    0x49,0x8b,0x49,0x8b,0x69,0x8b,0x69,0x8b,0x69,0x83,0x69,0x83,0x69,0x83,0x69,0x83,
    0x69,0x83,0x69,0x83,0x69,0x8b,0x6a,0x8b,0x6a,0x8b,0x6a,0x8b,0x69,0x83,0x69,0x83,
    0x69,0x83,0x69,0x83,0x69,0x83,0x69,0x83,0x69,0x83,0x69,0x83,0x6a,0x8b,0x6a,0x8b,
    0x6a,0x8b,0x6a,0x8b,0x69,0x8b,0x69,0x8b,0x6a,0x8b,0x6a,0x8b,0x69,0x8b,0x69,0x8b,
    0x49,0x83,0xa9,0x93,0xac,0xbc,0xcc,0xbc,0xcc,0xbc,0xcc,0xbc,0xcc,0xbc,0xcc,0xbc,
    0xcc,0xbc,0xcc,0xbc,0xcc,0xbc,0xcc,0xbc,0xcc,0xbc,0xcc,0xbc,0xcc,0xbc,0xcc,0xbc,
    0xcc,0xbc,0xcc,0xbc,0xcc,0xbc,0xcc,0xbc,0xcc,0xbc,0xcc,0xbc,0xcc,0xbc,0xac,0xbc,
    0xcc,0xbc,0xcc,0xbc,0xcc,0xbc,0xed,0xc4,0x4b,0xb4,0x03,0x72,0x04,0x72,0x04,0x72,
    0x04,0x72,0x04,0x72,0x04,0x72,0x04,0x72,0x04,0x72,0x04,0x72,0x04,0x6a,0xe4,0x69,
    0x04,0x6a,0x04,0x72,0x04,0x6a,0x04,0x6a,0x04,0x6a,0x04,0x6a,0x04,0x6a,0x04,0x6a,
    0x04,0x6a,0x04,0x6a,0x04,0x6a,0x04,0x6a,0x04,0x6a,0x24,0x72,0x04,0x72,0x04,0x72,
    0x04,0x72,0x04,0x72,0x04,0x6a,0x04,0x6a,0x04,0x6a,0xe4,0x69,0xe4,0x69,0xe4,0x69,
    0xe4,0x69,0xe4,0x69,0xe4,0x69,0xe4,0x69,0x04,0x72,0x04,0x6a,0x04,0x6a,0x04,0x6a,
    0x04,0x6a,0x04,0x72,0x04,0x72,0x04,0x6a,0x04,0x6a,0x04,0x72,0x04,0x72,0x04,0x72,
    0x04,0x72,0x04,0x72,0x04,0x72,0x04,0x72,0x04,0x72,0x25,0x72,0x25,0x72,0x25,0x72,
    0x04,0x72,0x04,0x6a,0x04,0x72,0x04,0x72,0x04,0x72,0x04,0x6a,0x04,0x6a,0x04,0x6a,
    0x24,0x6a,0x24,0x6a,0x24,0x6a,0x04,0x6a,0xe4,0x69,0xe4,0x69,0xe4,0x69,0xc4,0x61,
    0xc4,0x61,0xc4,0x61,0xc4,0x61,0xc4,0x61,0xa4,0x61,0xa3,0x59,0x83,0x59,0x83,0x59,
    0x83,0x59,0x83,0x59,0x83,0x59,0x63,0x59,0x83,0x59,0x83,0x59,0x83,0x59,0x83,0x51,
    0x83,0x51,0x83,0x51,0x83,0x51,0x83,0x51,0x83,0x51,0x83,0x51,0x63,0x51,0x63,0x49,
    0x63,0x49,0x43,0x49,0x42,0x49,0x22,0x41,0x22,0x41,0x02,0x41,0x22,0x41,0x42,0x41,
    0x42,0x41,0x22,0x41,0x02,0x41,0x22,0x41,0x22,0x41,0x62,0x49,0x45,0x62,0x28,0x7b,
    0x89,0x8b,0xea,0x93,0xea,0x9b,0xeb,0x9b,0xeb,0x9b,0x0b,0xa4,0x0b,0xa4,0x0b,0xa4,
    0x0b,0xa4,0xeb,0x9b,0x69,0x8b,0x86,0x6a,0x42,0x41,0xc1,0x30,0xc1,0x30,0x02,0x39,
    0x22,0x39,0x22,0x41,0x43,0x41,0x83,0x49,0xa4,0x51,0xc4,0x59,0x05,0x62,0x87,0x72,
    0x08,0x83,0x69,0x8b,0xaa,0x9b,0xea,0x9b,0x0b,0xa4,0x2b,0xa4,0x4b,0xac,0x2b,0xac,
    0x2b,0xac,0x2b,0xac,0x2b,0xa4,0x2b,0xa4,0x0b,0xa4,0xca,0x9b,0x69,0x93,0x68,0x8b,
    0x49,0x8b,0x29,0x83,0x29,0x83,0x08,0x83,0x08,0x7b,0x08,0x83,0x29,0x83,0x49,0x83,
    0x49,0x8b,0x49,0x83,0x29,0x83,0x49,0x8b,0x6a,0x8b,0x6a,0x8b,0x8a,0x93,0x8a,0x93,
    0xaa,0x93,0xaa,0x93,0xab,0x93,0xab,0x93,0xab,0x93,0xcb,0x93,0xcb,0x9b,0xcb,0x9b,
    0xcb,0x93,0xab,0x93,0xcb,0x93,0xcb,0x9b,0xcb,0x93,0xab,0x93,0xab,0x93,0xcb,0x93,
    0xcb,0x9b,0xcb,0x9b,0xcb,0x9b,0xcb,0x9b,0xcb,0x9b,0xcb,0x9b,0xcb,0x9b,0xcb,0x9b,
    0xab,0x93,0xaa,0x93,0x8a,0x93,0x8a,0x8b,0x8a,0x8b,0x8a,0x8b,0x6a,0x8b,0x6a,0x8b,
    0x6a,0x8b,0x6a,0x8b,0x6a,0x8b,0x6a,0x8b,0x69,0x8b,0x69,0x8b,0x69,0x8b,0x6a,0x8b,
    0x6a,0x8b,0x69,0x8b,0x69,0x83,0x49,0x83,0x49,0x83,0x6a,0x8b,0x6a,0x8b,0x6a,0x8b,
    0x6a,0x8b,0x6a,0x8b,0x6a,0x8b,0x6a,0x8b,0x69,0x8b,0x69,0x83,0x69,0x83,0x69,0x83,
    0x49,0x8b,0x49,0x8b,0x49,0x8b,0x49,0x83,0x49,0x8b,0x49,0x8b,0x49,0x8b,0x49,0x8b,
    0x49,0x8b,0x49,0x83,0x49,0x8b,0x49,0x8b,0x49,0x83,0x69,0x83,0x69,0x8b,0x69,0x8b,
    0x69,0x8b,0x69,0x8b,0x69,0x83,0x49,0x83,0x49,0x83,0x49,0x83,0x49,0x83,0x49,0x83,
    0x69,0x83,0x69,0x83,0x69,0x83,0x49,0x8b,0x49,0x8b,0x49,0x8b,0x49,0x8b,0x49,0x8b,
    0x49,0x8b,0x49,0x8b,0x49,0x8b,0x69,0x8b,0x69,0x83,0x69,0x83,0x49,0x83,0x49,0x83,
    0x49,0x83,0x49,0x83,0x49,0x83,0x69,0x83,0x69,0x83,0x6a,0x8b,0x6a,0x8b,0x6a,0x8b,
    0x69,0x83,0x69,0x83,0x6a,0x8b,0x6a,0x8b,0x6a,0x8b,0x6a,0x8b,0x6a,0x8b,0x6a,0x8b,
    0x6a,0x8b,0x6a,0x8b,0x49,0x83,0x69,0x83,0x69,0x8b,0x69,0x8b,0x69,0x8b,0x69,0x8b,
    0x49,0x83,0xa9,0x93,0xac,0xbc,0xcc,0xbc,0xcc,0xbc,0xcc,0xbc,0xcc,0xbc,0xcc,0xbc,
    0xcc,0xbc,0xcc,0xbc,0xcc,0xbc,0xcc,0xbc,0xcc,0xbc,0xcc,0xbc,0xcc,0xbc,0xcc,0xbc,
    0xcc,0xbc,0xcc,0xbc,0xcc,0xbc,0xcc,0xbc,0xcc,0xbc,0xcc,0xbc,0xcc,0xbc,0xac,0xbc,
    0xcc,0xbc,0xcc,0xbc,0xcc,0xbc,0xed,0xc4,0x4b,0xb4,0x03,0x72,0x04,0x72,0x04,0x72,
    0x04,0x72,0x04,0x72,0x04,0x72,0x04,0x72,0x04,0x72,0x04,0x72,0x04,0x72,0x04,0x6a,
    0x04,0x6a,0x04,0x72,0x04,0x72,0x04,0x6a,0x04,0x6a,0x04,0x6a,0x04,0x72,0x04,0x72,
    0x04,0x72,0x04,0x72,0x04,0x6a,0x04,0x72,0x24,0x72,0x25,0x72,0x25,0x72,0x25,0x72,
    0x25,0x72,0x25,0x72,0x04,0x72,0x04,0x72,0x04,0x72,0x04,0x72,0x04,0x6a,0x04,0x6a,
    0x04,0x6a,0xe4,0x69,0xe4,0x69,0xe4,0x69,0x04,0x6a,0xe4,0x69,0xe4,0x69,0xe4,0x69,
    0xe4,0x69,0x04,0x72,0x04,0x6a,0xe4,0x69,0xe4,0x69,0x04,0x6a,0x04,0x6a,0x04,0x6a,
    0x04,0x6a,0x04,0x6a,0x04,0x6a,0x04,0x6a,0x04,0x6a,0x04,0x72,0x04,0x72,0x24,0x72,
    0x04,0x72,0x04,0x6a,0x04,0x72,0x04,0x72,0x04,0x72,0x04,0x6a,0x04,0x6a,0x04,0x6a,
    0x24,0x72,0x24,0x72,0x24,0x72,0x25,0x72,0x05,0x72,0x05,0x72,0x05,0x6a,0x05,0x6a,
    0xe4,0x69,0xe4,0x69,0xe4,0x69,0xe4,0x69,0xc4,0x61,0xc4,0x61,0xa3,0x61,0xa3,0x61,
    0xa3,0x61,0xa3,0x61,0xa3,0x61,0x83,0x59,0x83,0x59,0x83,0x59,0x83,0x59,0x83,0x59,
    0xa3,0x59,0xa3,0x51,0x83,0x51,0x84,0x51,0x83,0x51,0x83,0x51,0x83,0x51,0x63,0x51,
    0x63,0x51,0x63,0x51,0x63,0x49,0x42,0x49,0x42,0x49,0x22,0x41,0x22,0x41,0x42,0x49,
    0x42,0x49,0x22,0x41,0x23,0x41,0x23,0x41,0x83,0x49,0x46,0x62,0xe8,0x7a,0x69,0x8b,
    0xaa,0x93,0xea,0x9b,0xea,0x9b,0xea,0x9b,0xea,0x9b,0xea,0x9b,0x0b,0xa4,0x2b,0xa4,
    0x0b,0xa4,0xca,0x9b,0x89,0x8b,0xa7,0x72,0x42,0x41,0xa1,0x30,0xa1,0x30,0xa1,0x30,
    0xc1,0x30,0xa1,0x30,0xc1,0x30,0xc1,0x30,0xc0,0x30,0xe1,0x38,0x42,0x49,0x05,0x62,
    0xe8,0x7a,0x89,0x93,0xca,0x9b,0xea,0x9b,0x0b,0xa4,0x2b,0xa4,0x4b,0xac,0x2b,0xac,
    0x2b,0xac,0x2b,0xac,0x2b,0xa4,0x2b,0xa4,0xea,0x9b,0x89,0x93,0x48,0x8b,0x48,0x8b,
    0x29,0x83,0x08,0x83,0xe8,0x7a,0xe8,0x7a,0xe8,0x7a,0x08,0x7b,0x08,0x83,0x08,0x83,
    0x29,0x83,0x29,0x83,0x29,0x83,0x49,0x8b,0x6a,0x8b,0x6a,0x8b,0x8a,0x93,0xab,0x93,
    0xab,0x93,0xcb,0x93,0xcb,0x93,0xcb,0x9b,0xcb,0x9b,0xec,0x9b,0xec,0x9b,0xcb,0x9b,
    0xcb,0x93,0xab,0x93,0xcb,0x93,0xeb,0x9b,0xcb,0x9b,0xcb,0x93,0xab,0x93,0xcb,0x9b,
    0xcb,0x9b,0xcb,0x9b,0xcb,0x9b,0xcb,0x9b,0xcb,0x9b,0xcb,0x9b,0xeb,0x9b,0xeb,0x9b,
    0xcb,0x9b,0xcb,0x93,0xaa,0x93,0xaa,0x93,0x8a,0x8b,0x8a,0x8b,0x6a,0x8b,0x6a,0x8b,
    0x6a,0x8b,0x6a,0x8b,0x6a,0x8b,0x69,0x8b,0x49,0x8b,0x49,0x83,0x49,0x83,0x49,0x83,
    0x69,0x83,0x69,0x8b,0x69,0x8b,0x69,0x8b,0x69,0x83,0x8a,0x8b,0x6a,0x8b,0x6a,0x8b,
    0x6a,0x8b,0x6a,0x8b,0x6a,0x8b,0x6a,0x8b,0x69,0x8b,0x69,0x83,0x69,0x83,0x69,0x83,
    0x69,0x8b,0x49,0x8b,0x49,0x8b,0x49,0x8b,0x49,0x8b,0x49,0x8b,0x49,0x8b,0x49,0x8b,
    0x49,0x8b,0x49,0x8b,0x49,0x8b,0x49,0x8b,0x49,0x83,0x69,0x83,0x69,0x8b,0x69,0x8b,
    0x69,0x8b,0x69,0x8b,0x69,0x83,0x49,0x83,0x49,0x83,0x49,0x83,0x49,0x83,0x49,0x83,
    0x69,0x83,0x69,0x83,0x69,0x83,0x49,0x8b,0x49,0x8b,0x49,0x8b,0x49,0x8b,0x49,0x8b,
    0x49,0x8b,0x49,0x8b,0x49,0x8b,0x69,0x8b,0x69,0x83,0x69,0x83,0x49,0x83,0x49,0x83,
    0x49,0x83,0x49,0x83,0x49,0x83,0x49,0x83,0x69,0x83,0x6a,0x8b,0x6a,0x8b,0x6a,0x8b,
    0x69,0x83,0x49,0x83,0x6a,0x8b,0x6a,0x8b,0x6a,0x8b,0x6a,0x8b,0x6a,0x8b,0x6a,0x8b,
    0x6a,0x8b,0x6a,0x8b,0x49,0x83,0x69,0x83,0x69,0x8b,0x69,0x8b,0x69,0x8b,0x69,0x8b,
    0x49,0x83,0xa9,0x93,0xac,0xbc,0xcc,0xbc,0xcc,0xbc,0xcc,0xbc,0xcc,0xbc,0xcc,0xbc,
    0xcc,0xbc,0xcc,0xbc,0xcc,0xbc,0xcc,0xbc,0xcc,0xbc,0xcc,0xbc,0xcc,0xbc,0xcc,0xbc,
    0xcc,0xbc,0xcc,0xbc,0xcc,0xbc,0xcc,0xbc,0xcc,0xbc,0xcc,0xbc,0xcc,0xbc,0xac,0xbc,
    0xcc,0xbc,0xcc,0xbc,0xcc,0xbc,0xed,0xc4,0x4b,0xb4,0x03,0x72,0x04,0x72,0x04,0x72,
    0x04,0x72,0x04,0x72,0x04,0x72,0x04,0x72,0x04,0x72,0x04,0x72,0x04,0x72,0x04,0x72,
    0x04,0x72,0x04,0x72,0x04,0x72,0x04,0x6a,0x04,0x6a,0x04,0x6a,0x04,0x72,0x24,0x72,
    0x24,0x72,0x24,0x72,0x04,0x72,0x24,0x72,0x25,0x72,0x25,0x72,0x25,0x72,0x25,0x72,
    0x25,0x72,0x25,0x72,0x25,0x72,0x25,0x72,0x25,0x72,0x25,0x72,0x04,0x72,0x04,0x72,
    0x04,0x72,0x25,0x72,0x25,0x72,0x04,0x72,0x04,0x6a,0x04,0x72,0x04,0x72,0x04,0x72,
    0x04,0x72,0xe4,0x69,0xe4,0x69,0xe4,0x69,0xe4,0x69,0xe4,0x69,0xe4,0x69,0xe4,0x69,
    0xe4,0x69,0xe4,0x69,0xe4,0x69,0xe4,0x69,0xe4,0x69,0xe3,0x69,0xe4,0x69,0xe4,0x69,
    0xe4,0x69,0xe4,0x69,0x04,0x6a,0x04,0x72,0x04,0x6a,0x04,0x6a,0x04,0x6a,0x04,0x6a,
    0x04,0x72,0x04,0x72,0x04,0x72,0x24,0x72,0x25,0x72,0x25,0x72,0x25,0x72,0x05,0x72,
    0x05,0x6a,0x05,0x6a,0x05,0x6a,0x05,0x6a,0x05,0x6a,0xe4,0x69,0xe4,0x69,0xc4,0x69,
    0xc4,0x69,0xc4,0x69,0xc4,0x69,0xc4,0x61,0xa4,0x61,0xa4,0x59,0x83,0x59,0xa3,0x59,
    0xa3,0x59,0xa3,0x59,0xa4,0x59,0xa4,0x59,0xa4,0x59,0x84,0x59,0x84,0x51,0x83,0x51,
    0x83,0x51,0x83,0x51,0x83,0x51,0x63,0x49,0x63,0x49,0x42,0x49,0x42,0x49,0x63,0x49,
    0x63,0x49,0x42,0x49,0x43,0x49,0x43,0x49,0xe5,0x59,0x09,0x7b,0x69,0x83,0xaa,0x8b,
    0xca,0x93,0x0b,0x9c,0x0a,0xa4,0x0a,0xa4,0x0a,0xa4,0xea,0x9b,0x0b,0xa4,0x2b,0xa4,
    0x0a,0x9c,0xca,0x93,0x89,0x8b,0xc7,0x72,0x63,0x49,0xc2,0x30,0xc2,0x30,0xc2,0x30,
    0xc2,0x30,0xc1,0x30,0xa1,0x30,0xa0,0x30,0xa0,0x30,0xc0,0x30,0xc0,0x38,0x42,0x49,
    0xc7,0x7a,0x89,0x93,0xca,0x9b,0xea,0x9b,0x0b,0xa4,0x2b,0xa4,0x4b,0xac,0x2b,0xac,
    0x2b,0xac,0x2b,0xac,0x2b,0xa4,0x2b,0xa4,0x0a,0xa4,0x89,0x93,0x28,0x8b,0x07,0x83,
    0x08,0x83,0xe8,0x7a,0xe8,0x7a,0xe8,0x7a,0xe8,0x7a,0xe8,0x7a,0xc7,0x7a,0xe8,0x7a,
    0x08,0x7b,0x08,0x83,0x28,0x83,0x49,0x83,0x49,0x8b,0x6a,0x8b,0x8a,0x8b,0x8a,0x93,
    0xab,0x93,0xab,0x93,0xab,0x93,0xcb,0x93,0xcb,0x9b,0xcb,0x9b,0xeb,0x9b,0xcb,0x9b,
    0xcb,0x9b,0xcb,0x9b,0xcb,0x9b,0xeb,0x9b,0xcb,0x9b,0xcb,0x9b,0xcb,0x93,0xcb,0x9b,
    0xcb,0x9b,0xeb,0x9b,0xcb,0x9b,0xcb,0x9b,0xcb,0x9b,0xcb,0x9b,0xcb,0x9b,0xcb,0x9b,
    0xaa,0x93,0xaa,0x93,0xaa,0x93,0xaa,0x93,0xaa,0x8b,0xaa,0x8b,0x8a,0x93,0x8a,0x93,
    0x8a,0x93,0x8a,0x93,0x6a,0x8b,0x6a,0x8b,0x69,0x8b,0x69,0x8b,0x69,0x8b,0x6a,0x8b,
    0x6a,0x8b,0x8a,0x8b,0x8a,0x8b,0x8a,0x8b,0x6a,0x8b,0x8a,0x8b,0x6a,0x8b,0x6a,0x8b,
    0x6a,0x8b,0x6a,0x8b,0x6a,0x8b,0x6a,0x8b,0x69,0x8b,0x69,0x83,0x69,0x83,0x69,0x83,
    0x69,0x8b,0x69,0x8b,0x49,0x8b,0x49,0x8b,0x49,0x8b,0x49,0x8b,0x49,0x8b,0x49,0x8b,
    0x49,0x8b,0x49,0x8b,0x49,0x8b,0x69,0x8b,0x49,0x83,0x69,0x83,0x69,0x8b,0x69,0x8b,
    0x69,0x8b,0x69,0x8b,0x69,0x83,0x49,0x83,0x49,0x83,0x49,0x83,0x49,0x83,0x49,0x83,
    0x69,0x83,0x69,0x83,0x69,0x83,0x49,0x8b,0x49,0x8b,0x49,0x8b,0x49,0x8b,0x49,0x8b,
    0x49,0x8b,0x49,0x8b,0x49,0x8b,0x69,0x8b,0x69,0x83,0x69,0x83,0x69,0x83,0x49,0x83,
    0x49,0x83,0x49,0x83,0x49,0x83,0x49,0x83,0x49,0x83,0x49,0x83,0x69,0x83,0x49,0x83,
    0x49,0x83,0x49,0x83,0x6a,0x8b,0x6a,0x8b,0x6a,0x8b,0x6a,0x8b,0x6a,0x8b,0x6a,0x8b,
    0x6a,0x8b,0x6a,0x8b,0x49,0x83,0x69,0x83,0x69,0x8b,0x69,0x8b,0x69,0x8b,0x69,0x8b,
    0x49,0x83,0xa9,0x93,0xac,0xbc,0xcc,0xbc,0xcc,0xbc,0xcc,0xbc,0xcc,0xbc,0xcc,0xbc,
    0xcc,0xbc,0xcc,0xbc,0xcc,0xbc,0xcc,0xbc,0xcc,0xbc,0xcc,0xbc,0xcc,0xbc,0xcc,0xbc,
    0xcc,0xbc,0xcc,0xbc,0xcc,0xbc,0xcc,0xbc,0xcc,0xbc,0xcc,0xbc,0xcc,0xbc,0xac,0xbc,
    0xcc,0xbc,0xcc,0xbc,0xcc,0xbc,0xed,0xc4,0x4b,0xb4,0x03,0x72,0x04,0x72,0x04,0x72,
    0x04,0x72,0x04,0x72,0x04,0x72,0x04,0x72,0x04,0x72,0x04,0x72,0x04,0x72,0x04,0x72,
    0x04,0x72,0x04,0x72,0x04,0x72,0xe4,0x69,0x04,0x6a,0xe4,0x69,0x04,0x72,0x24,0x72,
    0x25,0x72,0x25,0x72,0x25,0x72,0x25,0x72,0x45,0x72,0x45,0x72,0x45,0x72,0x45,0x72,
    0x45,0x72,0x45,0x72,0x45,0x7a,0x45,0x7a,0x45,0x7a,0x25,0x72,0x25,0x72,0x25,0x72,
    0x25,0x72,0x25,0x72,0x25,0x72,0x24,0x72,0x04,0x72,0x04,0x72,0x04,0x72,0x04,0x72,
    0x04,0x72,0xe4,0x69,0xe4,0x69,0xe4,0x69,0xe4,0x69,0xe4,0x69,0xe4,0x69,0xe4,0x69,
    0xe4,0x69,0xe4,0x69,0xe4,0x69,0xe4,0x69,0xe3,0x69,0xc3,0x69,0xe3,0x69,0xe3,0x69,
    0xe4,0x69,0xe3,0x69,0xe4,0x69,0xe4,0x69,0x04,0x6a,0x04,0x6a,0xe4,0x69,0xe4,0x69,
    0x04,0x6a,0x04,0x6a,0x04,0x6a,0x04,0x6a,0x05,0x72,0x05,0x6a,0x05,0x6a,0x05,0x6a,
    0xe4,0x69,0x05,0x6a,0xe4,0x69,0x05,0x72,0x25,0x72,0x05,0x72,0xe4,0x69,0xe4,0x69,
    0xe4,0x69,0xe4,0x69,0xe4,0x69,0xe5,0x69,0xc5,0x61,0xa4,0x61,0xa4,0x59,0xa4,0x59,
    0xa4,0x59,0xa4,0x59,0xa4,0x59,0xa4,0x59,0xa4,0x59,0xa4,0x59,0x84,0x59,0xa4,0x59,
    0x84,0x51,0x83,0x51,0x83,0x51,0x83,0x51,0x63,0x51,0x63,0x49,0x43,0x49,0x63,0x51,
    0x63,0x51,0x43,0x49,0x63,0x49,0x84,0x49,0x26,0x62,0x09,0x7b,0x6a,0x8b,0xaa,0x8b,
    0xca,0x93,0x0b,0xa4,0x0a,0xa4,0x0a,0xa4,0x0a,0xa4,0x0a,0xa4,0x0a,0xa4,0x0a,0xa4,
    0x0a,0xa4,0xea,0x9b,0x89,0x8b,0xa7,0x72,0xa4,0x51,0xe2,0x38,0xe2,0x38,0xc2,0x30,
    0xc2,0x30,0xe1,0x30,0xe1,0x38,0xe1,0x38,0xe1,0x38,0xe1,0x38,0xc1,0x38,0x43,0x49,
    0xe8,0x7a,0xa9,0x93,0xca,0x9b,0x0a,0xa4,0x0b,0xa4,0x2b,0xa4,0x4b,0xac,0x2a,0xac,
    0x2b,0xac,0x2b,0xac,0x2b,0xa4,0x2b,0xa4,0xea,0xa3,0x68,0x8b,0xa6,0x7a,0x65,0x6a,
    0x86,0x72,0xa7,0x72,0xc8,0x7a,0xe8,0x7a,0xe8,0x7a,0xc7,0x7a,0xa7,0x72,0xa7,0x72,
    0xc8,0x7a,0xe8,0x7a,0x08,0x83,0x29,0x83,0x4a,0x8b,0x6a,0x8b,0x6a,0x8b,0x8a,0x8b,
    0x8a,0x8b,0x8a,0x8b,0x8a,0x8b,0xab,0x93,0xab,0x93,0xab,0x93,0xcb,0x9b,0xcb,0x9b,
    0xcb,0x9b,0xcb,0x9b,0xcb,0x9b,0xeb,0x9b,0xeb,0x9b,0xcb,0x9b,0xcb,0x9b,0xcb,0x9b,
    0xcb,0x9b,0xeb,0x9b,0xcb,0x9b,0xcb,0x9b,0xeb,0x9b,0xcb,0x9b,0xeb,0x9b,0xcb,0x9b,
    0xcb,0x93,0xab,0x93,0xcb,0x93,0xaa,0x93,0xaa,0x93,0xaa,0x93,0xab,0x93,0xab,0x93,
    0xab,0x93,0xab,0x93,0xab,0x93,0xaa,0x93,0x8a,0x93,0x8a,0x93,0x8a,0x8b,0xaa,0x8b,
    0xaa,0x93,0xaa,0x8b,0x8a,0x8b,0x8a,0x8b,0x8a,0x8b,0x8a,0x8b,0x6a,0x8b,0x6a,0x8b,
    0x6a,0x8b,0x6a,0x8b,0x6a,0x8b,0x6a,0x8b,0x69,0x8b,0x69,0x83,0x69,0x83,0x69,0x83,
    0x69,0x8b,0x69,0x8b,0x69,0x8b,0x49,0x8b,0x49,0x8b,0x49,0x8b,0x49,0x8b,0x49,0x8b,
    0x49,0x8b,0x49,0x8b,0x49,0x8b,0x69,0x8b,0x49,0x83,0x69,0x8b,0x69,0x8b,0x69,0x8b,
    0x69,0x8b,0x69,0x8b,0x69,0x8b,0x49,0x83,0x49,0x83,0x49,0x83,0x49,0x83,0x49,0x83,
    0x69,0x83,0x69,0x83,0x69,0x83,0x49,0x8b,0x49,0x8b,0x49,0x8b,0x49,0x8b,0x49,0x8b,
    0x49,0x8b,0x49,0x8b,0x49,0x8b,0x69,0x8b,0x69,0x83,0x69,0x83,0x69,0x83,0x49,0x83,
    0x49,0x83,0x49,0x83,0x49,0x83,0x49,0x83,0x49,0x83,0x49,0x83,0x49,0x83,0x49,0x83,
    0x49,0x83,0x49,0x83,0x6a,0x8b,0x6a,0x8b,0x6a,0x8b,0x6a,0x8b,0x69,0x83,0x69,0x83,
    0x69,0x83,0x69,0x83,0x49,0x83,0x69,0x83,0x69,0x8b,0x69,0x8b,0x69,0x8b,0x69,0x8b,
    0x49,0x83,0xa9,0x93,0xac,0xbc,0xcc,0xbc,0xcc,0xbc,0xcc,0xbc,0xcc,0xbc,0xcc,0xbc,
    0xcc,0xbc,0xcc,0xbc,0xcc,0xbc,0xcc,0xbc,0xcc,0xbc,0xcc,0xbc,0xcc,0xbc,0xcc,0xbc,
    0xcc,0xbc,0xcc,0xbc,0xcc,0xbc,0xcc,0xbc,0xcc,0xbc,0xcc,0xbc,0xcc,0xbc,0xcc,0xbc,
    0xcc,0xbc,0xcc,0xbc,0xcc,0xbc,0xed,0xc4,0x4b,0xb4,0x03,0x72,0x04,0x72,0x04,0x72,
    0x04,0x72,0x04,0x72,0x04,0x72,0x04,0x72,0x04,0x72,0x04,0x72,0x04,0x72,0x04,0x72,
    0x04,0x72,0x04,0x72,0xe4,0x71,0xe4,0x71,0xc4,0x69,0xc3,0x69,0xe4,0x69,0x04,0x6a,
    0x04,0x72,0x04,0x72,0x25,0x72,0x25,0x72,0x25,0x72,0x25,0x72,0x24,0x72,0x24,0x72,
    0x24,0x72,0x24,0x72,0x44,0x72,0x44,0x72,0x44,0x72,0x24,0x72,0x24,0x72,0x24,0x72,
    0x24,0x72,0x24,0x72,0x24,0x72,0x24,0x72,0x24,0x72,0x25,0x72,0x25,0x72,0x25,0x72,
    0x25,0x72,0x04,0x72,0x04,0x6a,0x04,0x6a,0x04,0x72,0x04,0x72,0xe4,0x69,0xe4,0x69,
    0xe4,0x69,0xe4,0x69,0xe4,0x69,0xe4,0x69,0xe4,0x69,0xe4,0x69,0xe4,0x69,0xe4,0x69,
    0xe4,0x69,0xe4,0x69,0xe4,0x69,0xe4,0x69,0xe4,0x71,0xe4,0x71,0xe4,0x69,0xe4,0x69,
    0xe4,0x69,0xe4,0x69,0xe4,0x69,0xe4,0x69,0xe4,0x69,0xe4,0x69,0xe4,0x69,0xe4,0x69,
    0xe4,0x69,0xe4,0x69,0x05,0x6a,0x05,0x6a,0x05,0x6a,0xe4,0x69,0xe4,0x69,0xe4,0x69,
    0x05,0x6a,0x05,0x6a,0x05,0x6a,0xe5,0x69,0xe4,0x69,0xc4,0x61,0xc4,0x61,0xa4,0x59,
    0xa4,0x59,0xa4,0x59,0x84,0x59,0xa4,0x59,0xa4,0x59,0xa4,0x59,0xa4,0x59,0x84,0x59,
    0x84,0x59,0x83,0x51,0x83,0x51,0x83,0x51,0x63,0x51,0x63,0x51,0x63,0x51,0x63,0x51,
    0x63,0x51,0x63,0x51,0x63,0x49,0xa4,0x51,0x67,0x6a,0x0a,0x83,0x6a,0x8b,0xaa,0x93,
    0xea,0x9b,0xea,0x9b,0xea,0x9b,0xea,0x9b,0xea,0x9b,0xea,0x9b,0xea,0x9b,0xea,0x9b,
    0xea,0xa3,0xeb,0x9b,0x8a,0x93,0x86,0x72,0x63,0x49,0xe1,0x38,0xc1,0x38,0xe2,0x38,
    0xe2,0x38,0xe2,0x38,0x02,0x39,0xe2,0x38,0xe2,0x38,0xe1,0x38,0xe1,0x38,0xa4,0x51,
    0xe8,0x82,0x89,0x93,0xea,0x9b,0x0a,0xa4,0x2b,0xa4,0x2b,0xa4,0x4b,0xac,0x6b,0xac,
    0x4b,0xac,0x2b,0xac,0x2a,0xac,0x0a,0xa4,0xea,0x9b,0xe7,0x82,0xa2,0x59,0x41,0x49,
    0x82,0x51,0xa4,0x51,0x05,0x62,0x26,0x62,0x47,0x6a,0x67,0x6a,0x87,0x72,0x87,0x72,
    0xa8,0x7a,0xc8,0x7a,0x09,0x83,0x09,0x83,0x09,0x83,0x2a,0x8b,0x4a,0x8b,0x8b,0x93,
    0x8a,0x8b,0x6a,0x8b,0x4a,0x8b,0x6a,0x8b,0x6a,0x8b,0x8b,0x93,0xcb,0x93,0xcc,0x93,
    0xab,0x93,0xcb,0x93,0xec,0x9b,0xcb,0x9b,0xeb,0x9b,0xeb,0x9b,0xeb,0x9b,0xcb,0x93,
    0xcb,0x93,0xab,0x93,0xcb,0x93,0xcb,0x93,0xeb,0x9b,0xec,0x9b,0xcb,0x93,0xcb,0x93,
    0xcb,0x93,0xcb,0x93,0xcb,0x93,0xab,0x93,0xab,0x93,0xab,0x93,0xcb,0x93,0xab,0x93,
    0xaa,0x8b,0x8a,0x93,0xab,0x93,0xab,0x93,0xab,0x93,0xab,0x93,0xab,0x93,0xab,0x93,
    0xab,0x93,0xab,0x93,0xab,0x93,0xab,0x8b,0xab,0x8b,0xaa,0x8b,0xaa,0x8b,0xaa,0x8b,
    0xaa,0x8b,0xaa,0x8b,0x8a,0x8b,0x6a,0x83,0x6a,0x83,0x6a,0x8b,0x6a,0x8b,0x6a,0x8b,
    0x69,0x83,0x69,0x83,0x69,0x83,0x6a,0x8b,0x69,0x8b,0x49,0x83,0x49,0x83,0x49,0x83,
    0x49,0x83,0x49,0x83,0x49,0x83,0x49,0x83,0x49,0x8b,0x49,0x8b,0x49,0x8b,0x49,0x8b,
    0x49,0x8b,0x49,0x8b,0x49,0x8b,0x49,0x8b,0x49,0x83,0x49,0x83,0x49,0x83,0x49,0x83,
    0x49,0x83,0x49,0x83,0x49,0x83,0x49,0x8b,0x49,0x8b,0x49,0x8b,0x49,0x8b,0x49,0x8b,
    0x49,0x8b,0x49,0x8b,0x49,0x8b,0x69,0x8b,0x49,0x83,0x49,0x83,0x49,0x83,0x49,0x83,
    0x49,0x83,0x49,0x83,0x49,0x83,0x49,0x83,0x49,0x83,0x4a,0x83,0x4a,0x83,0x4a,0x83,
    0x4a,0x83,0x4a,0x83,0x69,0x83,0x69,0x83,0x69,0x83,0x69,0x83,0x69,0x83,0x69,0x83,
    0x69,0x83,0x69,0x83,0x69,0x83,0x69,0x83,0x69,0x83,0x69,0x83,0x49,0x83,0x49,0x83,
    0x49,0x83,0xa9,0x93,0xac,0xbc,0xac,0xbc,0xcc,0xbc,0xcc,0xbc,0xcc,0xbc,0xcc,0xbc,
    0xcc,0xbc,0xcc,0xbc,0xcc,0xbc,0xcc,0xbc,0xcc,0xbc,0xcc,0xbc,0xcc,0xbc,0xcc,0xbc,
    0xcc,0xbc,0xcc,0xbc,0xcc,0xbc,0xcc,0xbc,0xcc,0xbc,0xcc,0xbc,0xcc,0xbc,0xcc,0xbc,
    0xcc,0xbc,0xcc,0xbc,0xcc,0xbc,0xed,0xc4,0x4b,0xb4,0x03,0x72,0x04,0x72,0x04,0x72,
    0x04,0x72,0x04,0x72,0x04,0x72,0x04,0x72,0xe4,0x71,0xe4,0x71,0xe4,0x71,0xe4,0x71,
    0xe4,0x71,0xe4,0x71,0x04,0x72,0xe4,0x71,0xe4,0x69,0xc3,0x69,0xc3,0x69,0xc3,0x69,
    0xe4,0x69,0xe4,0x69,0xe4,0x69,0xe4,0x69,0xe4,0x69,0x04,0x72,0x24,0x72,0x24,0x72,
    0x24,0x72,0x24,0x72,0x24,0x72,0x24,0x72,0x24,0x72,0x24,0x72,0x04,0x72,0x04,0x72,
    0x04,0x72,0x04,0x72,0x04,0x72,0x04,0x72,0x24,0x72,0x25,0x72,0x25,0x72,0x25,0x72,
    0x45,0x72,0x25,0x72,0x25,0x72,0x25,0x72,0x25,0x72,0x04,0x72,0x04,0x6a,0xe4,0x69,
    0xe4,0x69,0xe4,0x69,0xe4,0x69,0xe4,0x69,0xe4,0x69,0xe4,0x69,0xe4,0x69,0xe4,0x69,
    0xe4,0x69,0xe4,0x69,0xe4,0x69,0xe4,0x69,0xe4,0x71,0xe4,0x71,0xe4,0x71,0xe4,0x69,
    0xe4,0x69,0xe4,0x69,0xe4,0x69,0xe4,0x69,0xc4,0x61,0xc4,0x61,0xc4,0x61,0xc4,0x69,
    0xe4,0x69,0xe4,0x69,0xe4,0x69,0x05,0x6a,0x05,0x6a,0x05,0x6a,0xe4,0x69,0xe4,0x69,
    0xe4,0x69,0xe4,0x69,0xe4,0x69,0xe4,0x69,0xe4,0x69,0xc4,0x61,0xc4,0x61,0xa4,0x59,
    0xa4,0x59,0xa4,0x59,0x84,0x59,0xa4,0x59,0xa4,0x59,0xa4,0x59,0xa4,0x59,0x84,0x59,
    0x84,0x59,0x83,0x51,0x83,0x51,0x83,0x51,0x63,0x51,0x63,0x51,0x63,0x51,0x63,0x51,
    0x63,0x51,0x63,0x51,0x63,0x49,0xa4,0x51,0x47,0x6a,0xe9,0x7a,0x4a,0x8b,0xaa,0x93,
    0xea,0x9b,0xea,0x9b,0xc9,0x9b,0xc9,0x9b,0xc9,0x9b,0xca,0x9b,0xea,0x9b,0xea,0x9b,
    0xca,0x9b,0xcb,0x9b,0x4a,0x8b,0x46,0x6a,0x21,0x41,0xe1,0x38,0xe1,0x38,0xe2,0x38,
    0xe2,0x38,0x02,0x39,0x02,0x39,0x02,0x39,0x02,0x39,0x02,0x41,0x02,0x41,0x84,0x51,
    0xc8,0x7a,0x69,0x93,0xaa,0x9b,0xea,0x9b,0x0a,0xa4,0x2b,0xa4,0x4b,0xac,0x6b,0xac,
    0x6b,0xac,0x6b,0xac,0x6b,0xac,0x2a,0xa4,0xea,0x9b,0xa5,0x7a,0x20,0x49,0xc0,0x40,
    0xc0,0x38,0xe1,0x38,0x02,0x41,0x22,0x41,0x22,0x41,0x42,0x49,0x62,0x49,0x83,0x51,
    0xa4,0x59,0xe5,0x61,0x26,0x62,0x67,0x72,0xa8,0x7a,0xe9,0x82,0x09,0x83,0x4a,0x8b,
    0x6a,0x8b,0x6a,0x8b,0x6a,0x8b,0x29,0x83,0x6a,0x8b,0x8b,0x8b,0x8b,0x8b,0xab,0x93,
    0x8b,0x93,0x8b,0x93,0xab,0x93,0xab,0x93,0xcb,0x93,0xcb,0x93,0xcb,0x93,0xcb,0x93,
    0xab,0x93,0xaa,0x8b,0xab,0x93,0xab,0x93,0xcb,0x93,0xcb,0x93,0xeb,0x93,0xeb,0x93,
    0xeb,0x93,0xeb,0x93,0xeb,0x93,0xcb,0x93,0xcb,0x93,0xcb,0x93,0xcb,0x93,0xab,0x93,
    0xaa,0x8b,0xaa,0x93,0xab,0x93,0xab,0x93,0xab,0x93,0xab,0x93,0xab,0x93,0xab,0x93,
    0xab,0x93,0xab,0x93,0xab,0x93,0xab,0x8b,0xab,0x8b,0xab,0x8b,0xab,0x8b,0xab,0x8b,
    0xab,0x8b,0xab,0x8b,0x8a,0x8b,0x6a,0x8b,0x6a,0x83,0x6a,0x8b,0x6a,0x8b,0x6a,0x8b,
    0x69,0x83,0x69,0x83,0x6a,0x8b,0x6a,0x8b,0x6a,0x8b,0x6a,0x8b,0x6a,0x8b,0x6a,0x83,
    0x69,0x83,0x69,0x83,0x49,0x83,0x49,0x83,0x49,0x8b,0x49,0x8b,0x49,0x8b,0x49,0x8b,
    0x49,0x8b,0x49,0x8b,0x49,0x8b,0x49,0x83,0x49,0x83,0x49,0x83,0x49,0x83,0x69,0x83,
    0x69,0x83,0x69,0x83,0x69,0x83,0x69,0x8b,0x49,0x8b,0x49,0x8b,0x49,0x8b,0x49,0x8b,
    0x49,0x8b,0x49,0x8b,0x49,0x8b,0x69,0x83,0x49,0x83,0x49,0x83,0x49,0x83,0x49,0x83,
    0x49,0x83,0x49,0x83,0x49,0x83,0x49,0x83,0x49,0x83,0x69,0x83,0x49,0x83,0x49,0x83,
    0x49,0x83,0x49,0x83,0x69,0x83,0x69,0x83,0x69,0x83,0x69,0x83,0x69,0x83,0x69,0x83,
    0x69,0x83,0x69,0x83,0x69,0x83,0x69,0x83,0x69,0x83,0x69,0x83,0x49,0x83,0x49,0x83,
    0x49,0x83,0xa9,0x93,0xac,0xbc,0xac,0xbc,0xcc,0xbc,0xcc,0xbc,0xcc,0xbc,0xcc,0xbc,
    0xcc,0xbc,0xcc,0xbc,0xcc,0xbc,0xcc,0xbc,0xcc,0xbc,0xcc,0xbc,0xcc,0xbc,0xcc,0xbc,
    0xcc,0xbc,0xcc,0xbc,0xcc,0xbc,0xcc,0xbc,0xcc,0xbc,0xcc,0xbc,0xcc,0xbc,0xcc,0xbc,
    0xcc,0xbc,0xcc,0xbc,0xcc,0xbc,0xed,0xc4,0x4b,0xb4,0x03,0x72,0xe4,0x71,0xe4,0x71,
    0xe4,0x71,0xe4,0x71,0xe4,0x71,0xe4,0x71,0xe4,0x71,0xe4,0x71,0xe4,0x71,0xe4,0x71,
    0xe4,0x71,0xe4,0x71,0x04,0x72,0x04,0x72,0xe4,0x71,0xc3,0x69,0xc3,0x69,0xc3,0x69,
    0xe4,0x69,0xe4,0x69,0xe4,0x69,0xe4,0x69,0xe4,0x69,0xe4,0x69,0x04,0x72,0x04,0x72,
    0x04,0x6a,0x03,0x6a,0x04,0x6a,0x04,0x6a,0x04,0x6a,0x03,0x6a,0xe3,0x69,0xe3,0x69,
    0xe3,0x69,0xe3,0x69,0xe3,0x69,0xe3,0x69,0xe3,0x69,0x04,0x72,0x04,0x72,0x25,0x72,
    0x25,0x72,0x25,0x72,0x25,0x72,0x25,0x72,0x04,0x72,0x04,0x72,0x04,0x72,0x04,0x6a,
    0xe4,0x69,0xe4,0x69,0xe4,0x69,0xe4,0x69,0x04,0x6a,0x04,0x6a,0x04,0x6a,0x04,0x6a,
    0xe4,0x69,0x04,0x6a,0x04,0x72,0x04,0x72,0xe4,0x71,0xe4,0x71,0xe4,0x71,0xe4,0x71,
    0xe4,0x69,0xe4,0x69,0xe4,0x69,0xe4,0x69,0xc4,0x61,0xc4,0x61,0xc4,0x61,0xc4,0x69,
    0xc4,0x69,0xc4,0x69,0xc4,0x61,0xc4,0x61,0xc4,0x69,0xc4,0x69,0xc4,0x61,0xc4,0x61,
    0xc4,0x69,0xc4,0x69,0xc4,0x69,0xe4,0x69,0xc4,0x69,0xc4,0x61,0xc4,0x61,0xa4,0x61,
    0xa4,0x59,0xa4,0x59,0xa4,0x59,0xa4,0x59,0xa4,0x59,0xa4,0x59,0xa4,0x59,0x84,0x59,
    0x84,0x59,0x83,0x51,0x83,0x59,0x83,0x51,0x83,0x51,0x63,0x51,0x63,0x51,0x63,0x51,
    0x63,0x51,0x63,0x51,0x63,0x51,0xa4,0x51,0x47,0x6a,0xc9,0x7a,0xe8,0x7a,0x69,0x8b,
    0xaa,0x93,0xca,0x9b,0xca,0x9b,0xca,0x9b,0xca,0x9b,0xea,0x9b,0xeb,0xa3,0xca,0x9b,
    0xca,0x9b,0x8a,0x93,0xe8,0x82,0xc4,0x59,0x01,0x41,0xe1,0x38,0xe1,0x38,0x02,0x39,
    0x02,0x39,0x22,0x41,0x22,0x41,0x22,0x41,0x02,0x41,0x02,0x41,0x42,0x49,0xa4,0x51,
    0xc8,0x7a,0x69,0x93,0xaa,0x9b,0xea,0x9b,0x0a,0xa4,0x2a,0xa4,0x4b,0xac,0x4a,0xac,
    0x6b,0xac,0x8b,0xac,0x6a,0xac,0x4a,0xa4,0xe9,0x9b,0xa5,0x7a,0x61,0x51,0x01,0x49,
    0x01,0x41,0x01,0x41,0x01,0x41,0xe1,0x40,0xc1,0x38,0xc0,0x38,0xc0,0x38,0xa0,0x38,
    0xc0,0x38,0xe1,0x38,0xe1,0x40,0x63,0x49,0xa4,0x51,0xc4,0x59,0xc4,0x59,0x05,0x62,
    0x66,0x6a,0xc8,0x7a,0xc8,0x7a,0xe9,0x7a,0x29,0x83,0x29,0x83,0x29,0x83,0x6a,0x8b,
    0x8b,0x93,0x8b,0x93,0x8a,0x93,0x8a,0x8b,0x8a,0x93,0x8a,0x93,0x8a,0x93,0xab,0x93,
    0x8a,0x93,0x8a,0x8b,0x6a,0x8b,0x8a,0x8b,0x8a,0x93,0xab,0x93,0xcb,0x93,0xcb,0x93,
    0xcb,0x93,0xcb,0x93,0xcb,0x9b,0xcb,0x9b,0xcb,0x93,0xcb,0x93,0xca,0x93,0xca,0x93,
    0xaa,0x93,0xaa,0x93,0xab,0x93,0xab,0x93,0xcb,0x93,0xcb,0x93,0xcb,0x93,0xcb,0x93,
    0xcb,0x93,0xcb,0x8b,0xcb,0x8b,0xaa,0x8b,0xab,0x8b,0xab,0x93,0xab,0x93,0xab,0x93,
    0xab,0x93,0xab,0x8b,0x8b,0x8b,0x6a,0x8b,0x6a,0x8b,0x6a,0x8b,0x6a,0x8b,0x6a,0x8b,
    0x6a,0x8b,0x6a,0x8b,0x6a,0x8b,0x6a,0x8b,0x6a,0x8b,0x6a,0x8b,0x6a,0x8b,0x6a,0x8b,
    0x6a,0x8b,0x6a,0x8b,0x69,0x83,0x49,0x83,0x49,0x8b,0x49,0x8b,0x49,0x8b,0x49,0x8b,
    0x49,0x8b,0x49,0x8b,0x49,0x8b,0x49,0x83,0x49,0x83,0x49,0x83,0x49,0x83,0x69,0x83,
    0x69,0x8b,0x69,0x8b,0x69,0x8b,0x69,0x8b,0x69,0x8b,0x69,0x8b,0x69,0x8b,0x69,0x8b,
    0x69,0x8b,0x69,0x8b,0x69,0x8b,0x69,0x83,0x49,0x83,0x49,0x83,0x49,0x83,0x49,0x83,
    0x49,0x83,0x49,0x83,0x49,0x83,0x49,0x83,0x69,0x83,0x69,0x8b,0x69,0x83,0x49,0x83,
    0x49,0x83,0x49,0x83,0x69,0x83,0x69,0x83,0x69,0x83,0x69,0x83,0x69,0x83,0x69,0x83,
    0x69,0x83,0x69,0x83,0x69,0x83,0x69,0x83,0x69,0x83,0x69,0x83,0x49,0x83,0x49,0x83,
    0x49,0x83,0xa9,0x93,0xac,0xbc,0xac,0xbc,0xcc,0xbc,0xcc,0xbc,0xcc,0xbc,0xcc,0xbc,
    0xcc,0xbc,0xcc,0xbc,0xcc,0xbc,0xcc,0xbc,0xcc,0xbc,0xcc,0xbc,0xcc,0xbc,0xcc,0xbc,
    0xcc,0xbc,0xcc,0xbc,0xcc,0xbc,0xcc,0xbc,0xcc,0xbc,0xcc,0xbc,0xcc,0xbc,0xcc,0xbc,
    0xcc,0xbc,0xcc,0xbc,0xcc,0xbc,0xcd,0xc4,0x2b,0xb4,0x04,0x72,0x04,0x7a,0xe4,0x71,
    0xe4,0x71,0xe4,0x71,0xe4,0x71,0xe4,0x71,0xe4,0x71,0xe4,0x71,0xe4,0x71,0xe4,0x71,
    0xe4,0x71,0xe4,0x71,0x04,0x72,0x04,0x72,0xe4,0x71,0xe4,0x69,0xe4,0x69,0xe4,0x69,
    0xe4,0x69,0xe4,0x69,0xe4,0x69,0xe4,0x69,0xe4,0x69,0xe4,0x69,0x04,0x6a,0x03,0x6a,
    0x03,0x6a,0x03,0x6a,0xe3,0x69,0xe3,0x69,0xe3,0x69,0xe3,0x69,0xe3,0x69,0xe3,0x69,
    0xc3,0x69,0xc3,0x69,0xe3,0x69,0xe3,0x69,0xe3,0x69,0xe4,0x69,0xe4,0x69,0xe4,0x69,
    0xe4,0x69,0x04,0x6a,0x04,0x6a,0x04,0x6a,0x04,0x6a,0x04,0x72,0x04,0x72,0x04,0x6a,
    0xe4,0x69,0xe4,0x69,0xe4,0x69,0xe4,0x69,0x04,0x6a,0x04,0x6a,0x04,0x6a,0x04,0x6a,
    0x04,0x6a,0x04,0x72,0x05,0x72,0x05,0x72,0xe4,0x71,0xe4,0x71,0xe4,0x71,0xe4,0x71,
    0x04,0x6a,0xe4,0x69,0xe4,0x69,0xe4,0x69,0xe4,0x69,0xe4,0x69,0xe4,0x69,0xe4,0x69,
    0xc4,0x69,0xc4,0x61,0xa3,0x61,0xa3,0x61,0xa3,0x61,0xa3,0x61,0x83,0x61,0xa3,0x61,
    0xa3,0x61,0xa3,0x61,0xa3,0x61,0xc4,0x69,0xc4,0x61,0xc4,0x61,0xa4,0x61,0xa4,0x61,
    0xa4,0x59,0xa4,0x59,0xa4,0x59,0xa4,0x59,0xa4,0x59,0xa4,0x59,0xa4,0x59,0x84,0x59,
    0x84,0x59,0x83,0x51,0x83,0x59,0x84,0x59,0x83,0x51,0x83,0x51,0x63,0x51,0x63,0x51,
    0x63,0x51,0x63,0x51,0x63,0x51,0x84,0x51,0x06,0x62,0x88,0x72,0xa8,0x72,0x08,0x83,
    0x69,0x8b,0x89,0x93,0x89,0x93,0xaa,0x93,0x89,0x93,0xaa,0x93,0xaa,0x93,0x69,0x93,
    0x69,0x8b,0x09,0x83,0x05,0x62,0x22,0x49,0xe1,0x40,0xe1,0x40,0x01,0x41,0x02,0x41,
    0x02,0x41,0x23,0x41,0x23,0x41,0x23,0x41,0x22,0x41,0x22,0x49,0xa4,0x51,0x47,0x6a,
    0x29,0x83,0x89,0x93,0xca,0x9b,0xea,0xa3,0x0a,0xa4,0x2a,0xa4,0x4b,0xac,0x4a,0xac,
    0x4a,0xa4,0x6a,0xa4,0x4a,0xa4,0x2a,0x9c,0xe9,0x9b,0xe6,0x82,0x82,0x59,0x21,0x49,
    0x42,0x49,0x22,0x41,0x22,0x41,0x02,0x41,0x02,0x41,0x01,0x41,0x01,0x41,0x01,0x41,
    0xe1,0x40,0xe1,0x40,0xe1,0x40,0x01,0x41,0x01,0x41,0x01,0x41,0x01,0x41,0x01,0x41,
    0x42,0x49,0x63,0x51,0x42,0x49,0x62,0x49,0x83,0x51,0xe5,0x61,0x46,0x6a,0xa7,0x72,
    0x09,0x83,0x29,0x8b,0x4a,0x8b,0x69,0x8b,0x6a,0x8b,0x6a,0x8b,0x8a,0x93,0xab,0x93,
    0x8a,0x8b,0x6a,0x8b,0x6a,0x8b,0x6a,0x8b,0x8a,0x8b,0x8a,0x8b,0x8a,0x93,0x8a,0x8b,
    0x8a,0x93,0xaa,0x93,0xab,0x93,0xab,0x93,0xab,0x93,0xaa,0x93,0xca,0x93,0xca,0x93,
    0xaa,0x93,0xaa,0x8b,0xab,0x93,0xab,0x8b,0xab,0x8b,0xcb,0x8b,0xcb,0x8b,0xcb,0x8b,
    0xcb,0x8b,0xcb,0x8b,0xcb,0x8b,0xcb,0x8b,0xaa,0x8b,0xab,0x8b,0xab,0x93,0xab,0x93,
    0xab,0x93,0xab,0x93,0x8b,0x8b,0x8a,0x8b,0x6a,0x8b,0x6a,0x8b,0x6a,0x8b,0x6a,0x8b,
    0x6a,0x8b,0x6a,0x8b,0x6a,0x8b,0x6a,0x8b,0x8a,0x8b,0x8a,0x8b,0x8a,0x8b,0x8a,0x8b,
    0x6a,0x8b,0x6a,0x8b,0x6a,0x8b,0x69,0x83,0x49,0x83,0x49,0x83,0x49,0x8b,0x49,0x8b,
    0x49,0x8b,0x49,0x8b,0x49,0x8b,0x49,0x83,0x49,0x83,0x49,0x83,0x49,0x83,0x69,0x83,
    0x69,0x8b,0x69,0x8b,0x69,0x8b,0x69,0x8b,0x69,0x8b,0x69,0x8b,0x69,0x8b,0x69,0x8b,
    0x69,0x8b,0x69,0x8b,0x69,0x8b,0x69,0x83,0x49,0x83,0x49,0x83,0x49,0x83,0x49,0x83,
    0x49,0x83,0x49,0x83,0x49,0x83,0x69,0x83,0x69,0x8b,0x6a,0x8b,0x69,0x83,0x49,0x83,
    0x49,0x83,0x49,0x83,0x69,0x83,0x69,0x83,0x69,0x83,0x69,0x83,0x69,0x83,0x69,0x83,
    0x69,0x83,0x69,0x83,0x69,0x83,0x69,0x83,0x69,0x83,0x69,0x83,0x49,0x83,0x49,0x83,
    0x49,0x83,0xa9,0x93,0xac,0xbc,0xac,0xbc,0xcc,0xbc,0xcc,0xbc,0xcc,0xbc,0xcc,0xbc,
    0xcc,0xbc,0xcc,0xbc,0xcc,0xbc,0xcc,0xbc,0xcc,0xbc,0xcc,0xbc,0xcc,0xbc,0xcc,0xbc,
    0xcc,0xbc,0xcc,0xbc,0xcc,0xbc,0xcc,0xbc,0xcc,0xbc,0xcc,0xbc,0xcc,0xbc,0xcc,0xbc,
    0xcc,0xbc,0xcc,0xbc,0xcc,0xbc,0xcd,0xbc,0x2b,0xb4,0x44,0x7a,0x25,0x7a,0x04,0x72,
    0x04,0x72,0x04,0x72,0x04,0x72,0x05,0x72,0x04,0x72,0xe4,0x71,0xe4,0x71,0x04,0x72,
    0x04,0x72,0x04,0x72,0x05,0x72,0x25,0x72,0x04,0x72,0x04,0x72,0xe4,0x69,0xe4,0x69,
    0xe4,0x69,0xe4,0x69,0x04,0x6a,0x04,0x6a,0xe4,0x69,0xe4,0x69,0x04,0x6a,0x04,0x72,
    0x24,0x72,0x04,0x72,0x04,0x6a,0x04,0x6a,0x04,0x6a,0x04,0x6a,0x03,0x6a,0xe3,0x69,
    0xe3,0x69,0xe3,0x69,0xe3,0x69,0xe3,0x69,0xe3,0x69,0xe4,0x69,0xe4,0x69,0xe4,0x69,
    0xe4,0x69,0xe4,0x69,0xe4,0x69,0xe4,0x69,0xe4,0x69,0x04,0x6a,0x04,0x6a,0x04,0x6a,
    0x04,0x6a,0x04,0x72,0x04,0x6a,0xe4,0x69,0xe4,0x69,0x04,0x6a,0x04,0x6a,0x04,0x72,
    0x05,0x72,0x05,0x72,0x04,0x72,0x04,0x6a,0x05,0x72,0x05,0x72,0x05,0x72,0x05,0x72,
    0x04,0x6a,0xe4,0x69,0xe4,0x69,0xe4,0x69,0xe4,0x69,0xe4,0x69,0xe4,0x69,0xc4,0x69,
    0xc4,0x61,0xc4,0x61,0xc4,0x61,0xa3,0x61,0xa3,0x61,0xa3,0x61,0xa3,0x61,0xa3,0x61,
    0xa3,0x61,0xa3,0x61,0xa3,0x61,0xc4,0x61,0xa4,0x61,0xa4,0x61,0xa3,0x59,0x83,0x59,
    0x83,0x59,0x84,0x59,0x83,0x59,0x83,0x59,0x83,0x59,0x83,0x59,0x83,0x59,0x83,0x51,
    0x83,0x51,0x83,0x51,0x83,0x51,0x83,0x51,0x83,0x51,0x83,0x51,0x63,0x51,0x63,0x51,
    0x63,0x51,0x63,0x51,0x63,0x51,0x43,0x49,0x84,0x51,0x06,0x62,0x47,0x6a,0x67,0x72,
    0xe8,0x82,0x29,0x8b,0x08,0x83,0x49,0x8b,0xc7,0x7a,0xa7,0x7a,0xc7,0x7a,0xa7,0x7a,
    0xa7,0x7a,0xe4,0x61,0x01,0x49,0x01,0x41,0x22,0x49,0x01,0x41,0x02,0x41,0x22,0x41,
    0x42,0x49,0x43,0x41,0x43,0x49,0x63,0x49,0x63,0x49,0x63,0x49,0x05,0x62,0x09,0x83,
    0x6a,0x93,0xa9,0x93,0xca,0x9b,0xea,0x9b,0x0a,0xa4,0x4b,0xac,0x4b,0xac,0x4a,0xac,
    0x4b,0xa4,0x6b,0xa4,0x4b,0xa4,0x0a,0x9c,0xe9,0x9b,0xe6,0x7a,0x82,0x51,0x83,0x51,
    0x63,0x49,0x43,0x41,0x43,0x41,0x43,0x41,0x23,0x41,0x42,0x41,0x42,0x41,0x22,0x41,
    0x22,0x49,0x22,0x49,0x01,0x41,0x22,0x41,0x22,0x49,0x22,0x41,0x22,0x41,0x01,0x41,
    0x01,0x41,0xe1,0x40,0xe0,0x40,0xc0,0x38,0xc0,0x38,0xe0,0x38,0xe1,0x40,0x42,0x49,
    0x83,0x51,0xc4,0x59,0x04,0x62,0x25,0x62,0x45,0x6a,0xa7,0x72,0xe8,0x7a,0xe8,0x7a,
    0x29,0x83,0x49,0x83,0x49,0x8b,0x49,0x8b,0x6a,0x8b,0x6a,0x8b,0x6a,0x8b,0x69,0x8b,
    0x49,0x8b,0x6a,0x8b,0x6a,0x8b,0x6a,0x8b,0x8a,0x8b,0x8a,0x93,0x89,0x8b,0x89,0x8b,
    0x8a,0x8b,0xaa,0x8b,0xec,0x93,0xcc,0x8b,0xec,0x93,0xec,0x8b,0xcb,0x83,0xcc,0x8b,
    0xec,0x8b,0xeb,0x8b,0xec,0x93,0xeb,0x93,0xcb,0x93,0xab,0x8b,0xab,0x93,0xcb,0x93,
    0xcb,0x93,0xab,0x93,0xab,0x8b,0x8b,0x8b,0x8a,0x8b,0x8a,0x8b,0x8a,0x8b,0x8a,0x8b,
    0x6a,0x8b,0x6a,0x8b,0x6a,0x8b,0x6a,0x8b,0x8a,0x8b,0x6a,0x8b,0x6a,0x8b,0x6a,0x8b,
    0x6a,0x8b,0x6a,0x8b,0x6a,0x8b,0x6a,0x8b,0x49,0x83,0x49,0x83,0x69,0x83,0x6a,0x8b,
    0x6a,0x8b,0x6a,0x8b,0x6a,0x8b,0x69,0x8b,0x49,0x83,0x69,0x83,0x69,0x83,0x69,0x8b,
    0x6a,0x8b,0x6a,0x8b,0x6a,0x8b,0x6a,0x8b,0x6a,0x8b,0x69,0x8b,0x69,0x83,0x6a,0x8b,
    0x6a,0x8b,0x6a,0x8b,0x6a,0x8b,0x69,0x83,0x49,0x83,0x49,0x83,0x49,0x83,0x49,0x83,
    0x49,0x83,0x49,0x83,0x69,0x83,0x69,0x83,0x69,0x83,0x69,0x83,0x69,0x83,0x69,0x83,
    0x69,0x83,0x69,0x83,0x49,0x83,0x69,0x83,0x69,0x83,0x69,0x83,0x69,0x83,0x69,0x83,
    0x69,0x83,0x49,0x83,0x69,0x83,0x69,0x83,0x69,0x83,0x69,0x83,0x49,0x83,0x49,0x83,
    0x49,0x83,0xa9,0x93,0xac,0xbc,0xac,0xbc,0xcc,0xbc,0xcc,0xbc,0xcc,0xbc,0xcc,0xbc,
    0xcc,0xbc,0xcc,0xbc,0xcc,0xbc,0xcc,0xbc,0xcc,0xbc,0xcc,0xbc,0xcc,0xbc,0xcc,0xbc,
    0xcc,0xbc,0xcc,0xbc,0xcc,0xbc,0xcc,0xbc,0xcc,0xbc,0xcc,0xbc,0xcc,0xbc,0xcc,0xbc,
    0xcc,0xbc,0xcc,0xbc,0xcc,0xbc,0xed,0xc4,0x2b,0xb4,0x24,0x72,0x05,0x7a,0x04,0x72,
    0x04,0x72,0x04,0x72,0x04,0x72,0x04,0x72,0x04,0x72,0x04,0x72,0x04,0x72,0x04,0x72,
    0x04,0x72,0x04,0x72,0x25,0x72,0x25,0x7a,0x05,0x72,0x04,0x72,0xe4,0x71,0xe4,0x69,
    0xe4,0x69,0xe4,0x69,0x04,0x72,0x04,0x72,0x04,0x6a,0x04,0x6a,0x04,0x6a,0x04,0x72,
    0x24,0x72,0x24,0x72,0x04,0x6a,0x04,0x6a,0x04,0x6a,0x04,0x72,0x24,0x72,0x04,0x72,
    0x04,0x72,0x03,0x6a,0xe3,0x69,0xe3,0x69,0xe3,0x69,0xe4,0x69,0xe4,0x69,0xe4,0x69,
    0xe4,0x69,0x04,0x6a,0x04,0x6a,0x04,0x6a,0x04,0x6a,0x04,0x6a,0x04,0x6a,0x04,0x6a,
    0x04,0x6a,0x04,0x6a,0xe4,0x69,0xe4,0x69,0xe4,0x69,0x04,0x6a,0x04,0x6a,0x04,0x72,
    0x05,0x72,0x05,0x72,0x04,0x72,0x04,0x6a,0x05,0x72,0x05,0x72,0x05,0x72,0x05,0x72,
    0x04,0x6a,0xe4,0x69,0xe4,0x69,0xe4,0x69,0xe4,0x69,0xc4,0x69,0xc4,0x69,0xc4,0x61,
    0xc4,0x61,0xc4,0x61,0xa3,0x61,0xa3,0x61,0xa3,0x61,0xa3,0x61,0xc4,0x61,0xc4,0x61,
    0xa3,0x61,0xa3,0x61,0xa3,0x61,0xa3,0x61,0xa3,0x61,0xa3,0x59,0x83,0x59,0x83,0x59,
    0x83,0x59,0x84,0x59,0x83,0x51,0x63,0x51,0x63,0x51,0x63,0x51,0x63,0x51,0x83,0x51,
    0x83,0x51,0x83,0x51,0x83,0x51,0x83,0x51,0x83,0x51,0x63,0x51,0x63,0x51,0x63,0x51,
    0x63,0x51,0x63,0x51,0x63,0x51,0x42,0x49,0x43,0x49,0x43,0x51,0x63,0x51,0xa4,0x59,
    0x25,0x6a,0x66,0x72,0x45,0x6a,0x25,0x62,0x83,0x51,0x62,0x51,0xa3,0x59,0xc3,0x59,
    0x83,0x51,0x22,0x49,0x23,0x51,0x02,0x49,0x02,0x49,0x22,0x49,0x22,0x49,0x22,0x49,
    0x42,0x49,0x43,0x49,0x43,0x49,0x43,0x49,0x63,0x49,0xe5,0x59,0x87,0x72,0x4a,0x8b,
    0x8b,0x93,0xaa,0x9b,0xca,0x9b,0x0a,0xa4,0x2b,0xa4,0x4b,0xac,0x4b,0xac,0x2a,0xa4,
    0x4b,0xac,0x6c,0xac,0x4b,0xac,0x2b,0xa4,0x0b,0x9c,0x08,0x7b,0xc3,0x51,0x83,0x49,
    0x22,0x39,0x23,0x39,0x23,0x39,0x23,0x39,0x23,0x39,0x23,0x39,0x23,0x39,0x22,0x41,
    0x42,0x49,0x42,0x49,0x42,0x49,0x42,0x49,0x63,0x49,0x42,0x49,0x42,0x49,0x42,0x49,
    0x42,0x49,0x42,0x49,0x22,0x49,0x22,0x49,0x21,0x49,0x01,0x41,0x01,0x41,0x21,0x49,
    0x21,0x49,0x21,0x49,0x21,0x49,0xe0,0x40,0x00,0x41,0x21,0x49,0x42,0x49,0xa3,0x51,
    0xe4,0x59,0x04,0x62,0x25,0x62,0x66,0x6a,0xa7,0x72,0xe8,0x7a,0x29,0x83,0x49,0x8b,
    0x69,0x8b,0x29,0x83,0x29,0x83,0x49,0x83,0x49,0x8b,0x49,0x8b,0x69,0x8b,0x49,0x83,
    0x6a,0x83,0xe8,0x72,0xe5,0x51,0xa4,0x49,0xe5,0x49,0x2a,0x73,0x0a,0x6b,0xe5,0x49,
    0xc4,0x49,0x05,0x52,0x4a,0x7b,0xcb,0x93,0xab,0x8b,0x8b,0x8b,0x8b,0x8b,0x8b,0x8b,
    0xab,0x8b,0xab,0x93,0xab,0x93,0xab,0x93,0xab,0x8b,0x8a,0x8b,0x8a,0x8b,0x8a,0x8b,
    0x8a,0x8b,0x6a,0x8b,0x6a,0x8b,0x8a,0x8b,0x8a,0x8b,0x8a,0x8b,0x6a,0x8b,0x6a,0x8b,
    0x49,0x83,0x49,0x83,0x49,0x83,0x49,0x83,0x6a,0x83,0x6a,0x8b,0x6a,0x8b,0x8a,0x8b,
    0x8a,0x8b,0x8a,0x8b,0x8a,0x8b,0x6a,0x8b,0x69,0x8b,0x6a,0x8b,0x6a,0x8b,0x6a,0x8b,
    0x6a,0x8b,0x6a,0x8b,0x6a,0x8b,0x8a,0x8b,0x8a,0x8b,0x8a,0x8b,0x6a,0x8b,0x6a,0x8b,
    0x6a,0x8b,0x6a,0x8b,0x6a,0x8b,0x6a,0x8b,0x69,0x83,0x49,0x83,0x49,0x83,0x49,0x83,
    0x69,0x83,0x69,0x8b,0x69,0x83,0x49,0x83,0x49,0x83,0x49,0x83,0x69,0x83,0x69,0x83,
    0x69,0x83,0x69,0x83,0x69,0x83,0x69,0x83,0x69,0x83,0x69,0x83,0x69,0x83,0x69,0x83,
    0x69,0x83,0x49,0x83,0x69,0x83,0x69,0x83,0x69,0x83,0x69,0x83,0x49,0x83,0x49,0x83,
    0x49,0x83,0xa9,0x93,0xac,0xbc,0xac,0xbc,0xcc,0xbc,0xcc,0xbc,0xcc,0xbc,0xcc,0xbc,
    0xcc,0xbc,0xcc,0xbc,0xcc,0xbc,0xcc,0xbc,0xcc,0xbc,0xcc,0xbc,0xcc,0xbc,0xcc,0xbc,
    0xcc,0xbc,0xcc,0xbc,0xcc,0xbc,0xcc,0xbc,0xcc,0xbc,0xcc,0xbc,0xcc,0xbc,0xcc,0xbc,
    0xcc,0xbc,0xcc,0xbc,0xcc,0xbc,0xed,0xc4,0x2b,0xb4,0x04,0x72,0xe4,0x71,0x04,0x72,
    0x04,0x72,0xe4,0x71,0xe4,0x71,0x04,0x72,0x04,0x72,0x25,0x72,0x25,0x7a,0x25,0x7a,
    0x25,0x7a,0x25,0x7a,0x25,0x7a,0x25,0x7a,0x25,0x72,0x05,0x72,0x04,0x72,0x04,0x72,
    0x04,0x72,0x04,0x72,0x04,0x72,0x04,0x72,0x04,0x72,0x04,0x72,0x04,0x72,0x24,0x72,
    0x24,0x72,0x24,0x72,0x04,0x6a,0x04,0x6a,0x04,0x6a,0x04,0x72,0x04,0x72,0x04,0x72,
    0x04,0x6a,0x03,0x6a,0x03,0x6a,0x03,0x6a,0x03,0x6a,0x04,0x6a,0x04,0x6a,0x04,0x6a,
    0x04,0x6a,0x04,0x72,0x04,0x72,0x04,0x72,0x04,0x72,0x04,0x6a,0x04,0x6a,0x04,0x6a,
    0x04,0x6a,0xe4,0x69,0xe4,0x69,0xe4,0x69,0xe4,0x69,0x04,0x6a,0x04,0x6a,0x04,0x72,
    0x05,0x72,0x05,0x72,0x04,0x72,0x04,0x6a,0xe4,0x71,0xe4,0x71,0x04,0x72,0x04,0x72,
    0x04,0x6a,0xe4,0x69,0xe4,0x69,0xe4,0x69,0xc4,0x69,0xc4,0x61,0xc4,0x61,0xc4,0x61,
    0xa3,0x61,0xa3,0x61,0xa3,0x61,0xa3,0x61,0xa3,0x61,0xc3,0x61,0xc4,0x61,0xc4,0x61,
    0xc4,0x61,0xc4,0x61,0xa3,0x61,0xa3,0x61,0x83,0x59,0x83,0x59,0x83,0x59,0x83,0x59,
    0x83,0x59,0x84,0x59,0x83,0x51,0x63,0x51,0x63,0x51,0x63,0x51,0x63,0x51,0x63,0x51,
    0x63,0x51,0x63,0x51,0x83,0x51,0x83,0x51,0x63,0x51,0x63,0x51,0x63,0x51,0x63,0x51,
    0x63,0x51,0x63,0x51,0x63,0x51,0x43,0x49,0x23,0x49,0x03,0x49,0x02,0x49,0x02,0x41,
    0x22,0x49,0x62,0x51,0x42,0x49,0x42,0x49,0x21,0x49,0x21,0x49,0x62,0x51,0x62,0x51,
    0x62,0x51,0x43,0x51,0x84,0x59,0x43,0x51,0x43,0x49,0x43,0x51,0x42,0x49,0x42,0x49,
    0x22,0x49,0x22,0x41,0x42,0x49,0x43,0x49,0x63,0x51,0x05,0x62,0xc8,0x7a,0x4a,0x8b,
    0x8a,0x93,0x89,0x93,0xaa,0x9b,0xea,0x9b,0x0a,0xa4,0x2a,0xa4,0x4b,0xac,0x6b,0xac,
    0x2c,0xac,0x2c,0xac,0x2c,0xac,0x0b,0xa4,0xeb,0x9b,0xa7,0x6a,0x21,0x39,0x02,0x31,
    0x23,0x31,0x23,0x31,0x04,0x31,0x04,0x31,0x24,0x39,0x24,0x39,0x44,0x39,0x02,0x39,
    0x01,0x41,0x63,0x49,0x63,0x51,0x83,0x51,0xa4,0x51,0x83,0x51,0x83,0x51,0x83,0x51,
    0x83,0x51,0x83,0x51,0x63,0x51,0x63,0x51,0x63,0x51,0x63,0x51,0x62,0x51,0x63,0x51,
    0x62,0x51,0x42,0x49,0x42,0x49,0x21,0x49,0x00,0x41,0x00,0x41,0x41,0x49,0x21,0x49,
    0x00,0x41,0x21,0x41,0x41,0x49,0x62,0x49,0x83,0x51,0xa3,0x59,0xe4,0x59,0x25,0x62,
    0x45,0x6a,0x86,0x72,0xc7,0x7a,0xe8,0x7a,0xe8,0x82,0x08,0x83,0x29,0x83,0x29,0x83,
    0x6a,0x8b,0x67,0x62,0xcd,0x8b,0x54,0xbd,0xd2,0xa4,0x07,0x4a,0xc5,0x41,0x2f,0x94,
    0x94,0xbd,0x8f,0xa4,0x6b,0x83,0x8b,0x8b,0x8b,0x8b,0x6a,0x8b,0x6a,0x8b,0x6b,0x8b,
    0x8b,0x8b,0x8b,0x8b,0x8b,0x8b,0xab,0x8b,0xab,0x8b,0x8a,0x8b,0x8a,0x8b,0x8a,0x8b,
    0x8a,0x8b,0x6a,0x8b,0x8a,0x8b,0x8a,0x8b,0x8a,0x8b,0x8a,0x8b,0x8a,0x8b,0x8a,0x8b,
    0x6a,0x8b,0x6a,0x8b,0x6a,0x8b,0x6a,0x8b,0x8a,0x8b,0x8a,0x8b,0x8a,0x8b,0x8a,0x8b,
    0x8a,0x8b,0x8a,0x8b,0x8a,0x8b,0x8a,0x8b,0x8a,0x8b,0x8a,0x8b,0x8a,0x8b,0x8a,0x8b,
    0x8a,0x8b,0x8a,0x8b,0x8a,0x8b,0x8a,0x8b,0x8a,0x8b,0x8a,0x8b,0x8a,0x8b,0x8a,0x8b,
    0x8a,0x8b,0x8a,0x8b,0x8a,0x8b,0x8a,0x8b,0x6a,0x8b,0x69,0x8b,0x69,0x83,0x69,0x8b,
    0x6a,0x8b,0x6a,0x8b,0x69,0x8b,0x49,0x83,0x49,0x83,0x49,0x83,0x69,0x83,0x69,0x83,
    0x69,0x83,0x69,0x83,0x69,0x83,0x69,0x83,0x69,0x83,0x69,0x83,0x69,0x83,0x69,0x83,
    0x69,0x83,0x49,0x83,0x69,0x83,0x69,0x83,0x69,0x83,0x69,0x83,0x49,0x83,0x49,0x83,
    0x49,0x83,0xa9,0x93,0xac,0xbc,0xac,0xbc,0xcc,0xbc,0xcc,0xbc,0xcc,0xbc,0xcc,0xbc,
    0xcc,0xbc,0xcc,0xbc,0xcc,0xbc,0xcc,0xbc,0xcc,0xbc,0xcc,0xbc,0xcc,0xbc,0xcc,0xbc,
    0xcc,0xbc,0xcc,0xbc,0xcc,0xbc,0xcc,0xbc,0xcc,0xbc,0xcc,0xbc,0xcc,0xbc,0xcc,0xbc,
    0xcc,0xbc,0xcc,0xbc,0xcc,0xbc,0xed,0xc4,0x2b,0xb4,0x03,0x72,0x04,0x72,0x04,0x72,
    0x04,0x72,0xe4,0x71,0x04,0x72,0x04,0x72,0x04,0x72,0x24,0x72,0x25,0x72,0x25,0x72,
    0x25,0x72,0x05,0x72,0x25,0x72,0x25,0x72,0x05,0x72,0x05,0x72,0x04,0x72,0x04,0x72,
    0x25,0x72,0x25,0x72,0x45,0x72,0x25,0x72,0x04,0x72,0x04,0x72,0x04,0x72,0x04,0x72,
    0x24,0x72,0x24,0x72,0x04,0x6a,0x04,0x6a,0x04,0x6a,0x04,0x72,0x04,0x72,0x04,0x6a,
    0xe3,0x69,0xe3,0x69,0xe4,0x69,0xe4,0x69,0xe4,0x69,0x04,0x72,0x04,0x72,0x04,0x72,
    0x04,0x72,0x04,0x72,0x04,0x72,0x04,0x72,0x04,0x72,0x04,0x6a,0x04,0x6a,0x04,0x6a,
    0x04,0x6a,0x04,0x6a,0xe4,0x69,0xe4,0x69,0xe4,0x69,0x04,0x6a,0x04,0x6a,0x04,0x72,
    0x04,0x6a,0x04,0x6a,0xe4,0x69,0xe4,0x69,0xe4,0x71,0xe4,0x71,0xe4,0x71,0xe4,0x71,
    0xe4,0x69,0xe4,0x69,0xe4,0x69,0xc4,0x69,0xc4,0x69,0xa4,0x61,0xa4,0x61,0xa4,0x61,
    0xa3,0x61,0xa3,0x61,0x83,0x61,0xa4,0x61,0xc4,0x61,0xc4,0x69,0xc4,0x69,0xc4,0x69,
    0xc4,0x61,0xa3,0x61,0xa3,0x61,0x83,0x61,0x83,0x61,0x83,0x59,0x83,0x59,0x84,0x59,
    0x83,0x59,0x83,0x59,0x83,0x59,0x83,0x51,0x83,0x51,0x83,0x51,0x83,0x51,0x63,0x51,
    0x63,0x51,0x63,0x51,0x83,0x51,0x63,0x51,0x63,0x51,0x63,0x51,0x63,0x51,0x63,0x51,
    0x63,0x51,0x63,0x51,0x63,0x51,0x43,0x51,0x43,0x51,0x23,0x49,0x03,0x49,0x02,0x49,
    0x43,0x49,0x22,0x49,0x22,0x41,0x22,0x49,0x22,0x49,0x42,0x51,0x63,0x51,0x42,0x51,
    0x83,0x59,0x64,0x59,0x64,0x59,0x43,0x51,0x43,0x51,0x43,0x51,0x42,0x49,0x22,0x49,
    0x22,0x49,0x42,0x41,0x42,0x41,0x22,0x41,0x42,0x49,0xe4,0x61,0xc8,0x7a,0x29,0x8b,
    0x49,0x8b,0x68,0x93,0x89,0x93,0xca,0x9b,0xea,0x9b,0x0a,0x9c,0x4b,0xac,0x6c,0xb4,
    0x2b,0xac,0x0b,0xac,0x0b,0xa4,0x0c,0xa4,0x49,0x7b,0xa4,0x41,0xac,0x7b,0x57,0xd6,
    0x1b,0xef,0x1b,0xef,0xfb,0xe6,0xfb,0xee,0xfb,0xee,0xfb,0xe6,0x3c,0xef,0x53,0xbd,
    0x01,0x41,0xa4,0x51,0xa4,0x51,0xa4,0x51,0xa4,0x59,0xa4,0x59,0xc4,0x59,0xa4,0x59,
    0xa4,0x59,0x84,0x59,0xa4,0x59,0xa4,0x59,0xa4,0x59,0x83,0x59,0x83,0x59,0x83,0x51,
    0x83,0x51,0x83,0x51,0x83,0x51,0x62,0x51,0x42,0x49,0x42,0x49,0x42,0x49,0x42,0x49,
    0x62,0x51,0x42,0x49,0x42,0x49,0x21,0x49,0x21,0x49,0x21,0x49,0x21,0x49,0x01,0x41,
    0x01,0x41,0x42,0x49,0xa3,0x51,0xa3,0x59,0xa3,0x59,0xc3,0x59,0x05,0x62,0x67,0x6a,
    0x09,0x7b,0x27,0x5a,0x94,0xc5,0xff,0xff,0xbe,0xff,0x0f,0x8c,0x2f,0x8c,0xbd,0xff,
    0xff,0xff,0x94,0xbd,0x67,0x5a,0xac,0x8b,0x4a,0x83,0x4a,0x83,0x4a,0x83,0x4a,0x83,
    0x4a,0x8b,0x4a,0x83,0x6a,0x8b,0x6b,0x8b,0x8b,0x8b,0x8a,0x8b,0x8a,0x8b,0x8a,0x8b,
    0x8a,0x8b,0xab,0x93,0xaa,0x8b,0x8a,0x8b,0x8a,0x8b,0x8a,0x8b,0x8a,0x8b,0x8a,0x8b,
    0x8a,0x8b,0x8a,0x8b,0x8a,0x8b,0x8a,0x8b,0x8a,0x8b,0xaa,0x8b,0xaa,0x8b,0x8a,0x8b,
    0x8a,0x8b,0x8a,0x8b,0x8a,0x8b,0x8a,0x8b,0x8a,0x8b,0x8a,0x8b,0x8a,0x8b,0x8a,0x8b,
    0x8a,0x8b,0x8a,0x8b,0x8a,0x8b,0x8a,0x8b,0x8a,0x8b,0x8a,0x8b,0x8a,0x8b,0x8a,0x8b,
    0x8a,0x8b,0x8a,0x8b,0x8a,0x8b,0x8a,0x8b,0x8a,0x8b,0x6a,0x8b,0x6a,0x8b,0x8a,0x8b,
    0x8a,0x8b,0x8a,0x8b,0x8a,0x8b,0x69,0x8b,0x69,0x8b,0x69,0x8b,0x69,0x8b,0x69,0x83,
    0x69,0x83,0x69,0x83,0x49,0x83,0x49,0x83,0x49,0x83,0x49,0x83,0x49,0x83,0x49,0x83,
    0x49,0x83,0x49,0x83,0x49,0x83,0x49,0x83,0x49,0x83,0x49,0x83,0x49,0x83,0x49,0x83,
    0x49,0x83,0xa9,0x93,0xac,0xbc,0xcc,0xbc,0xcc,0xbc,0xcc,0xbc,0xcc,0xbc,0xcc,0xbc,
    0xcc,0xbc,0xcc,0xbc,0xcc,0xbc,0xcc,0xbc,0xcc,0xbc,0xcc,0xbc,0xcc,0xbc,0xcc,0xbc,
    0xcc,0xbc,0xcc,0xbc,0xcc,0xbc,0xcc,0xbc,0xcc,0xbc,0xcc,0xbc,0xcc,0xbc,0xcc,0xbc,
    0xcc,0xbc,0xcc,0xbc,0xcc,0xbc,0xec,0xbc,0x4b,0xb4,0x03,0x72,0x04,0x7a,0x04,0x72,
    0x04,0x6a,0x04,0x6a,0x04,0x6a,0x03,0x6a,0x03,0x6a,0x03,0x6a,0xe4,0x69,0x04,0x6a,
    0x04,0x6a,0x04,0x72,0xe4,0x69,0xe4,0x69,0xe4,0x69,0x04,0x6a,0xe4,0x69,0x04,0x72,
    0x25,0x72,0x25,0x72,0x45,0x7a,0x25,0x72,0x25,0x72,0x04,0x72,0x24,0x72,0x24,0x72,
    0x24,0x72,0x24,0x72,0x24,0x72,0x24,0x72,0x24,0x72,0x24,0x72,0x24,0x72,0x04,0x72,
    0x04,0x72,0xe4,0x69,0xe4,0x69,0xe4,0x69,0xe4,0x69,0x04,0x6a,0x04,0x6a,0x04,0x6a,
    0x04,0x6a,0x04,0x72,0x04,0x72,0x04,0x72,0x04,0x72,0xe4,0x69,0x04,0x6a,0x04,0x72,
    0x04,0x72,0x04,0x72,0x04,0x6a,0xe4,0x69,0xe4,0x69,0x04,0x6a,0x04,0x6a,0x04,0x6a,
    0xe4,0x69,0xe4,0x69,0xe4,0x69,0xe4,0x69,0xe4,0x69,0xe4,0x69,0x04,0x6a,0x04,0x6a,
    0xe4,0x69,0xc4,0x69,0xc3,0x69,0xa3,0x69,0xa3,0x69,0x83,0x61,0x84,0x59,0xc4,0x61,
    0xc4,0x61,0xe5,0x69,0xc4,0x61,0x05,0x6a,0xe6,0x69,0xa5,0x69,0xa4,0x69,0xa4,0x69,
    0xe4,0x61,0xa3,0x61,0xc3,0x61,0xc3,0x61,0xa3,0x61,0x83,0x59,0x63,0x59,0x84,0x59,
    0x84,0x59,0xc4,0x61,0xc4,0x59,0xa4,0x59,0xa4,0x59,0xa4,0x59,0xa4,0x59,0xa4,0x59,
    0xa4,0x59,0xa4,0x59,0xa4,0x59,0x84,0x51,0x84,0x59,0x42,0x51,0x63,0x51,0xa4,0x59,
    0x84,0x51,0x84,0x49,0x64,0x51,0x43,0x51,0x23,0x51,0x23,0x51,0x23,0x51,0x44,0x51,
    0x64,0x51,0x64,0x49,0x85,0x51,0x44,0x49,0x64,0x51,0x63,0x51,0x63,0x51,0x63,0x51,
    0x63,0x51,0x85,0x59,0x85,0x59,0x85,0x59,0x64,0x51,0x64,0x51,0x63,0x51,0x63,0x49,
    0x42,0x49,0x83,0x49,0x62,0x41,0x42,0x41,0x62,0x49,0xc4,0x59,0xc7,0x7a,0x09,0x83,
    0x28,0x8b,0x89,0x93,0xca,0x9b,0xeb,0x9b,0x0b,0x9c,0x2c,0xa4,0x6c,0xac,0xad,0xb4,
    0x2b,0xac,0xea,0xa3,0xea,0xa3,0xaa,0x93,0x46,0x52,0xd1,0x9c,0xde,0xf7,0xff,0xff,
    0xff,0xff,0xff,0xff,0xff,0xff,0xff,0xff,0xff,0xff,0xff,0xff,0xff,0xff,0x17,0xce,
    0xc1,0x30,0xa5,0x51,0xc5,0x51,0xc5,0x59,0xe5,0x59,0xe5,0x59,0xe5,0x61,0xe5,0x61,
    0xe5,0x61,0xe5,0x61,0xe5,0x61,0xa4,0x59,0xc5,0x61,0xa4,0x59,0xa4,0x59,0xe5,0x61,
    0xe5,0x61,0xe5,0x59,0xe5,0x59,0xc5,0x59,0xc5,0x59,0xc5,0x59,0xa4,0x51,0xa3,0x59,
    0xa3,0x59,0x83,0x51,0x63,0x51,0x42,0x49,0x42,0x49,0x63,0x51,0x83,0x51,0x43,0x49,
    0x63,0x49,0x63,0x51,0x42,0x49,0x21,0x49,0x21,0x49,0x01,0x41,0x42,0x41,0x63,0x49,
    0xe5,0x49,0xa5,0x41,0xad,0x7b,0x7e,0xff,0xff,0xff,0xff,0xff,0xff,0xff,0xff,0xff,
    0xde,0xff,0x50,0x8c,0x68,0x5a,0x6c,0x83,0x6b,0x83,0x4b,0x83,0x4a,0x83,0x4b,0x8b,
    0x4a,0x8b,0x2a,0x8b,0x2a,0x8b,0x4a,0x8b,0x4a,0x83,0x49,0x83,0x49,0x83,0x49,0x83,
    0x6a,0x83,0x8a,0x8b,0x6a,0x8b,0x69,0x83,0x6a,0x8b,0x8a,0x8b,0x8a,0x8b,0x8a,0x8b,
    0x8a,0x8b,0x8a,0x8b,0x8a,0x8b,0x8a,0x8b,0x8a,0x8b,0xab,0x93,0xab,0x8b,0x8a,0x8b,
    0xaa,0x8b,0xaa,0x8b,0xaa,0x8b,0xaa,0x8b,0x8a,0x8b,0x8a,0x8b,0x8a,0x8b,0x8a,0x8b,
    0x8a,0x8b,0x8a,0x8b,0x8a,0x8b,0xaa,0x8b,0x8a,0x8b,0x8a,0x8b,0xaa,0x8b,0xab,0x8b,
    0xaa,0x8b,0xaa,0x8b,0x8a,0x8b,0xaa,0x8b,0x8a,0x8b,0x8a,0x8b,0x8a,0x8b,0x8a,0x8b,
    0x8a,0x8b,0x8a,0x8b,0x8a,0x8b,0x6a,0x8b,0x6a,0x8b,0x6a,0x8b,0x69,0x8b,0x69,0x83,
    0x69,0x83,0x69,0x83,0x49,0x8b,0x49,0x8b,0x49,0x8b,0x49,0x8b,0x49,0x8b,0x49,0x8b,
    0x49,0x8b,0x49,0x8b,0x49,0x83,0x49,0x83,0x49,0x83,0x49,0x83,0x69,0x83,0x69,0x83,
    0x49,0x83,0xa9,0x93,0xcc,0xbc,0xcc,0xbc,0xcc,0xbc,0xcc,0xbc,0xcc,0xbc,0xcc,0xbc,
    0xcc,0xbc,0xcc,0xbc,0xcc,0xbc,0xcc,0xbc,0xcc,0xbc,0xcc,0xbc,0xcc,0xbc,0xcc,0xbc,
    0xcc,0xbc,0xcc,0xbc,0xcc,0xbc,0xcc,0xbc,0xcc,0xbc,0xcc,0xbc,0xcc,0xbc,0xcc,0xbc,
    0xcc,0xbc,0xcc,0xbc,0xcc,0xbc,0xec,0xc4,0x2b,0xb4,0xe3,0x69,0xe3,0x71,0x04,0x72,
    0x04,0x6a,0x04,0x6a,0x03,0x6a,0xe3,0x69,0xe3,0x69,0xe3,0x69,0xe3,0x69,0xe4,0x69,
    0xe4,0x69,0x04,0x6a,0xe4,0x69,0xc4,0x69,0xc4,0x69,0xe4,0x69,0xe4,0x69,0x04,0x72,
    0x04,0x72,0x04,0x72,0xe4,0x69,0x04,0x6a,0x04,0x72,0x25,0x72,0x24,0x72,0x24,0x72,
    0x24,0x72,0x24,0x72,0x24,0x72,0x24,0x72,0x44,0x72,0x24,0x72,0x24,0x72,0x04,0x72,
    0x04,0x72,0x04,0x6a,0x04,0x6a,0x04,0x72,0x05,0x72,0x04,0x6a,0x04,0x6a,0x04,0x6a,
    0x04,0x6a,0x04,0x72,0x04,0x72,0x04,0x72,0x04,0x72,0xe4,0x69,0x04,0x6a,0x04,0x72,
    0x04,0x72,0x04,0x72,0x04,0x6a,0xe4,0x69,0xe4,0x69,0x04,0x6a,0x04,0x6a,0x04,0x6a,
    0xe4,0x69,0xe4,0x69,0xe4,0x69,0xe4,0x69,0xe4,0x69,0xe4,0x69,0x04,0x6a,0x04,0x6a,
    0xe4,0x69,0xc4,0x69,0xc4,0x69,0xa3,0x61,0xa3,0x61,0xa4,0x61,0x84,0x59,0x64,0x51,
    0x23,0x41,0x43,0x41,0x22,0x41,0x43,0x41,0x84,0x51,0xc5,0x69,0x84,0x61,0x22,0x49,
    0xe1,0x38,0xe1,0x38,0x22,0x41,0x02,0x39,0x42,0x41,0xa3,0x59,0x83,0x59,0xa4,0x59,
    0x63,0x49,0x22,0x39,0x02,0x39,0xe2,0x38,0xe2,0x38,0xe2,0x38,0xe2,0x38,0xe2,0x38,
    0xe2,0x38,0xe2,0x38,0x02,0x39,0xe2,0x38,0x02,0x41,0x43,0x41,0x02,0x39,0xe2,0x30,
    0xe2,0x30,0xc2,0x28,0xa1,0x30,0x23,0x41,0x44,0x49,0x23,0x49,0xc2,0x38,0xa1,0x28,
    0xa2,0x28,0xc2,0x28,0xe2,0x30,0xe2,0x38,0x43,0x49,0x63,0x51,0x63,0x51,0x63,0x51,
    0x83,0x51,0x23,0x41,0xc2,0x30,0xe2,0x30,0xc2,0x30,0xa1,0x30,0xe2,0x30,0x43,0x39,
    0x02,0x31,0xc1,0x28,0xe1,0x28,0xa0,0x28,0x42,0x41,0xe5,0x59,0xa8,0x72,0xe9,0x82,
    0x29,0x83,0x08,0x7b,0x08,0x7b,0xe9,0x72,0xc8,0x6a,0x29,0x7b,0x49,0x83,0xcb,0x93,
    0x2d,0xa4,0x0c,0xa4,0xca,0x9b,0x08,0x7b,0xed,0x83,0xbd,0xf7,0xff,0xff,0xde,0xff,
    0xdf,0xff,0xff,0xff,0x3c,0xe7,0x79,0xce,0x79,0xce,0x79,0xce,0xfb,0xde,0x75,0xbd,
    0x02,0x41,0xa5,0x51,0xe6,0x59,0x06,0x5a,0xc5,0x51,0x43,0x41,0x43,0x41,0x23,0x41,
    0x43,0x41,0x43,0x41,0xa5,0x51,0xe6,0x59,0xc5,0x59,0x84,0x51,0x23,0x41,0x23,0x39,
    0x23,0x39,0x23,0x39,0x23,0x39,0x03,0x39,0x23,0x39,0x02,0x39,0x02,0x39,0x22,0x39,
    0x02,0x39,0x22,0x41,0x63,0x49,0x84,0x49,0x63,0x41,0x02,0x39,0xe2,0x30,0xe2,0x30,
    0xe1,0x30,0xe1,0x30,0xe1,0x38,0x22,0x41,0x83,0x51,0x42,0x41,0x01,0x39,0xc1,0x28,
    0xc1,0x28,0xa1,0x20,0x81,0x18,0x6d,0x73,0xbb,0xde,0xdb,0xde,0xfb,0xde,0x99,0xd6,
    0xae,0x73,0x44,0x29,0x64,0x39,0x84,0x41,0x26,0x5a,0xc9,0x72,0xe9,0x72,0xe9,0x7a,
    0xc9,0x7a,0xe9,0x82,0x09,0x83,0x2a,0x83,0x29,0x83,0x08,0x7b,0x29,0x7b,0x49,0x83,
    0x29,0x7b,0x08,0x7b,0x29,0x7b,0x49,0x83,0x49,0x83,0x49,0x83,0x49,0x83,0x49,0x83,
    0x6a,0x83,0x6a,0x8b,0x6a,0x8b,0x6a,0x8b,0x6a,0x83,0x6a,0x83,0x6a,0x83,0x6a,0x83,
    0x8a,0x8b,0x8a,0x8b,0xab,0x8b,0xab,0x8b,0x8b,0x8b,0x8a,0x8b,0x8a,0x8b,0x8a,0x8b,
    0x8a,0x8b,0x8a,0x8b,0x8a,0x8b,0xab,0x8b,0x8a,0x8b,0x8a,0x8b,0xab,0x8b,0xcb,0x93,
    0xcb,0x93,0xab,0x93,0xab,0x93,0xaa,0x8b,0x8a,0x8b,0x8a,0x8b,0x8a,0x8b,0x6a,0x83,
    0x6a,0x83,0x6a,0x83,0x6a,0x8b,0x6a,0x8b,0x6a,0x8b,0x6a,0x8b,0x69,0x8b,0x69,0x83,
    0x69,0x83,0x69,0x83,0x6a,0x8b,0x6a,0x8b,0x6a,0x8b,0x6a,0x8b,0x69,0x8b,0x6a,0x8b,
    0x6a,0x8b,0x69,0x8b,0x69,0x83,0x69,0x83,0x69,0x83,0x69,0x83,0x49,0x83,0x49,0x83,
    0x49,0x83,0xa9,0x93,0xcc,0xbc,0xcc,0xbc,0xcc,0xbc,0xcc,0xbc,0xcc,0xbc,0xcc,0xbc,
    0xcc,0xbc,0xcc,0xbc,0xcc,0xbc,0xcc,0xbc,0xcc,0xbc,0xcc,0xbc,0xcc,0xbc,0xcc,0xbc,
    0xcc,0xbc,0xcc,0xbc,0xcc,0xbc,0xcc,0xbc,0xcc,0xbc,0xcc,0xbc,0xcc,0xbc,0xcc,0xbc,
    0xcc,0xbc,0xcc,0xbc,0xcc,0xbc,0xec,0xc4,0x2b,0xb4,0xc2,0x69,0xc3,0x69,0x04,0x72,
    0x04,0x6a,0x04,0x6a,0x04,0x6a,0x03,0x6a,0x03,0x6a,0x03,0x6a,0x04,0x6a,0xe4,0x69,
    0xc4,0x69,0xa3,0x61,0xc4,0x69,0xe4,0x69,0xe4,0x69,0xe4,0x69,0x04,0x72,0x04,0x6a,
    0xe4,0x69,0xe4,0x69,0xc3,0x69,0xe4,0x69,0xe4,0x69,0x04,0x6a,0x04,0x6a,0x04,0x6a,
    0x04,0x6a,0x04,0x72,0x24,0x72,0x24,0x72,0x24,0x72,0x24,0x72,0x44,0x72,0x24,0x72,
    0x24,0x72,0x04,0x72,0x04,0x72,0x04,0x72,0x05,0x72,0x04,0x6a,0x04,0x6a,0x04,0x6a,
    0x04,0x6a,0x04,0x72,0x04,0x72,0x04,0x72,0x04,0x72,0xe4,0x69,0x04,0x6a,0x04,0x72,
    0x04,0x72,0x04,0x72,0x04,0x6a,0xe4,0x69,0xe4,0x69,0x04,0x6a,0x04,0x6a,0x04,0x6a,
    0xe4,0x69,0xe4,0x69,0xe4,0x69,0xe4,0x69,0xe4,0x69,0xe4,0x69,0x04,0x6a,0x04,0x6a,
    0xe4,0x69,0xc4,0x69,0xc3,0x69,0xc3,0x69,0xa3,0x69,0xc4,0x61,0x63,0x51,0x85,0x49,
    0x89,0x62,0x89,0x5a,0x69,0x5a,0x89,0x62,0xa4,0x49,0x64,0x51,0x64,0x49,0xa5,0x49,
    0x89,0x5a,0x89,0x5a,0x69,0x5a,0xaa,0x5a,0xe6,0x49,0x42,0x41,0xa3,0x59,0x83,0x51,
    0x63,0x41,0x68,0x52,0xaa,0x5a,0x89,0x5a,0x89,0x5a,0x89,0x5a,0x89,0x5a,0x89,0x5a,
    0x89,0x5a,0x89,0x5a,0x69,0x5a,0x69,0x5a,0x06,0x52,0x64,0x39,0xe6,0x49,0x69,0x5a,
    0x69,0x52,0x89,0x52,0x89,0x5a,0xe6,0x49,0x44,0x39,0xe3,0x30,0xc7,0x49,0x89,0x5a,
    0x69,0x52,0x69,0x52,0x89,0x5a,0x06,0x52,0x63,0x49,0x63,0x49,0x63,0x49,0x84,0x51,
    0x63,0x49,0x85,0x41,0x69,0x5a,0x69,0x5a,0x69,0x5a,0x89,0x5a,0x28,0x52,0x44,0x31,
    0xc5,0x41,0x68,0x52,0x89,0x5a,0x27,0x52,0x23,0x39,0x23,0x39,0xe6,0x59,0x48,0x6a,
    0xe6,0x59,0x26,0x5a,0x68,0x5a,0x69,0x5a,0x89,0x5a,0x89,0x5a,0xa8,0x62,0xe9,0x6a,
    0x67,0x62,0x09,0x7b,0xab,0x93,0xa8,0x6a,0x74,0xb5,0xff,0xff,0xdf,0xff,0xde,0xff,
    0xff,0xff,0xba,0xd6,0x4d,0x6b,0xaa,0x52,0x2c,0x63,0x8a,0x52,0x08,0x42,0x61,0x18,
    0x44,0x49,0xc5,0x51,0xa5,0x51,0x02,0x31,0xa5,0x41,0x48,0x5a,0x89,0x5a,0x89,0x5a,
    0x69,0x5a,0x48,0x52,0xc6,0x49,0x23,0x31,0xe6,0x49,0x84,0x41,0xc6,0x49,0x8a,0x5a,
    0x69,0x5a,0x69,0x5a,0x69,0x5a,0x89,0x5a,0x69,0x5a,0x69,0x5a,0x89,0x5a,0x89,0x62,
    0x69,0x5a,0xe6,0x49,0x64,0x39,0x23,0x31,0x43,0x31,0xe6,0x49,0x49,0x5a,0x69,0x5a,
    0x69,0x5a,0x48,0x5a,0x27,0x5a,0x64,0x39,0x02,0x31,0x84,0x41,0x64,0x41,0xe6,0x51,
    0x89,0x5a,0x69,0x52,0x69,0x52,0x69,0x52,0x86,0x39,0xe3,0x20,0x44,0x29,0x48,0x4a,
    0x89,0x52,0x69,0x52,0x69,0x52,0x69,0x5a,0xc5,0x49,0x63,0x41,0xc5,0x51,0xc5,0x59,
    0x84,0x51,0xa4,0x59,0xe5,0x61,0x46,0x6a,0x66,0x6a,0x86,0x6a,0xa7,0x72,0xe8,0x72,
    0xe8,0x7a,0xe8,0x7a,0x08,0x7b,0x08,0x7b,0x29,0x83,0x29,0x83,0x29,0x83,0x29,0x7b,
    0x09,0x7b,0x08,0x7b,0x08,0x7b,0x08,0x7b,0x08,0x7b,0xe8,0x72,0xe8,0x72,0x09,0x7b,
    0x29,0x83,0x4a,0x83,0x6a,0x8b,0x8b,0x8b,0xab,0x93,0xab,0x93,0xab,0x8b,0x8b,0x8b,
    0x8a,0x8b,0xab,0x8b,0xab,0x8b,0xab,0x93,0x8b,0x8b,0x8a,0x8b,0xab,0x8b,0xab,0x93,
    0xab,0x8b,0xab,0x8b,0xab,0x8b,0xab,0x8b,0xaa,0x8b,0x8a,0x8b,0x8a,0x8b,0x8a,0x8b,
    0x8a,0x8b,0x8a,0x8b,0x8a,0x8b,0x6a,0x8b,0x6a,0x8b,0x6a,0x8b,0x69,0x8b,0x69,0x83,
    0x69,0x83,0x69,0x83,0x6a,0x8b,0x8a,0x8b,0x8a,0x8b,0x8a,0x8b,0x6a,0x8b,0x6a,0x8b,
    0x6a,0x8b,0x6a,0x8b,0x6a,0x83,0x6a,0x83,0x6a,0x83,0x69,0x83,0x49,0x83,0x49,0x83,
    0x49,0x83,0x89,0x93,0xcc,0xbc,0xcc,0xbc,0xcc,0xbc,0xcc,0xbc,0xcc,0xbc,0xcc,0xbc,
    0xcc,0xbc,0xcc,0xbc,0xcc,0xbc,0xcc,0xbc,0xcc,0xbc,0xcc,0xbc,0xcc,0xbc,0xcc,0xbc,
    0xcc,0xbc,0xcc,0xbc,0xcc,0xbc,0xcc,0xbc,0xcc,0xbc,0xcc,0xbc,0xcc,0xbc,0xcc,0xbc,
    0xcc,0xbc,0xcc,0xbc,0xcc,0xbc,0xec,0xbc,0x4b,0xb4,0xc2,0x69,0xc3,0x69,0xe3,0x69,
    0xe3,0x69,0x03,0x6a,0x04,0x6a,0x04,0x72,0x04,0x72,0x04,0x72,0x04,0x72,0x04,0x6a,
    0xc3,0x69,0x83,0x61,0xa3,0x61,0xe4,0x69,0xe4,0x69,0xe4,0x69,0x04,0x72,0x04,0x72,
    0xe4,0x69,0xe4,0x69,0xe4,0x69,0xe4,0x69,0xe4,0x69,0xe4,0x69,0xe3,0x69,0xe3,0x69,
    0xe3,0x69,0xe3,0x69,0xe3,0x69,0x03,0x6a,0x03,0x6a,0x24,0x72,0x44,0x72,0x24,0x72,
    0x04,0x72,0x04,0x72,0x04,0x72,0x25,0x72,0x25,0x72,0x25,0x72,0x04,0x72,0x04,0x72,
    0x04,0x72,0x04,0x6a,0x04,0x72,0x04,0x72,0x04,0x72,0x04,0x72,0x04,0x72,0x04,0x72,
    0x04,0x72,0x04,0x72,0x04,0x72,0x04,0x6a,0x04,0x6a,0x04,0x72,0x04,0x72,0x04,0x72,
    0xe4,0x69,0xe4,0x69,0xe4,0x69,0xe4,0x69,0xe4,0x69,0xe4,0x69,0xe4,0x69,0xe4,0x69,
    0xe4,0x69,0xc4,0x69,0xc3,0x69,0xa3,0x61,0xa2,0x61,0xe4,0x61,0x43,0x41,0x91,0xa4,
    0xff,0xff,0xff,0xff,0xff,0xff,0xff,0xff,0xee,0x8b,0xc2,0x30,0xe6,0x51,0x17,0xce,
    0xff,0xff,0xff,0xff,0xff,0xff,0xff,0xff,0x33,0xad,0xe1,0x30,0xc4,0x59,0x42,0x49,
    0x4b,0x7b,0x9d,0xf7,0xff,0xff,0xff,0xff,0xff,0xff,0xff,0xff,0xff,0xff,0xff,0xff,
    0xff,0xff,0xff,0xff,0xff,0xff,0xff,0xff,0x34,0xad,0x07,0x4a,0xb6,0xbd,0xff,0xff,
    0xff,0xff,0xff,0xff,0xff,0xff,0xf3,0xa4,0xe3,0x28,0x07,0x4a,0x79,0xd6,0xff,0xff,
    0xff,0xff,0xff,0xff,0xff,0xff,0xd5,0xcd,0x63,0x41,0x83,0x49,0x63,0x49,0x84,0x51,
    0x23,0x41,0xb2,0xa4,0xff,0xff,0xff,0xff,0xff,0xff,0xff,0xff,0x5c,0xef,0x13,0x9d,
    0xda,0xde,0xff,0xff,0xff,0xff,0xbd,0xff,0x13,0xb5,0xc6,0x49,0x03,0x39,0xe3,0x38,
    0xca,0x6a,0xd6,0xc5,0x7d,0xf7,0xde,0xff,0xdf,0xff,0xff,0xff,0xde,0xff,0xda,0xe6,
    0x70,0x9c,0x68,0x62,0x46,0x62,0x06,0x52,0x17,0xc6,0xff,0xff,0xdf,0xff,0xdf,0xff,
    0xff,0xff,0x18,0xc6,0xf7,0xbd,0xbe,0xf7,0xff,0xff,0xbe,0xf7,0xba,0xd6,0x4c,0x73,
    0x23,0x41,0xa6,0x49,0x03,0x31,0x2b,0x73,0xf6,0xcd,0x9d,0xff,0xfe,0xff,0xfe,0xff,
    0xff,0xff,0x9d,0xf7,0x37,0xce,0x8d,0x73,0x64,0x31,0xa5,0x39,0xd6,0xc5,0xff,0xff,
    0xff,0xff,0xff,0xff,0xff,0xff,0xff,0xff,0xff,0xff,0xff,0xff,0xff,0xff,0xfe,0xff,
    0xff,0xff,0xd6,0xbd,0xc2,0x18,0xe7,0x41,0x13,0xa5,0x3b,0xef,0xde,0xff,0xff,0xff,
    0xff,0xff,0xde,0xff,0x7d,0xf7,0x54,0xb5,0xa9,0x62,0x24,0x31,0x68,0x5a,0x58,0xd6,
    0xff,0xff,0xff,0xff,0xff,0xff,0xff,0xff,0x8e,0x73,0xc2,0x18,0x48,0x4a,0x1b,0xe7,
    0xff,0xff,0xff,0xff,0xde,0xff,0xff,0xff,0x70,0xa4,0xe1,0x30,0x63,0x49,0x63,0x49,
    0x22,0x49,0x22,0x49,0x42,0x49,0x63,0x49,0x83,0x51,0xc3,0x51,0xc4,0x51,0xe4,0x59,
    0x05,0x5a,0x45,0x62,0x45,0x62,0x46,0x6a,0x87,0x6a,0xc7,0x72,0xc8,0x72,0xe8,0x7a,
    0xe8,0x72,0xc8,0x72,0xe8,0x7a,0xe8,0x7a,0xe8,0x72,0xc8,0x72,0xc7,0x72,0xc7,0x72,
    0x09,0x7b,0x29,0x83,0x4a,0x83,0x6a,0x83,0x8a,0x8b,0x8a,0x8b,0x6a,0x8b,0x8a,0x8b,
    0x6a,0x8b,0x6a,0x8b,0x8b,0x8b,0xab,0x93,0xab,0x8b,0xab,0x8b,0xab,0x93,0xab,0x8b,
    0xab,0x8b,0x8b,0x8b,0x8a,0x8b,0xab,0x8b,0xab,0x8b,0xaa,0x8b,0xaa,0x8b,0xaa,0x8b,
    0xaa,0x8b,0xaa,0x8b,0x8a,0x8b,0x6a,0x8b,0x6a,0x8b,0x6a,0x8b,0x6a,0x8b,0x6a,0x8b,
    0x6a,0x8b,0x6a,0x8b,0x8a,0x8b,0x8a,0x8b,0x8a,0x8b,0x8a,0x8b,0x6a,0x8b,0x6a,0x8b,
    0x6a,0x8b,0x6a,0x8b,0x8a,0x8b,0x8a,0x8b,0x8a,0x8b,0x8a,0x8b,0x69,0x83,0x69,0x83,
    0x49,0x83,0xa9,0x93,0xcc,0xbc,0xcc,0xbc,0xcc,0xbc,0xcc,0xbc,0xcc,0xbc,0xcc,0xbc,
    0xcc,0xbc,0xcc,0xbc,0xcc,0xbc,0xcc,0xbc,0xcc,0xbc,0xcc,0xbc,0xcc,0xbc,0xcc,0xbc,
    0xcc,0xbc,0xcc,0xbc,0xcc,0xbc,0xcc,0xbc,0xcc,0xbc,0xcc,0xbc,0xcc,0xbc,0xcc,0xbc,
    0xcc,0xbc,0xcc,0xbc,0xcc,0xbc,0xec,0xbc,0x4b,0xb4,0xc2,0x69,0xc3,0x69,0xe3,0x69,
    0xe3,0x69,0x03,0x6a,0x04,0x6a,0x04,0x6a,0x04,0x6a,0x03,0x6a,0x04,0x72,0x04,0x72,
    0xe4,0x69,0xc3,0x61,0xa3,0x61,0xc3,0x61,0xc4,0x69,0xe4,0x69,0xe4,0x69,0x04,0x6a,
    0x04,0x6a,0xe4,0x69,0xe4,0x69,0x04,0x72,0xe4,0x69,0x04,0x6a,0x04,0x6a,0x03,0x6a,
    0x03,0x6a,0x04,0x6a,0x04,0x72,0xe3,0x69,0xe3,0x69,0xe3,0x69,0x03,0x6a,0xe3,0x69,
    0xc3,0x69,0xe4,0x69,0x04,0x72,0x04,0x72,0x05,0x72,0x04,0x72,0x04,0x72,0x04,0x72,
    0x04,0x6a,0x04,0x6a,0x04,0x72,0x04,0x72,0x04,0x72,0x25,0x72,0x25,0x72,0x25,0x72,
    0x25,0x72,0x25,0x72,0x04,0x72,0x04,0x72,0x04,0x72,0x05,0x72,0x05,0x72,0x05,0x72,
    0x04,0x72,0xe4,0x69,0xe4,0x69,0xe4,0x69,0x04,0x6a,0xe4,0x69,0xe4,0x69,0xe4,0x69,
    0xe4,0x69,0xc4,0x69,0xc3,0x69,0xa3,0x61,0xa3,0x61,0xe4,0x61,0x43,0x41,0x91,0x9c,
    0xff,0xff,0xdf,0xf7,0xdf,0xf7,0xff,0xff,0xcd,0x83,0xa1,0x20,0xcb,0x6a,0x5c,0xef,
    0xff,0xff,0xff,0xf7,0xdf,0xf7,0xff,0xff,0x13,0xa5,0xe1,0x30,0xe4,0x59,0x22,0x41,
    0x4b,0x7b,0x7d,0xef,0xff,0xf7,0xff,0xff,0xff,0xff,0xdf,0xff,0xdf,0xf7,0xff,0xff,
    0xdf,0xf7,0xdf,0xf7,0xff,0xff,0xff,0xff,0x14,0xa5,0x07,0x42,0x95,0xb5,0xff,0xff,
    0xff,0xff,0xdf,0xf7,0xff,0xff,0xf3,0x9c,0xa2,0x18,0xae,0x7b,0x9e,0xf7,0xff,0xff,
    0xff,0xf7,0xff,0xf7,0xff,0xff,0xd5,0xc5,0x63,0x41,0x83,0x51,0x83,0x51,0x64,0x49,
    0x03,0x39,0xd2,0xa4,0xff,0xff,0xff,0xff,0xff,0xff,0xff,0xff,0xdf,0xf7,0xff,0xf7,
    0xff,0xff,0xff,0xff,0xdf,0xff,0xff,0xff,0xff,0xff,0x92,0x9c,0x82,0x20,0xeb,0x72,
    0xfb,0xee,0xff,0xff,0xff,0xff,0xff,0xff,0xff,0xff,0xff,0xff,0xff,0xff,0xff,0xff,
    0xff,0xff,0xd6,0xc5,0xe6,0x49,0x44,0x31,0x59,0xce,0xff,0xff,0xdf,0xff,0xff,0xff,
    0xdf,0xff,0xbe,0xf7,0xff,0xff,0xff,0xff,0xff,0xff,0xdf,0xff,0xff,0xff,0x1b,0xef,
    0xca,0x6a,0x44,0x39,0x8d,0x83,0x7d,0xf7,0xff,0xff,0xff,0xff,0xdf,0xff,0xff,0xff,
    0xff,0xff,0xff,0xff,0xff,0xff,0xde,0xff,0xf3,0x9c,0x65,0x31,0x54,0xad,0xdf,0xff,
    0xdf,0xff,0xff,0xff,0xff,0xff,0xff,0xff,0xff,0xff,0xff,0xff,0xdf,0xff,0xbe,0xf7,
    0xff,0xff,0x75,0xb5,0xe7,0x39,0x18,0xc6,0xff,0xff,0xff,0xff,0xdf,0xff,0xff,0xff,
    0xff,0xff,0xdf,0xff,0xff,0xff,0xff,0xff,0x3b,0xef,0xeb,0x62,0x08,0x4a,0x58,0xce,
    0xff,0xff,0xbe,0xf7,0xfe,0xff,0xde,0xff,0x8d,0x73,0xc2,0x20,0x70,0x94,0xff,0xff,
    0xdf,0xff,0xdf,0xff,0xde,0xff,0xff,0xff,0x70,0x9c,0xe1,0x30,0x83,0x49,0x63,0x49,
    0x42,0x49,0x22,0x49,0x42,0x49,0x42,0x49,0x62,0x49,0x42,0x49,0x42,0x49,0x42,0x49,
    0x42,0x49,0x42,0x41,0x42,0x41,0x62,0x49,0xa3,0x51,0xc4,0x59,0x05,0x5a,0x25,0x62,
    0x87,0x6a,0xa7,0x72,0xe8,0x7a,0x09,0x7b,0xe8,0x7a,0xe8,0x72,0xc8,0x72,0xa7,0x72,
    0xe8,0x7a,0xe8,0x7a,0x09,0x7b,0x29,0x7b,0x29,0x83,0x29,0x83,0x29,0x83,0x4a,0x83,
    0x29,0x83,0x29,0x83,0x29,0x83,0x6a,0x8b,0x8b,0x8b,0x8b,0x8b,0x8b,0x8b,0x8b,0x8b,
    0x8b,0x8b,0x8b,0x8b,0x8b,0x8b,0x8a,0x8b,0xaa,0x8b,0xaa,0x8b,0xaa,0x8b,0x8a,0x8b,
    0x8a,0x8b,0x8a,0x8b,0x8a,0x8b,0x8a,0x8b,0x8a,0x8b,0x8a,0x8b,0x8a,0x8b,0x8a,0x8b,
    0x8a,0x8b,0x6a,0x8b,0x8a,0x8b,0x8a,0x8b,0x8a,0x8b,0x8a,0x8b,0x8a,0x8b,0x8a,0x8b,
    0x8a,0x8b,0x8a,0x8b,0x8a,0x8b,0x8a,0x8b,0x8a,0x8b,0x8a,0x8b,0x6a,0x83,0x6a,0x83,
    0x69,0x83,0xa9,0x93,0xcc,0xbc,0xcc,0xbc,0xcc,0xbc,0xcc,0xbc,0xcc,0xbc,0xcc,0xbc,
    0xcc,0xbc,0xcc,0xbc,0xcc,0xbc,0xcc,0xbc,0xcc,0xbc,0xcc,0xbc,0xcc,0xbc,0xcc,0xbc,
    0xcc,0xbc,0xcc,0xbc,0xcc,0xbc,0xcc,0xbc,0xcc,0xbc,0xcc,0xbc,0xcc,0xbc,0xcc,0xbc,
    0xcc,0xbc,0xcc,0xbc,0xcc,0xbc,0xec,0xc4,0x4b,0xb4,0xc2,0x69,0xc3,0x71,0xe3,0x69,
    0xe3,0x69,0x03,0x6a,0x04,0x6a,0x03,0x6a,0x03,0x6a,0x03,0x6a,0x04,0x72,0x05,0x72,
    0x04,0x72,0xe4,0x69,0xe4,0x69,0xc4,0x69,0xc4,0x69,0xc4,0x69,0xc3,0x69,0xe4,0x69,
    0xe4,0x69,0x04,0x6a,0xe4,0x69,0xe4,0x69,0xe4,0x69,0xe4,0x69,0x03,0x6a,0x03,0x6a,
    0x03,0x6a,0x04,0x72,0x24,0x72,0x04,0x72,0xe3,0x69,0xc3,0x69,0xc3,0x61,0xa2,0x61,
    0x82,0x61,0xa3,0x61,0xc3,0x69,0xc4,0x69,0xc4,0x69,0xc3,0x69,0xc3,0x69,0xe4,0x69,
    0xe4,0x69,0xe4,0x69,0x04,0x6a,0x04,0x6a,0x04,0x72,0x25,0x72,0x25,0x72,0x25,0x72,
    0x25,0x72,0x25,0x72,0x25,0x72,0x04,0x72,0x04,0x72,0x04,0x72,0x04,0x72,0x04,0x72,
    0x04,0x72,0x04,0x72,0x04,0x6a,0x04,0x6a,0x04,0x72,0x04,0x72,0x04,0x6a,0x04,0x6a,
    0xe4,0x69,0xe4,0x69,0xc4,0x69,0xc3,0x69,0xc3,0x61,0x05,0x62,0x43,0x39,0x91,0x9c,
    0xff,0xff,0xff,0xf7,0xdf,0xf7,0xff,0xff,0xee,0x83,0x61,0x18,0xd2,0xa4,0xff,0xff,
    0xdf,0xf7,0xdf,0xf7,0xbf,0xf7,0xff,0xff,0x12,0xad,0xe1,0x30,0xc5,0x59,0x22,0x41,
    0x4b,0x7b,0x7d,0xf7,0xff,0xff,0xbf,0xf7,0xff,0xff,0xff,0xff,0xff,0xff,0xdf,0xff,
    0xdf,0xf7,0xff,0xff,0xff,0xff,0xff,0xff,0x14,0xa5,0x07,0x42,0x95,0xbd,0xff,0xff,
    0xdf,0xff,0xdf,0xf7,0xff,0xff,0xf2,0x9c,0xc2,0x18,0x55,0xb5,0xff,0xff,0xdf,0xff,
    0xff,0xff,0xdf,0xf7,0xff,0xff,0xb5,0xc5,0x63,0x49,0x63,0x51,0x83,0x51,0x84,0x51,
    0x03,0x39,0xb2,0xa4,0xff,0xff,0xff,0xff,0xff,0xff,0xdf,0xff,0xdf,0xff,0x3c,0xdf,
    0x7e,0xef,0xff,0xff,0xff,0xff,0xdf,0xff,0xff,0xff,0x34,0xad,0x85,0x31,0x79,0xd6,
    0xff,0xff,0xde,0xff,0xff,0xff,0x9e,0xef,0x1c,0xdf,0x9e,0xef,0xdf,0xff,0xde,0xff,
    0xde,0xff,0xde,0xff,0x2b,0x73,0x03,0x29,0x79,0xce,0xff,0xff,0xdf,0xff,0xff,0xff,
    0xff,0xff,0x9e,0xf7,0xfb,0xde,0xdf,0xff,0xff,0xff,0xdf,0xff,0xff,0xff,0xbe,0xff,
    0xce,0x83,0x07,0x4a,0x99,0xd6,0xff,0xff,0xbe,0xf7,0xff,0xff,0xdf,0xf7,0xdb,0xd6,
    0xbe,0xf7,0xff,0xff,0xbe,0xf7,0xde,0xff,0x9d,0xf7,0x8d,0x73,0x58,0xce,0xff,0xff,
    0xff,0xff,0xff,0xff,0xdf,0xff,0xff,0xff,0xdf,0xff,0xdf,0xff,0xff,0xff,0xff,0xff,
    0xff,0xff,0xf8,0xc5,0x14,0xa5,0xff,0xff,0xdf,0xff,0xdf,0xff,0xdf,0xff,0x5d,0xe7,
    0x9e,0xf7,0xdf,0xff,0xdf,0xff,0xde,0xff,0xff,0xff,0x14,0xa5,0xe7,0x41,0x39,0xce,
    0xff,0xff,0xff,0xff,0xff,0xff,0xde,0xf7,0x6d,0x6b,0x44,0x29,0x78,0xd6,0xff,0xff,
    0xdf,0xff,0xdf,0xff,0xdf,0xff,0xff,0xff,0x71,0x9c,0x02,0x31,0xa4,0x49,0x83,0x51,
    0x63,0x49,0x42,0x49,0x42,0x49,0x42,0x49,0x62,0x49,0x62,0x49,0x62,0x49,0x62,0x49,
    0x62,0x49,0x42,0x49,0x22,0x41,0x42,0x49,0x42,0x49,0x62,0x49,0x83,0x49,0x83,0x49,
    0x05,0x5a,0x46,0x62,0x87,0x6a,0xa8,0x72,0xc8,0x72,0xc8,0x72,0xc8,0x72,0xc8,0x72,
    0x87,0x6a,0xa7,0x6a,0xa7,0x72,0xc8,0x72,0xc8,0x72,0xc8,0x72,0xe8,0x7a,0x09,0x7b,
    0x09,0x7b,0x09,0x7b,0x09,0x7b,0x29,0x7b,0x4a,0x83,0x4a,0x83,0x4a,0x83,0x4a,0x83,
    0x4a,0x83,0x6a,0x83,0x6a,0x8b,0x8a,0x8b,0x8a,0x8b,0x8a,0x8b,0x8a,0x8b,0x8a,0x8b,
    0x8a,0x8b,0x8a,0x8b,0xaa,0x8b,0xaa,0x93,0xaa,0x93,0xaa,0x93,0x8a,0x8b,0x8a,0x8b,
    0x8a,0x8b,0x8a,0x8b,0x8a,0x8b,0xaa,0x8b,0x8a,0x8b,0x8a,0x8b,0x8a,0x8b,0x8a,0x8b,
    0x8a,0x8b,0x8a,0x8b,0x8a,0x8b,0x8a,0x8b,0x8a,0x8b,0x8a,0x8b,0x6a,0x8b,0x6a,0x8b,
    0x6a,0x83,0xa9,0x93,0xcc,0xbc,0xcc,0xbc,0xcc,0xbc,0xcc,0xbc,0xcc,0xbc,0xcc,0xbc,
    0xcc,0xbc,0xcc,0xbc,0xcc,0xbc,0xcc,0xbc,0xcc,0xbc,0xcc,0xbc,0xcc,0xbc,0xcc,0xbc,
    0xcc,0xbc,0xcc,0xbc,0xcc,0xbc,0xcc,0xbc,0xcc,0xbc,0xcc,0xbc,0xcc,0xbc,0xcc,0xbc,
    0xcc,0xbc,0xcc,0xbc,0xcc,0xbc,0xec,0xc4,0x4b,0xb4,0xc2,0x69,0xc3,0x71,0xe3,0x69,
    0xe3,0x69,0x04,0x6a,0x04,0x72,0xe3,0x69,0xe3,0x69,0xe3,0x69,0xe4,0x69,0xe4,0x69,
    0xe4,0x69,0xe4,0x69,0xe4,0x69,0xe4,0x69,0xc4,0x69,0xc3,0x61,0xa3,0x61,0xc3,0x69,
    0xe4,0x69,0x04,0x72,0x04,0x6a,0xe4,0x69,0x04,0x72,0xe4,0x69,0xe3,0x69,0x03,0x6a,
    0x03,0x6a,0x04,0x6a,0x24,0x72,0x04,0x72,0x04,0x72,0x04,0x6a,0xe3,0x69,0xe3,0x69,
    0xc3,0x69,0xa3,0x61,0xa3,0x61,0xa3,0x61,0xa3,0x61,0x82,0x61,0xa3,0x61,0xc3,0x61,
    0xc3,0x69,0xe4,0x69,0xe4,0x69,0xe4,0x69,0x04,0x72,0x25,0x72,0x25,0x72,0x25,0x72,
    0x25,0x72,0x25,0x72,0x25,0x72,0x25,0x72,0x04,0x72,0x04,0x6a,0x04,0x6a,0x04,0x6a,
    0x05,0x72,0x05,0x72,0x05,0x72,0x04,0x72,0x05,0x72,0x05,0x72,0x05,0x72,0x04,0x72,
    0x04,0x6a,0xe4,0x69,0xe4,0x69,0xe4,0x69,0xe4,0x61,0x05,0x62,0x22,0x39,0x70,0x9c,
    0xff,0xff,0xff,0xff,0xdf,0xf7,0xff,0xff,0xae,0x73,0x24,0x29,0xba,0xe6,0xdf,0xff,
    0xdf,0xff,0xdf,0xff,0xbf,0xff,0xff,0xff,0xf2,0xac,0xe1,0x30,0xc5,0x59,0x23,0x41,
    0x2b,0x7b,0x7c,0xf7,0xff,0xff,0xdf,0xff,0xff,0xff,0xdf,0xff,0xff,0xff,0xde,0xff,
    0xdf,0xff,0xff,0xff,0xdf,0xff,0xff,0xff,0xf3,0xac,0xe7,0x49,0x95,0xbd,0xff,0xff,
    0xdf,0xff,0xdf,0xff,0xff,0xff,0x71,0x94,0x48,0x4a,0x1b,0xef,0xff,0xff,0xff,0xff,
    0xff,0xff,0xdf,0xf7,0xff,0xff,0xb5,0xc5,0x43,0x49,0x63,0x51,0x83,0x59,0x84,0x51,
    0x03,0x39,0xb2,0xa4,0xff,0xff,0xff,0xff,0xff,0xff,0xff,0xff,0x7d,0xef,0xaf,0x73,
    0x39,0xc6,0xff,0xff,0xdf,0xff,0xdf,0xff,0xff,0xff,0x75,0xad,0x69,0x4a,0x7c,0xef,
    0xff,0xff,0xde,0xff,0xff,0xff,0xfb,0xd6,0x92,0x8c,0xfb,0xd6,0xff,0xff,0xff,0xff,
    0xdf,0xff,0xff,0xff,0x0f,0x8c,0x64,0x31,0x79,0xce,0xff,0xff,0xff,0xff,0xfe,0xff,
    0xff,0xff,0x18,0xc6,0x8e,0x73,0x9e,0xf7,0xff,0xff,0xff,0xff,0xff,0xff,0xff,0xff,
    0xce,0x83,0x2c,0x6b,0x9e,0xf7,0xdf,0xff,0xdf,0xff,0xff,0xff,0xbf,0xf7,0x6d,0x6b,
    0x38,0xc6,0xff,0xff,0xdf,0xff,0xde,0xff,0xde,0xff,0xd6,0xbd,0x8d,0x73,0x6d,0x73,
    0xcf,0x7b,0xfb,0xe6,0xff,0xff,0xde,0xff,0xde,0xff,0xff,0xff,0xdb,0xe6,0x8e,0x7b,
    0x4d,0x73,0x6d,0x73,0x18,0xce,0xff,0xff,0xdf,0xff,0xff,0xff,0xbe,0xf7,0xf4,0x9c,
    0xd7,0xb5,0xff,0xff,0xdf,0xff,0xde,0xff,0xff,0xff,0x17,0xc6,0x8a,0x52,0x59,0xce,
    0xff,0xff,0xff,0xf7,0xff,0xf7,0xfe,0xf7,0x4c,0x6b,0xea,0x62,0xbd,0xff,0xff,0xff,
    0xff,0xff,0xff,0xff,0xdf,0xff,0xff,0xff,0x71,0x9c,0x02,0x31,0xa4,0x51,0x84,0x51,
    0x63,0x51,0x83,0x51,0x83,0x51,0x63,0x49,0x62,0x49,0x62,0x49,0x62,0x49,0x62,0x49,
    0x63,0x49,0x42,0x49,0x22,0x41,0x22,0x41,0x42,0x49,0x62,0x49,0x62,0x49,0x63,0x49,
    0x83,0x49,0xa3,0x51,0xc4,0x51,0xc4,0x51,0xe5,0x59,0x46,0x62,0x66,0x62,0x05,0x5a,
    0xc4,0x51,0xe4,0x51,0xe4,0x59,0x05,0x5a,0x05,0x5a,0x25,0x62,0x46,0x62,0x67,0x6a,
    0xc8,0x72,0x09,0x7b,0x09,0x7b,0x29,0x83,0x4a,0x83,0x2a,0x83,0x4a,0x83,0x29,0x7b,
    0x29,0x7b,0x4a,0x83,0x6a,0x83,0x6a,0x83,0x69,0x83,0x69,0x83,0x69,0x83,0x69,0x83,
    0x6a,0x83,0x6a,0x83,0x6a,0x8b,0x8a,0x8b,0x8a,0x8b,0x8a,0x8b,0x8a,0x8b,0x8a,0x8b,
    0x8a,0x8b,0x8a,0x8b,0xaa,0x8b,0xab,0x8b,0xaa,0x8b,0xaa,0x8b,0x8a,0x8b,0x8a,0x8b,
    0x8a,0x8b,0x8a,0x8b,0x8a,0x8b,0x8a,0x8b,0x8a,0x8b,0x8a,0x8b,0x8a,0x8b,0x8a,0x8b,
    0x6a,0x83,0xaa,0x93,0xcc,0xbc,0xcc,0xbc,0xcc,0xbc,0xcc,0xbc,0xcc,0xbc,0xcc,0xbc,
    0xcc,0xbc,0xcc,0xbc,0xcc,0xbc,0xcc,0xbc,0xcc,0xbc,0xcc,0xbc,0xcc,0xbc,0xcc,0xbc,
    0xcc,0xbc,0xcc,0xbc,0xcc,0xbc,0xcc,0xbc,0xcc,0xbc,0xcc,0xbc,0xcc,0xbc,0xcc,0xbc,
    0xcc,0xbc,0xcc,0xbc,0xcc,0xbc,0xec,0xbc,0x4b,0xb4,0x03,0x72,0x04,0x72,0xe3,0x71,
    0xc3,0x69,0xc2,0x69,0xc3,0x69,0xc3,0x69,0xc3,0x69,0xc3,0x69,0xe3,0x69,0xe4,0x69,
    0xe4,0x69,0xe4,0x69,0xc4,0x69,0xc3,0x69,0xc3,0x61,0xa3,0x61,0xa2,0x61,0xc3,0x61,
    0xe3,0x69,0x03,0x6a,0xe3,0x69,0xe3,0x69,0x03,0x6a,0xe3,0x69,0x04,0x72,0x04,0x72,
    0x04,0x72,0x04,0x72,0x04,0x72,0x04,0x72,0x04,0x72,0x04,0x72,0x04,0x6a,0xe3,0x69,
    0xe3,0x69,0xa2,0x61,0xa2,0x61,0x82,0x61,0x82,0x59,0x82,0x59,0x82,0x61,0xa3,0x61,
    0xc3,0x69,0xe4,0x69,0xe4,0x69,0x04,0x6a,0x04,0x6a,0x04,0x72,0x04,0x72,0x04,0x6a,
    0x04,0x72,0x05,0x72,0x05,0x72,0x05,0x72,0x05,0x72,0x04,0x72,0xe4,0x69,0x05,0x72,
    0x04,0x72,0x04,0x6a,0x04,0x6a,0x04,0x6a,0x05,0x72,0x05,0x72,0x04,0x72,0x04,0x72,
    0x05,0x72,0x04,0x6a,0x04,0x6a,0xe4,0x69,0xe4,0x69,0x25,0x6a,0x43,0x41,0x70,0x9c,
    0xff,0xff,0xff,0xff,0xdf,0xff,0xff,0xff,0xae,0x73,0x2c,0x6b,0xbf,0xff,0xff,0xff,
    0xff,0xff,0xff,0xff,0xdf,0xff,0xff,0xff,0xf2,0xac,0xc1,0x30,0xc5,0x59,0x02,0x39,
    0x4c,0x7b,0x9d,0xf7,0xff,0xff,0xff,0xff,0xff,0xff,0x3c,0xe7,0x75,0xad,0x3c,0xe7,
    0xff,0xff,0xff,0xff,0xff,0xff,0xff,0xff,0xf3,0xac,0xe7,0x49,0x95,0xbd,0xff,0xff,
    0xff,0xff,0xff,0xff,0xff,0xff,0xb2,0x94,0x30,0x84,0xdf,0xff,0xff,0xff,0xff,0xff,
    0xff,0xff,0xff,0xff,0xff,0xff,0xd5,0xbd,0x83,0x41,0x83,0x51,0x83,0x59,0x84,0x51,
    0x23,0x41,0xb2,0xa4,0xff,0xff,0xff,0xff,0xdf,0xff,0xff,0xff,0x3c,0xe7,0x28,0x42,
    0x18,0xc6,0xff,0xff,0xdf,0xff,0xdf,0xff,0xff,0xff,0x75,0xad,0xca,0x52,0x7d,0xef,
    0xdf,0xff,0xde,0xff,0xff,0xff,0xba,0xd6,0xcf,0x73,0xba,0xd6,0xff,0xff,0xff,0xff,
    0xdf,0xff,0xff,0xff,0x75,0xb5,0x07,0x42,0x59,0xce,0xff,0xff,0xdf,0xff,0xff,0xff,
    0xff,0xff,0xb6,0xb5,0xaa,0x52,0x5d,0xef,0xff,0xff,0xff,0xff,0xff,0xff,0xff,0xff,
    0xae,0x7b,0xcf,0x7b,0xff,0xff,0xff,0xff,0xff,0xff,0xff,0xff,0x9e,0xf7,0xaa,0x52,
    0xd6,0xb5,0xff,0xff,0xdf,0xff,0xff,0xff,0xff,0xff,0x17,0xce,0x44,0x39,0x23,0x41,
    0x23,0x39,0x37,0xce,0xff,0xff,0xff,0xff,0xff,0xff,0xff,0xff,0xf7,0xcd,0xe2,0x28,
    0x03,0x39,0x64,0x41,0x59,0xde,0xdf,0xff,0xdf,0xff,0xdf,0xff,0x9e,0xf7,0x51,0x84,
    0x55,0xad,0xff,0xff,0xdf,0xff,0xff,0xff,0xff,0xff,0xdb,0xde,0xae,0x73,0x38,0xc6,
    0xff,0xff,0xdf,0xff,0xff,0xff,0xde,0xf7,0x4d,0x6b,0x92,0x94,0xff,0xff,0xff,0xff,
    0xdf,0xff,0xff,0xff,0xff,0xff,0xff,0xff,0x71,0x9c,0x22,0x39,0xc4,0x59,0x83,0x59,
    0x83,0x59,0x84,0x51,0x84,0x51,0x83,0x51,0x63,0x51,0x63,0x51,0x63,0x51,0x63,0x51,
    0x63,0x51,0x63,0x49,0x43,0x49,0x42,0x49,0x62,0x49,0x62,0x49,0x62,0x49,0x62,0x49,
    0x42,0x49,0x42,0x49,0x42,0x49,0x42,0x49,0x42,0x41,0x63,0x49,0x83,0x49,0x63,0x49,
    0x42,0x41,0x42,0x41,0x42,0x49,0x42,0x41,0x43,0x41,0x83,0x49,0x83,0x49,0xc4,0x51,
    0x06,0x5a,0x26,0x5a,0x47,0x62,0xa8,0x72,0xe9,0x7a,0x09,0x7b,0x09,0x7b,0x09,0x7b,
    0x29,0x83,0x4a,0x83,0x4a,0x83,0x29,0x83,0x4a,0x83,0x4a,0x83,0x4a,0x83,0x6a,0x83,
    0x4a,0x83,0x49,0x83,0x49,0x83,0x6a,0x83,0x6a,0x8b,0x6a,0x8b,0x6a,0x8b,0x8a,0x8b,
    0x8a,0x8b,0x8a,0x8b,0xaa,0x8b,0xaa,0x8b,0xaa,0x8b,0xaa,0x8b,0xaa,0x8b,0x8a,0x83,
    0x8a,0x8b,0xaa,0x8b,0x8a,0x8b,0x8a,0x8b,0x8a,0x8b,0x8a,0x8b,0x6a,0x8b,0x8a,0x8b,
    0x8a,0x8b,0xca,0x93,0xcc,0xbc,0xcc,0xbc,0xcc,0xbc,0xcc,0xbc,0xcc,0xbc,0xcc,0xbc,
    0xcc,0xbc,0xcc,0xbc,0xcc,0xbc,0xcc,0xbc,0xcc,0xbc,0xcc,0xbc,0xcc,0xbc,0xcc,0xbc,
    0xcc,0xbc,0xcc,0xbc,0xcc,0xbc,0xcc,0xbc,0xcc,0xbc,0xcc,0xbc,0xcc,0xbc,0xcc,0xbc,
    0xcc,0xbc,0xcc,0xbc,0xcc,0xbc,0xec,0xbc,0x4b,0xb4,0x03,0x72,0x04,0x7a,0x04,0x72,
    0xc3,0x71,0xa2,0x69,0xc3,0x69,0xc3,0x71,0xc3,0x71,0xc3,0x71,0xc3,0x69,0xe4,0x69,
    0xc3,0x69,0xc3,0x69,0xc3,0x69,0xa3,0x61,0xa3,0x61,0xa3,0x61,0xa2,0x61,0xc2,0x61,
    0xc3,0x69,0xe3,0x69,0xe3,0x69,0xe3,0x69,0xe3,0x69,0xe3,0x69,0x04,0x72,0x04,0x72,
    0x04,0x72,0xe4,0x71,0x04,0x72,0x04,0x72,0xe4,0x71,0x04,0x72,0x04,0x6a,0xe3,0x69,
    0xe3,0x69,0xe3,0x69,0xe3,0x69,0xc3,0x61,0xc2,0x61,0xc3,0x61,0xc3,0x61,0xc3,0x61,
    0xa3,0x61,0xc3,0x61,0xc3,0x61,0xc3,0x69,0xe3,0x69,0xe4,0x69,0xe4,0x69,0xe4,0x69,
    0xe4,0x69,0xe4,0x69,0xe4,0x69,0x04,0x6a,0xe4,0x69,0xe4,0x69,0xc4,0x69,0xe4,0x69,
    0x04,0x6a,0xe4,0x69,0xe4,0x69,0xe4,0x69,0x04,0x6a,0x04,0x6a,0x04,0x6a,0x04,0x6a,
    0x05,0x72,0x04,0x6a,0x04,0x6a,0x04,0x6a,0xe4,0x69,0x25,0x6a,0x63,0x41,0x70,0x9c,
    0xff,0xff,0xff,0xff,0xdf,0xff,0xff,0xff,0x30,0x84,0x34,0xa5,0xff,0xff,0xff,0xff,
    0xff,0xff,0xff,0xff,0xdf,0xff,0xff,0xff,0x13,0xad,0xa0,0x30,0xe5,0x61,0xe2,0x30,
    0xce,0x83,0xff,0xff,0xff,0xff,0xdf,0xff,0xff,0xff,0xfb,0xde,0x71,0x8c,0x1c,0xe7,
    0xff,0xff,0xff,0xff,0xff,0xff,0xff,0xff,0x13,0xad,0xe7,0x49,0xb5,0xb5,0xff,0xff,
    0xff,0xff,0xff,0xff,0xbe,0xf7,0xf3,0x9c,0xf7,0xbd,0xff,0xff,0xff,0xff,0xff,0xff,
    0xff,0xff,0xff,0xff,0xff,0xff,0xd5,0xbd,0xa3,0x41,0xa3,0x51,0x83,0x59,0x84,0x59,
    0x23,0x39,0xb2,0x9c,0xff,0xff,0xff,0xff,0xdf,0xff,0xff,0xff,0x3c,0xe7,0x28,0x4a,
    0x18,0xc6,0xff,0xff,0xff,0xff,0xdf,0xff,0xff,0xff,0x34,0xa5,0x6d,0x6b,0xff,0xff,
    0xff,0xff,0xff,0xff,0xff,0xff,0x59,0xce,0x4d,0x6b,0xba,0xd6,0xff,0xff,0xdf,0xff,
    0xff,0xff,0xff,0xff,0x96,0xb5,0x07,0x42,0x59,0xce,0xff,0xff,0xdf,0xff,0xff,0xff,
    0xff,0xff,0xb6,0xb5,0xcb,0x5a,0x7d,0xef,0xff,0xff,0xff,0xff,0xff,0xff,0xff,0xff,
    0xae,0x73,0x0f,0x84,0xff,0xff,0xff,0xff,0xff,0xff,0xff,0xff,0x9e,0xf7,0xcb,0x5a,
    0xd6,0xbd,0xff,0xff,0xdf,0xff,0xff,0xff,0xff,0xff,0x37,0xd6,0x27,0x5a,0x26,0x6a,
    0xe5,0x51,0x58,0xd6,0xff,0xff,0xff,0xff,0xff,0xff,0xff,0xff,0x17,0xd6,0xe5,0x59,
    0x47,0x6a,0x68,0x6a,0x3c,0xf7,0xff,0xff,0xff,0xff,0xff,0xff,0xbe,0xf7,0x8e,0x73,
    0x55,0xad,0xff,0xff,0xdf,0xff,0xff,0xff,0xff,0xff,0xfb,0xde,0xce,0x73,0x38,0xc6,
    0xff,0xff,0xdf,0xff,0xff,0xff,0x7e,0xef,0x92,0x94,0x79,0xd6,0xff,0xff,0xdf,0xff,
    0xff,0xff,0xff,0xff,0xff,0xff,0xff,0xff,0x70,0x9c,0x43,0x39,0xe5,0x61,0xa3,0x59,
    0x83,0x61,0x84,0x59,0x84,0x51,0x83,0x59,0x83,0x59,0x83,0x51,0x83,0x51,0x83,0x51,
    0x83,0x51,0x83,0x51,0x83,0x51,0x83,0x51,0x63,0x51,0x63,0x51,0x63,0x51,0x63,0x49,
    0x42,0x49,0x42,0x49,0x42,0x49,0x63,0x49,0x63,0x49,0x42,0x49,0x42,0x49,0x42,0x49,
    0x22,0x41,0x22,0x41,0x22,0x41,0x22,0x41,0x23,0x41,0x43,0x41,0x43,0x41,0x22,0x41,
    0x02,0x39,0x02,0x39,0x23,0x41,0x84,0x49,0xc5,0x51,0x26,0x5a,0x26,0x62,0x66,0x62,
    0x87,0x6a,0xa7,0x72,0xc8,0x72,0x29,0x83,0x29,0x83,0x29,0x83,0x29,0x7b,0x29,0x7b,
    0x29,0x7b,0x29,0x7b,0x29,0x83,0x49,0x83,0x49,0x83,0x6a,0x83,0x49,0x83,0x29,0x7b,
    0x49,0x83,0x4a,0x83,0x6a,0x83,0x8a,0x83,0x8a,0x83,0x8a,0x83,0x8a,0x8b,0x6a,0x83,
    0x6a,0x83,0x8a,0x8b,0x8a,0x8b,0x8a,0x8b,0x8a,0x8b,0x8a,0x8b,0x8a,0x8b,0xaa,0x8b,
    0xaa,0x8b,0xca,0x9b,0xcc,0xbc,0xcc,0xbc,0xcc,0xbc,0xcc,0xbc,0xcc,0xbc,0xcc,0xbc,
    0xcc,0xbc,0xcc,0xbc,0xcc,0xbc,0xcc,0xbc,0xcc,0xbc,0xcc,0xbc,0xcc,0xbc,0xcc,0xbc,
    0xcc,0xbc,0xcc,0xbc,0xcc,0xbc,0xcc,0xbc,0xcc,0xbc,0xcc,0xbc,0xcc,0xbc,0xcc,0xbc,
    0xcc,0xbc,0xcc,0xbc,0xcc,0xbc,0xec,0xbc,0x4b,0xb4,0x03,0x72,0x04,0x7a,0x04,0x72,
    0xe3,0x71,0xe3,0x71,0x04,0x72,0xe4,0x71,0xe4,0x71,0xe4,0x71,0xe4,0x71,0xe3,0x69,
    0xe3,0x69,0xe3,0x69,0xe3,0x69,0xe3,0x69,0xc3,0x69,0xc3,0x69,0xc3,0x69,0xc3,0x69,
    0xc3,0x69,0xc3,0x69,0xe3,0x71,0x03,0x72,0x03,0x72,0x03,0x72,0x04,0x72,0x04,0x72,
    0x04,0x72,0xe4,0x71,0xe4,0x71,0xe4,0x71,0xe4,0x71,0x04,0x72,0x04,0x6a,0x04,0x6a,
    0x04,0x6a,0x04,0x6a,0x04,0x6a,0x04,0x72,0x04,0x72,0x24,0x72,0x04,0x6a,0xe3,0x69,
    0xc3,0x61,0xc3,0x61,0xc3,0x61,0xa3,0x61,0xa3,0x61,0xc3,0x69,0xc3,0x61,0xa3,0x61,
    0xc3,0x61,0xc4,0x69,0xc4,0x69,0xc4,0x69,0xe4,0x69,0xe4,0x69,0xe4,0x69,0x04,0x6a,
    0x04,0x6a,0xe4,0x69,0xe4,0x69,0xe4,0x69,0x04,0x6a,0x04,0x6a,0x04,0x6a,0x04,0x6a,
    0x04,0x6a,0x04,0x6a,0xe4,0x69,0xe4,0x69,0xe4,0x69,0x25,0x6a,0x63,0x41,0x70,0x9c,
    0xff,0xff,0xff,0xff,0xff,0xff,0xdf,0xff,0x96,0xb5,0xdb,0xde,0xff,0xff,0xdf,0xff,
    0xdf,0xff,0xff,0xff,0xdf,0xff,0xff,0xff,0x13,0xad,0xc0,0x30,0x05,0x62,0x23,0x39,
    0x50,0x94,0xff,0xff,0xff,0xff,0xdf,0xff,0xff,0xff,0xdb,0xde,0x71,0x8c,0x1c,0xe7,
    0xff,0xff,0xff,0xff,0xff,0xff,0xff,0xff,0x13,0xad,0xe7,0x49,0xb5,0xb5,0xff,0xff,
    0xff,0xff,0xff,0xff,0x7d,0xef,0x75,0xad,0x3c,0xe7,0xff,0xff,0xff,0xff,0xff,0xff,
    0xff,0xff,0xff,0xff,0xff,0xff,0xd5,0xbd,0x83,0x41,0xa3,0x51,0x83,0x59,0x84,0x59,
    0x23,0x41,0xb2,0xa4,0xff,0xff,0xff,0xff,0xdf,0xff,0xff,0xff,0x3c,0xe7,0x28,0x4a,
    0x18,0xc6,0xff,0xff,0xff,0xff,0xdf,0xff,0xff,0xff,0x95,0xb5,0xa6,0x31,0x6d,0x6b,
    0x0c,0x63,0x2c,0x63,0xae,0x73,0xd3,0x9c,0xb6,0xb5,0x9e,0xf7,0xff,0xff,0xdf,0xff,
    0xff,0xff,0xff,0xff,0xd7,0xbd,0x08,0x42,0x59,0xce,0xff,0xff,0xdf,0xff,0xff,0xff,
    0xff,0xff,0xb6,0xb5,0xcb,0x5a,0x7d,0xef,0xff,0xff,0xff,0xff,0xff,0xff,0xff,0xff,
    0xae,0x73,0x30,0x84,0xff,0xff,0xdf,0xff,0xff,0xff,0xff,0xff,0x9e,0xf7,0xca,0x5a,
    0xd6,0xbd,0xff,0xff,0xdf,0xff,0xff,0xff,0xff,0xff,0x37,0xd6,0xe6,0x59,0x05,0x62,
    0xc5,0x51,0x58,0xd6,0xff,0xff,0xff,0xff,0xff,0xff,0xff,0xff,0x37,0xd6,0x84,0x49,
    0x26,0x62,0xe6,0x59,0x0b,0x73,0x0c,0x63,0xeb,0x5a,0x6d,0x6b,0x92,0x94,0x34,0xa5,
    0x1c,0xe7,0xff,0xff,0xff,0xff,0xff,0xff,0xff,0xff,0x1b,0xe7,0xef,0x7b,0x18,0xc6,
    0xff,0xff,0xdf,0xff,0xff,0xff,0x1c,0xe7,0xd7,0xbd,0x9e,0xf7,0xff,0xff,0xff,0xff,
    0xff,0xff,0xff,0xff,0xff,0xff,0xff,0xff,0x70,0x9c,0x43,0x41,0xe5,0x61,0xa3,0x61,
    0xa4,0x61,0xa4,0x59,0xa4,0x59,0xa4,0x59,0xa3,0x59,0xa4,0x59,0xa4,0x59,0xa4,0x59,
    0xa4,0x59,0xa3,0x59,0x83,0x51,0x83,0x51,0x83,0x51,0x83,0x51,0x83,0x51,0x63,0x51,
    0x63,0x51,0x62,0x51,0x63,0x51,0x63,0x51,0x83,0x51,0x63,0x51,0x63,0x49,0x42,0x49,
    0x22,0x41,0x22,0x41,0x22,0x41,0x22,0x41,0x43,0x41,0x43,0x41,0x22,0x41,0x02,0x39,
    0x01,0x39,0x02,0x39,0x02,0x39,0x22,0x41,0x63,0x41,0x63,0x49,0x42,0x41,0x42,0x41,
    0x63,0x49,0xa3,0x49,0xc3,0x51,0x05,0x5a,0x26,0x62,0x66,0x62,0x87,0x6a,0x87,0x6a,
    0xa8,0x72,0xe8,0x72,0xe8,0x7a,0xe8,0x7a,0xe8,0x7a,0x08,0x7b,0xe8,0x7a,0x08,0x7b,
    0x29,0x7b,0x4a,0x83,0x49,0x83,0x49,0x83,0x49,0x83,0x49,0x83,0x69,0x83,0x49,0x83,
    0x49,0x83,0x69,0x83,0x6a,0x8b,0x6a,0x8b,0x6a,0x8b,0x6a,0x8b,0x8a,0x8b,0xaa,0x8b,
    0xaa,0x8b,0xca,0x9b,0xcc,0xbc,0xcc,0xbc,0xcc,0xbc,0xcc,0xbc,0xcc,0xbc,0xcc,0xbc,
    0xcc,0xbc,0xcc,0xbc,0xcc,0xbc,0xcc,0xbc,0xcc,0xbc,0xcc,0xbc,0xcc,0xbc,0xcc,0xbc,
    0xcc,0xbc,0xcc,0xbc,0xcc,0xbc,0xcc,0xbc,0xcc,0xbc,0xcc,0xbc,0xcc,0xbc,0xcc,0xbc,
    0xcc,0xbc,0xcc,0xbc,0xcc,0xbc,0xec,0xbc,0x4b,0xb4,0x03,0x72,0x04,0x7a,0x04,0x7a,
    0xe3,0x71,0x04,0x72,0x24,0x7a,0x04,0x72,0x04,0x72,0x04,0x72,0x04,0x72,0x04,0x72,
    0x04,0x72,0x04,0x72,0x04,0x72,0x24,0x72,0x04,0x72,0x04,0x72,0x04,0x72,0x03,0x72,
    0x03,0x72,0xe3,0x69,0x03,0x72,0x03,0x72,0x03,0x72,0x03,0x72,0x04,0x72,0x04,0x72,
    0x04,0x72,0xe4,0x71,0xe3,0x71,0xe3,0x71,0xe3,0x71,0xe3,0x69,0x04,0x6a,0x04,0x72,
    0x24,0x72,0x04,0x72,0x04,0x6a,0x24,0x72,0x24,0x72,0x25,0x72,0x25,0x72,0x04,0x6a,
    0x04,0x6a,0xe4,0x69,0xc3,0x69,0xc3,0x61,0xa3,0x61,0xa3,0x61,0xa3,0x61,0x83,0x61,
    0xa3,0x61,0xa3,0x61,0xa3,0x61,0xa3,0x61,0xc4,0x69,0xc4,0x69,0xc3,0x69,0xe4,0x69,
    0x04,0x6a,0xe4,0x69,0xe4,0x69,0xe4,0x69,0xe4,0x69,0xe4,0x69,0xe4,0x69,0xe4,0x69,
    0x04,0x6a,0xe4,0x69,0xe4,0x69,0xe4,0x69,0xe4,0x69,0x25,0x6a,0x63,0x41,0x70,0x9c,
    0xff,0xff,0xff,0xff,0xff,0xff,0xde,0xff,0xdb,0xde,0x9e,0xf7,0xff,0xff,0xdf,0xff,
    0xdf,0xff,0xff,0xff,0xff,0xff,0xff,0xff,0x13,0xad,0xc1,0x30,0xe5,0x59,0xa5,0x49,
    0x95,0xb5,0xff,0xff,0xff,0xff,0xdf,0xff,0xff,0xff,0x38,0xc6,0xef,0x7b,0x3c,0xe7,
    0xff,0xff,0xff,0xff,0xff,0xff,0xff,0xff,0x13,0xad,0xe7,0x49,0xb5,0xb5,0xff,0xff,
    0xff,0xff,0xff,0xff,0x9e,0xf7,0xba,0xd6,0xdf,0xff,0xff,0xff,0xdf,0xff,0xff,0xff,
    0xff,0xff,0xff,0xff,0xff,0xff,0xd5,0xbd,0x83,0x41,0x83,0x59,0x83,0x59,0x84,0x59,
    0x23,0x41,0xb2,0xa4,0xff,0xff,0xff,0xff,0xdf,0xff,0xff,0xff,0x3c,0xe7,0x28,0x4a,
    0x18,0xc6,0xff,0xff,0xff,0xff,0xdf,0xff,0xff,0xff,0xd7,0xbd,0x81,0x10,0x81,0x10,
    0xc2,0x18,0xeb,0x5a,0x55,0xad,0x1c,0xe7,0xff,0xff,0xff,0xff,0xff,0xff,0xff,0xff,
    0xff,0xff,0xff,0xff,0xf7,0xc5,0x08,0x42,0x58,0xce,0xff,0xff,0xdf,0xff,0xff,0xff,
    0xff,0xff,0xb6,0xb5,0xcb,0x5a,0x7d,0xef,0xff,0xff,0xff,0xff,0xff,0xff,0xff,0xff,
    0xae,0x73,0x30,0x84,0xff,0xff,0xff,0xff,0xff,0xff,0xff,0xff,0x9e,0xf7,0xca,0x5a,
    0xd6,0xbd,0xff,0xff,0xdf,0xff,0xff,0xff,0xff,0xff,0x37,0xd6,0x06,0x5a,0x05,0x62,
    0xc5,0x51,0x58,0xd6,0xff,0xff,0xff,0xff,0xff,0xff,0xff,0xff,0x37,0xd6,0x84,0x49,
    0x47,0x6a,0xe5,0x59,0xe2,0x28,0x81,0x10,0x07,0x3a,0xb2,0x94,0x99,0xd6,0xdf,0xff,
    0xff,0xff,0xff,0xff,0xff,0xff,0xff,0xff,0xff,0xff,0x3c,0xe7,0x10,0x84,0x18,0xc6,
    0xff,0xff,0xdf,0xff,0xff,0xff,0x3c,0xe7,0x9a,0xd6,0xff,0xff,0xff,0xff,0xdf,0xff,
    0xdf,0xff,0xff,0xff,0xff,0xff,0xff,0xff,0x70,0x9c,0x63,0x41,0x05,0x6a,0xc3,0x69,
    0xa4,0x69,0xc4,0x61,0xc5,0x61,0xa4,0x61,0xa3,0x61,0xa4,0x61,0xa4,0x61,0xa4,0x61,
    0xa4,0x59,0xa4,0x59,0xa3,0x59,0xa3,0x59,0xa3,0x59,0x83,0x51,0x83,0x51,0x83,0x51,
    0x63,0x51,0x63,0x51,0x83,0x51,0x83,0x51,0x63,0x49,0x83,0x51,0x83,0x51,0x83,0x51,
    0x63,0x49,0x63,0x49,0x63,0x49,0x63,0x49,0x63,0x49,0x63,0x49,0x43,0x41,0x22,0x41,
    0x42,0x41,0x43,0x41,0x22,0x41,0x02,0x41,0x43,0x41,0x63,0x49,0x42,0x41,0x22,0x41,
    0x22,0x41,0x01,0x39,0x01,0x39,0xe1,0x38,0x21,0x39,0x42,0x41,0x63,0x49,0xc4,0x51,
    0xe5,0x59,0x26,0x62,0x66,0x6a,0x87,0x6a,0x87,0x6a,0x87,0x6a,0xa7,0x72,0xc8,0x72,
    0xe8,0x7a,0x29,0x83,0x29,0x7b,0x28,0x7b,0x28,0x7b,0x28,0x7b,0x49,0x83,0x28,0x7b,
    0x29,0x7b,0x49,0x83,0x69,0x83,0x69,0x83,0x69,0x83,0x69,0x83,0x6a,0x83,0x6a,0x8b,
    0x6a,0x8b,0xca,0x93,0xcc,0xbc,0xcc,0xbc,0xcc,0xbc,0xcc,0xbc,0xcc,0xbc,0xcc,0xbc,
    0xcc,0xbc,0xcc,0xbc,0xcc,0xbc,0xcc,0xbc,0xcc,0xbc,0xcc,0xbc,0xcc,0xbc,0xcc,0xbc,
    0xcc,0xbc,0xcc,0xbc,0xcc,0xbc,0xcc,0xbc,0xcc,0xbc,0xcc,0xbc,0xcc,0xbc,0xcc,0xbc,
    0xcc,0xbc,0xcc,0xbc,0xcc,0xbc,0xcc,0xbc,0x4b,0xb4,0x44,0x7a,0x24,0x7a,0x24,0x7a,
    0x24,0x7a,0x24,0x7a,0x24,0x7a,0x24,0x7a,0x24,0x7a,0x24,0x7a,0x24,0x7a,0x24,0x72,
    0x24,0x72,0x24,0x72,0x04,0x72,0x24,0x72,0x24,0x7a,0x45,0x7a,0x44,0x7a,0x24,0x7a,
    0x24,0x72,0x23,0x72,0x24,0x72,0x24,0x72,0x24,0x72,0x24,0x72,0x04,0x72,0x04,0x72,
    0x04,0x72,0x04,0x72,0x04,0x72,0x04,0x72,0xe4,0x71,0xe3,0x69,0xe3,0x69,0x04,0x6a,
    0x24,0x72,0x24,0x72,0x04,0x72,0x04,0x6a,0x04,0x6a,0x24,0x72,0x25,0x72,0x24,0x72,
    0x24,0x72,0x04,0x6a,0xe4,0x69,0xe4,0x69,0xc3,0x69,0xa3,0x61,0xa3,0x61,0x83,0x61,
    0x83,0x61,0x83,0x61,0x83,0x61,0x82,0x61,0x83,0x61,0xa3,0x61,0xa3,0x61,0xa3,0x61,
    0xa3,0x61,0xc3,0x69,0xe4,0x69,0xe4,0x69,0xe4,0x69,0xe4,0x69,0x04,0x6a,0x04,0x6a,
    0xe4,0x69,0xe4,0x69,0xe4,0x69,0xe4,0x69,0xe4,0x69,0x25,0x6a,0x63,0x41,0x70,0x9c,
    0xff,0xff,0xff,0xff,0xff,0xff,0xdf,0xff,0xbe,0xf7,0xdf,0xff,0xff,0xff,0xfb,0xde,
    0x7d,0xef,0xff,0xff,0xdf,0xff,0xff,0xff,0x13,0xad,0xe1,0x30,0xa4,0x49,0x06,0x52,
    0x79,0xd6,0xff,0xff,0xff,0xff,0xdf,0xff,0xff,0xff,0xb2,0x94,0xaa,0x52,0x5d,0xef,
    0xff,0xff,0xff,0xff,0xff,0xff,0xff,0xff,0x13,0xad,0xe7,0x49,0xb6,0xbd,0xff,0xff,
    0xff,0xff,0xff,0xff,0xdf,0xff,0xbe,0xf7,0xff,0xff,0xdf,0xff,0x3c,0xe7,0x9e,0xf7,
    0xff,0xff,0xff,0xff,0xff,0xff,0xd5,0xc5,0x84,0x49,0xa4,0x59,0x84,0x61,0x84,0x59,
    0x23,0x41,0xb2,0xa4,0xff,0xff,0xff,0xff,0xdf,0xff,0xff,0xff,0x3c,0xe7,0x28,0x4a,
    0x18,0xc6,0xff,0xff,0xff,0xff,0xdf,0xff,0xff,0xff,0xb6,0xbd,0xc3,0x18,0x2c,0x63,
    0x99,0xd6,0xff,0xff,0xff,0xff,0xff,0xff,0xbe,0xf7,0xdf,0xff,0xff,0xff,0xff,0xff,
    0xdf,0xff,0xff,0xff,0x18,0xc6,0x28,0x42,0x59,0xce,0xff,0xff,0xff,0xff,0xff,0xff,
    0xff,0xff,0xb6,0xb5,0xcb,0x5a,0x7d,0xef,0xff,0xff,0xff,0xff,0xff,0xff,0xff,0xff,
    0xae,0x73,0x30,0x84,0xff,0xff,0xff,0xff,0xff,0xff,0xff,0xff,0xbe,0xf7,0xcb,0x5a,
    0xb6,0xb5,0xff,0xff,0xdf,0xff,0xff,0xff,0xff,0xff,0x37,0xd6,0xe6,0x51,0xe5,0x61,
    0xc5,0x51,0x58,0xd6,0xff,0xff,0xff,0xff,0xff,0xff,0xff,0xff,0x37,0xd6,0x84,0x49,
    0x67,0x6a,0xe5,0x59,0x48,0x5a,0x95,0xb5,0xdf,0xff,0xff,0xff,0xff,0xff,0xff,0xff,
    0xbe,0xf7,0xff,0xff,0xff,0xff,0xff,0xff,0xff,0xff,0x3c,0xe7,0x30,0x84,0x17,0xc6,
    0xff,0xff,0xff,0xff,0xff,0xff,0xbe,0xf7,0xbf,0xf7,0xff,0xff,0xde,0xff,0x3c,0xe7,
    0xbf,0xf7,0xff,0xff,0xdf,0xff,0xff,0xff,0x91,0x9c,0x63,0x41,0x04,0x6a,0xc3,0x69,
    0xa3,0x69,0xc5,0x69,0xe5,0x69,0xc4,0x61,0xa3,0x61,0xc4,0x61,0xc4,0x61,0xc4,0x61,
    0xc4,0x61,0xc4,0x61,0xc3,0x59,0xc3,0x59,0xa3,0x59,0xa3,0x59,0xa3,0x59,0xa3,0x59,
    0x83,0x51,0x83,0x51,0x83,0x51,0x83,0x51,0x83,0x51,0x83,0x51,0x83,0x51,0x83,0x51,
    0x83,0x51,0x83,0x51,0x83,0x51,0x83,0x51,0x84,0x51,0x83,0x49,0x83,0x49,0x63,0x49,
    0x43,0x49,0x43,0x49,0x43,0x49,0x43,0x49,0x43,0x49,0x43,0x49,0x42,0x49,0x22,0x41,
    0x22,0x41,0x22,0x41,0x21,0x41,0x01,0x41,0x01,0x41,0x01,0x41,0x01,0x41,0x42,0x49,
    0x42,0x49,0x42,0x49,0xe4,0x59,0x05,0x62,0x05,0x62,0x05,0x5a,0x26,0x62,0x26,0x62,
    0x26,0x62,0x66,0x6a,0xa7,0x6a,0xa7,0x72,0xa7,0x72,0xa7,0x72,0xa7,0x72,0xc7,0x72,
    0x08,0x7b,0x28,0x7b,0x29,0x83,0x4a,0x83,0x6a,0x83,0x49,0x83,0x49,0x83,0x49,0x83,
    0x49,0x83,0xaa,0x93,0xcc,0xbc,0xcc,0xbc,0xcc,0xbc,0xcc,0xbc,0xcc,0xbc,0xcc,0xbc,
    0xcc,0xbc,0xcc,0xbc,0xcc,0xbc,0xcc,0xbc,0xcc,0xbc,0xcc,0xbc,0xcc,0xbc,0xcc,0xbc,
    0xcc,0xbc,0xcc,0xbc,0xcc,0xbc,0xcc,0xbc,0xcc,0xbc,0xcc,0xbc,0xcc,0xbc,0xcc,0xbc,
    0xcc,0xbc,0xcc,0xbc,0xcc,0xbc,0xcc,0xbc,0x4b,0xb4,0x44,0x7a,0x24,0x7a,0x24,0x7a,
    0x44,0x7a,0x24,0x7a,0x24,0x7a,0x24,0x7a,0x24,0x7a,0x24,0x7a,0x24,0x7a,0x24,0x7a,
    0x24,0x7a,0x24,0x7a,0x24,0x72,0x24,0x7a,0x44,0x7a,0x44,0x7a,0x44,0x7a,0x44,0x7a,
    0x24,0x7a,0x24,0x72,0x24,0x72,0x24,0x72,0x24,0x72,0x24,0x72,0x04,0x72,0x04,0x72,
    0x04,0x72,0x04,0x72,0x04,0x72,0x04,0x72,0x04,0x72,0x03,0x6a,0x03,0x6a,0x04,0x6a,
    0x24,0x72,0x24,0x72,0x04,0x72,0x04,0x6a,0xe3,0x69,0x04,0x6a,0x04,0x6a,0x04,0x6a,
    0x04,0x6a,0xe4,0x69,0xe4,0x69,0xe3,0x69,0xc3,0x69,0xa3,0x61,0xa3,0x61,0x83,0x61,
    0x82,0x61,0x62,0x59,0x62,0x59,0x62,0x59,0x62,0x59,0x62,0x59,0x62,0x59,0x62,0x59,
    0x62,0x59,0x83,0x61,0xa3,0x61,0xc3,0x61,0xc4,0x69,0xc4,0x69,0xe4,0x69,0xe4,0x69,
    0xe4,0x69,0xe4,0x69,0xe4,0x69,0xe4,0x69,0xe4,0x69,0x05,0x6a,0x63,0x41,0x70,0x9c,
    0xff,0xff,0xff,0xff,0xff,0xff,0xff,0xff,0xdf,0xff,0xff,0xff,0xdf,0xff,0xf7,0xbd,
    0x1c,0xe7,0xff,0xff,0xdf,0xff,0xff,0xff,0xf3,0xac,0xe2,0x30,0x63,0x41,0x88,0x5a,
    0x3c,0xef,0xff,0xff,0xdf,0xff,0xff,0xff,0xff,0xff,0x51,0x8c,0xaa,0x52,0x5d,0xef,
    0xff,0xff,0xff,0xff,0xff,0xff,0xff,0xff,0x14,0xad,0xe7,0x49,0xb6,0xbd,0xff,0xff,
    0xff,0xff,0xff,0xff,0xff,0xff,0xff,0xff,0xff,0xff,0x9e,0xf7,0xf7,0xbd,0x9e,0xf7,
    0xff,0xff,0xdf,0xff,0xff,0xff,0xd5,0xc5,0x84,0x49,0xa4,0x59,0x84,0x61,0x84,0x59,
    0x23,0x41,0xb2,0xa4,0xff,0xff,0xff,0xff,0xdf,0xff,0xff,0xff,0x3c,0xe7,0x28,0x4a,
    0x18,0xc6,0xff,0xff,0xff,0xff,0xdf,0xff,0xff,0xff,0xb6,0xb5,0xa6,0x39,0xda,0xde,
    0xff,0xff,0xff,0xff,0xdf,0xff,0xbe,0xf7,0x38,0xc6,0xfb,0xde,0xff,0xff,0xff,0xff,
    0xff,0xff,0xff,0xff,0x18,0xc6,0x28,0x4a,0x38,0xce,0xff,0xff,0xff,0xff,0xdf,0xff,
    0xff,0xff,0xb6,0xb5,0xcb,0x5a,0x7d,0xef,0xff,0xff,0xff,0xff,0xff,0xff,0xff,0xff,
    0xae,0x73,0x30,0x84,0xff,0xff,0xff,0xff,0xff,0xff,0xff,0xff,0x9e,0xf7,0xcb,0x5a,
    0xb6,0xb5,0xff,0xff,0xdf,0xff,0xff,0xff,0xff,0xff,0x37,0xd6,0xe6,0x51,0xe5,0x61,
    0xc5,0x51,0x58,0xd6,0xff,0xff,0xff,0xff,0xff,0xff,0xff,0xff,0x17,0xce,0x63,0x41,
    0x26,0x62,0xc5,0x51,0x13,0xb5,0xff,0xff,0xfe,0xff,0xfe,0xff,0xff,0xff,0x9a,0xd6,
    0x38,0xc6,0xff,0xff,0xff,0xff,0xff,0xff,0xff,0xff,0x3c,0xe7,0x30,0x84,0x17,0xc6,
    0xff,0xff,0xff,0xff,0xdf,0xff,0xdf,0xff,0xff,0xff,0xff,0xff,0x3c,0xef,0x59,0xce,
    0xbf,0xf7,0xff,0xff,0xdf,0xff,0xff,0xff,0x91,0x9c,0x63,0x49,0x04,0x6a,0xc3,0x69,
    0xc4,0x71,0xe5,0x69,0x05,0x6a,0xe4,0x69,0xc3,0x69,0xc4,0x69,0xc4,0x69,0xc4,0x69,
    0xc4,0x61,0xc3,0x61,0xc3,0x61,0xc3,0x61,0xc3,0x61,0xc4,0x59,0xc4,0x59,0xc4,0x59,
    0xc4,0x59,0xa4,0x59,0xa4,0x59,0xa4,0x59,0xa3,0x59,0xa3,0x59,0x83,0x51,0x83,0x51,
    0x83,0x51,0x83,0x51,0x63,0x51,0x63,0x51,0x83,0x49,0x63,0x49,0x63,0x49,0x63,0x49,
    0x63,0x49,0x63,0x49,0x63,0x49,0x63,0x49,0x63,0x49,0x63,0x49,0x63,0x49,0x42,0x49,
    0x42,0x49,0x42,0x41,0x42,0x41,0x22,0x41,0x22,0x41,0x22,0x41,0x21,0x41,0x22,0x41,
    0x22,0x41,0x21,0x41,0x63,0x49,0x63,0x49,0x63,0x49,0x63,0x49,0x83,0x49,0x42,0x49,
    0x22,0x41,0x83,0x49,0xc4,0x51,0xe4,0x59,0x04,0x5a,0x25,0x62,0x25,0x5a,0x45,0x62,
    0x86,0x6a,0xc7,0x72,0xc7,0x72,0xa7,0x72,0xc7,0x72,0xe8,0x7a,0xe8,0x7a,0x08,0x7b,
    0x08,0x7b,0x69,0x8b,0xcc,0xbc,0xcc,0xbc,0xcc,0xbc,0xcc,0xbc,0xcc,0xbc,0xcc,0xbc,
    0xcc,0xbc,0xcc,0xbc,0xcc,0xbc,0xcc,0xbc,0xcc,0xbc,0xcc,0xbc,0xcc,0xbc,0xcc,0xbc,
    0xcc,0xbc,0xcc,0xbc,0xcc,0xbc,0xcc,0xbc,0xcc,0xbc,0xcc,0xbc,0xcc,0xbc,0xcc,0xbc,
    0xcc,0xbc,0xcc,0xbc,0xcc,0xbc,0xec,0xc4,0x4b,0xb4,0x64,0x7a,0x45,0x7a,0x44,0x7a,
    0x44,0x7a,0x44,0x7a,0x44,0x7a,0x44,0x7a,0x44,0x7a,0x44,0x7a,0x44,0x7a,0x44,0x7a,
    0x44,0x7a,0x44,0x7a,0x44,0x7a,0x44,0x7a,0x44,0x7a,0x44,0x7a,0x44,0x7a,0x44,0x7a,
    0x44,0x7a,0x24,0x7a,0x23,0x7a,0x23,0x7a,0x23,0x7a,0x24,0x7a,0x24,0x7a,0x24,0x7a,
    0x24,0x7a,0x24,0x7a,0x04,0x72,0x04,0x72,0x04,0x72,0x04,0x72,0x04,0x72,0x04,0x6a,
    0x04,0x6a,0x04,0x6a,0x03,0x6a,0xe3,0x69,0xe3,0x69,0xe3,0x69,0xe4,0x69,0xe3,0x69,
    0xe3,0x69,0xe4,0x69,0xe3,0x69,0xc3,0x61,0xc3,0x61,0xa3,0x61,0xa3,0x61,0x83,0x61,
    0x82,0x61,0x62,0x59,0x62,0x59,0x62,0x59,0x42,0x59,0x42,0x59,0x62,0x59,0x62,0x59,
    0x62,0x59,0x62,0x59,0x82,0x61,0x83,0x61,0xc3,0x61,0xc4,0x69,0xc4,0x69,0xc4,0x69,
    0xe4,0x69,0xe4,0x69,0xe4,0x69,0xe4,0x69,0xe4,0x69,0x05,0x6a,0x43,0x41,0x70,0x9c,
    0xff,0xff,0xff,0xff,0xff,0xff,0xff,0xff,0xdf,0xff,0xff,0xff,0x3c,0xe7,0x34,0xa5,
    0x3c,0xe7,0xff,0xff,0xdf,0xff,0xff,0xff,0x14,0xad,0xe2,0x30,0xa4,0x49,0x2f,0x8c,
    0xff,0xff,0xff,0xff,0xdf,0xff,0xff,0xff,0xdf,0xff,0xcf,0x7b,0xeb,0x5a,0x5d,0xef,
    0xff,0xff,0xff,0xff,0xff,0xff,0xff,0xff,0x14,0xad,0x07,0x4a,0xb6,0xbd,0xff,0xff,
    0xff,0xff,0xff,0xff,0xff,0xff,0xff,0xff,0xff,0xff,0xfb,0xde,0xf3,0x9c,0x9e,0xf7,
    0xff,0xff,0xdf,0xff,0xff,0xff,0xd5,0xc5,0x84,0x49,0xa4,0x59,0xa4,0x61,0x84,0x59,
    0x43,0x41,0xd2,0xa4,0xff,0xff,0xff,0xff,0xdf,0xff,0xff,0xff,0x3c,0xe7,0x28,0x4a,
    0x18,0xc6,0xff,0xff,0xff,0xff,0xde,0xff,0xff,0xff,0x75,0xad,0xca,0x5a,0xbe,0xf7,
    0xff,0xff,0xff,0xff,0xff,0xff,0x5d,0xef,0x92,0x94,0x9a,0xd6,0xff,0xff,0xdf,0xff,
    0xff,0xff,0xff,0xff,0x18,0xc6,0x48,0x4a,0xf7,0xbd,0xff,0xff,0xff,0xff,0xdf,0xff,
    0xff,0xff,0xb6,0xb5,0xcb,0x5a,0x7d,0xef,0xff,0xff,0xff,0xff,0xff,0xff,0xff,0xff,
    0xae,0x73,0x30,0x84,0xff,0xff,0xff,0xff,0xff,0xff,0xff,0xff,0x9e,0xf7,0xcb,0x5a,
    0xb6,0xb5,0xff,0xff,0xdf,0xff,0xff,0xff,0xff,0xff,0x37,0xd6,0xe6,0x51,0xe5,0x61,
    0xc5,0x51,0x58,0xd6,0xff,0xff,0xff,0xff,0xff,0xff,0xff,0xff,0x37,0xd6,0x83,0x49,
    0x05,0x5a,0xe5,0x59,0x57,0xd6,0xff,0xff,0xfe,0xff,0xfe,0xff,0xff,0xff,0x14,0xa5,
    0x55,0xad,0xff,0xff,0xff,0xff,0xff,0xff,0xff,0xff,0x3c,0xe7,0x30,0x84,0x17,0xc6,
    0xff,0xff,0xdf,0xff,0xdf,0xff,0xff,0xff,0xdf,0xff,0xff,0xff,0xd6,0xbd,0xf3,0x9c,
    0xff,0xff,0xff,0xff,0xdf,0xff,0xff,0xff,0x91,0x9c,0x83,0x51,0x25,0x72,0xe4,0x71,
    0xe4,0x71,0x05,0x72,0x25,0x72,0x04,0x72,0xe3,0x71,0xc3,0x69,0xc3,0x69,0xc3,0x69,
    0xe4,0x69,0xe4,0x69,0xe4,0x69,0xe4,0x69,0xe4,0x61,0xe4,0x61,0xe4,0x61,0xe4,0x61,
    0xe4,0x61,0xe4,0x61,0xe4,0x61,0xe4,0x61,0xc4,0x59,0xc4,0x59,0xa3,0x59,0xa3,0x59,
    0xa3,0x59,0xa3,0x51,0x83,0x51,0x83,0x51,0x83,0x51,0x83,0x51,0x83,0x51,0x63,0x51,
    0x83,0x51,0x83,0x51,0x83,0x51,0x84,0x51,0x84,0x51,0x83,0x51,0x63,0x51,0x63,0x49,
    0x63,0x49,0x63,0x49,0x62,0x49,0x63,0x49,0x63,0x49,0x62,0x49,0x42,0x49,0x62,0x49,
    0x63,0x49,0x42,0x49,0x42,0x49,0x42,0x49,0x42,0x49,0x42,0x49,0x42,0x49,0xe1,0x40,
    0xc0,0x38,0x22,0x41,0x62,0x49,0x62,0x49,0x82,0x49,0xa3,0x51,0xa3,0x51,0xc3,0x51,
    0xe4,0x59,0x04,0x5a,0x05,0x5a,0x04,0x5a,0x05,0x5a,0x25,0x62,0x46,0x62,0x66,0x6a,
    0x87,0x6a,0x07,0x7b,0xcc,0xbc,0xcc,0xbc,0xcc,0xbc,0xcc,0xbc,0xcc,0xbc,0xcc,0xbc,
    0xcc,0xbc,0xcc,0xbc,0xcc,0xbc,0xcc,0xbc,0xcc,0xbc,0xcc,0xbc,0xcc,0xbc,0xcc,0xbc,
    0xcc,0xbc,0xcc,0xbc,0xcc,0xbc,0xcc,0xbc,0xcc,0xbc,0xcc,0xbc,0xcc,0xbc,0xcc,0xbc,
    0xcc,0xbc,0xcc,0xbc,0xcc,0xbc,0xec,0xc4,0x4b,0xb4,0x64,0x7a,0x44,0x7a,0x44,0x7a,
    0x44,0x7a,0x44,0x7a,0x44,0x7a,0x64,0x82,0x64,0x82,0x64,0x82,0x64,0x82,0x64,0x82,
    0x64,0x82,0x64,0x7a,0x64,0x82,0x64,0x82,0x44,0x7a,0x44,0x7a,0x44,0x82,0x64,0x82,
    0x44,0x7a,0x44,0x7a,0x23,0x7a,0x23,0x7a,0x23,0x7a,0x24,0x7a,0x45,0x7a,0x45,0x7a,
    0x45,0x7a,0x25,0x7a,0x24,0x72,0x04,0x72,0x04,0x72,0x04,0x72,0x24,0x72,0x04,0x6a,
    0x03,0x6a,0x03,0x6a,0xe3,0x69,0xe3,0x69,0xe3,0x69,0xc3,0x69,0xc3,0x61,0xc3,0x61,
    0xc3,0x61,0xc3,0x61,0xc3,0x61,0xa3,0x61,0xa3,0x61,0xa3,0x61,0xa3,0x61,0x83,0x61,
    0x83,0x61,0x83,0x61,0x83,0x61,0x82,0x61,0x62,0x59,0x62,0x59,0x62,0x59,0x62,0x59,
    0x62,0x59,0x62,0x59,0x83,0x61,0xa3,0x61,0xe4,0x69,0xe4,0x69,0xe4,0x69,0xe4,0x69,
    0xe4,0x69,0xe4,0x69,0xe4,0x69,0xe4,0x69,0xc4,0x69,0x05,0x6a,0x43,0x41,0x70,0x94,
    0xff,0xff,0xff,0xff,0xff,0xff,0xff,0xff,0xdf,0xff,0xff,0xff,0xb6,0xbd,0x6d,0x73,
    0x5d,0xef,0xff,0xff,0xdf,0xff,0xff,0xff,0x34,0xb5,0x20,0x10,0x63,0x39,0xf6,0xc5,
    0xff,0xff,0xdf,0xff,0xdf,0xff,0xff,0xff,0xd7,0xbd,0x24,0x21,0x8a,0x52,0x3c,0xe7,
    0xff,0xff,0xff,0xff,0xff,0xff,0xff,0xff,0xb2,0x9c,0x65,0x31,0x95,0xb5,0xff,0xff,
    0xff,0xff,0xff,0xff,0xff,0xff,0xff,0xff,0xff,0xff,0xf7,0xc5,0x91,0x94,0x9e,0xf7,
    0xff,0xff,0xff,0xff,0xff,0xff,0xb5,0xc5,0x84,0x49,0xa4,0x61,0xa4,0x61,0xa5,0x61,
    0x44,0x49,0xd2,0xa4,0xff,0xff,0xff,0xff,0xdf,0xff,0xff,0xff,0x3c,0xe7,0x29,0x4a,
    0x18,0xc6,0xff,0xff,0xff,0xff,0xdf,0xff,0xff,0xff,0x75,0xad,0xeb,0x5a,0x9e,0xf7,
    0xff,0xff,0xdf,0xff,0xff,0xff,0xba,0xd6,0xf0,0x83,0xdb,0xde,0xff,0xff,0xff,0xff,
    0xff,0xff,0xff,0xff,0x17,0xc6,0x28,0x4a,0xd6,0xbd,0xff,0xff,0xde,0xff,0xdf,0xff,
    0xff,0xff,0xd7,0xbd,0xcb,0x5a,0x7d,0xef,0xff,0xff,0xff,0xff,0xff,0xff,0xff,0xff,
    0xae,0x73,0x30,0x84,0xff,0xff,0xff,0xff,0xdf,0xff,0xff,0xff,0x9e,0xf7,0xca,0x5a,
    0xb6,0xb5,0xff,0xff,0xdf,0xff,0xff,0xff,0xff,0xff,0x37,0xd6,0xe6,0x59,0xe5,0x61,
    0xc5,0x51,0x58,0xd6,0xff,0xff,0xff,0xff,0xff,0xff,0xff,0xff,0x37,0xd6,0x83,0x49,
    0x05,0x5a,0x05,0x5a,0x78,0xde,0xff,0xff,0xff,0xff,0xfe,0xff,0xbe,0xf7,0x71,0x8c,
    0x75,0xad,0xff,0xff,0xdf,0xff,0xff,0xff,0xff,0xff,0x3c,0xef,0x30,0x84,0x17,0xc6,
    0xff,0xff,0xff,0xff,0xff,0xff,0xff,0xff,0xdf,0xff,0xff,0xff,0x71,0x94,0xcf,0x7b,
    0xff,0xff,0xff,0xff,0xdf,0xff,0xff,0xff,0x91,0x9c,0xa3,0x51,0x45,0x7a,0x04,0x7a,
    0x04,0x7a,0x25,0x7a,0x45,0x7a,0x25,0x7a,0x04,0x72,0x04,0x72,0x04,0x72,0x04,0x72,
    0x04,0x72,0x04,0x6a,0x04,0x6a,0x04,0x6a,0xe4,0x69,0xe4,0x69,0xe4,0x69,0xe4,0x61,
    0xc4,0x61,0xc4,0x61,0xc4,0x61,0xc4,0x61,0xc4,0x61,0xc4,0x59,0xc4,0x59,0xc4,0x59,
    0xc4,0x61,0xc4,0x59,0xc4,0x59,0xc4,0x59,0xc4,0x59,0xa4,0x59,0xa4,0x59,0xa4,0x51,
    0x84,0x51,0xa4,0x51,0xa4,0x51,0xa4,0x51,0x84,0x51,0x84,0x51,0x83,0x51,0x83,0x51,
    0x83,0x51,0x83,0x51,0x83,0x51,0x83,0x51,0x83,0x51,0x83,0x51,0x63,0x49,0x63,0x49,
    0x83,0x51,0x63,0x49,0x42,0x49,0x42,0x49,0x42,0x49,0x42,0x49,0x22,0x49,0x22,0x41,
    0x02,0x41,0x22,0x49,0x42,0x49,0x62,0x49,0x62,0x49,0x62,0x49,0x62,0x49,0x62,0x49,
    0x62,0x49,0x62,0x49,0x62,0x49,0x83,0x49,0xa3,0x49,0x83,0x49,0x62,0x49,0xa3,0x49,
    0xa3,0x49,0x65,0x6a,0xcc,0xbc,0xcc,0xbc,0xcc,0xbc,0xcc,0xbc,0xcc,0xbc,0xcc,0xbc,
    0xcc,0xbc,0xcc,0xbc,0xcc,0xbc,0xcc,0xbc,0xcc,0xbc,0xcc,0xbc,0xcc,0xbc,0xcc,0xbc,
    0xcc,0xbc,0xcc,0xbc,0xcc,0xbc,0xcc,0xbc,0xcc,0xbc,0xcc,0xbc,0xcc,0xbc,0xcc,0xbc,
    0xcc,0xbc,0xcc,0xbc,0xcc,0xbc,0xcc,0xbc,0x4b,0xb4,0x64,0x7a,0x44,0x82,0x64,0x82,
    0x64,0x82,0x64,0x82,0x64,0x82,0x64,0x82,0x64,0x82,0x64,0x82,0x64,0x82,0x64,0x7a,
    0x85,0x82,0xa5,0x82,0x85,0x82,0x65,0x82,0x64,0x82,0x44,0x7a,0x44,0x82,0x64,0x82,
    0x44,0x82,0x44,0x7a,0x44,0x7a,0x44,0x7a,0x23,0x7a,0x24,0x7a,0x44,0x7a,0x24,0x7a,
    0x24,0x7a,0x24,0x7a,0x24,0x7a,0x24,0x7a,0x24,0x7a,0x24,0x72,0x24,0x72,0x24,0x72,
    0x24,0x72,0x24,0x72,0x03,0x72,0x03,0x6a,0x03,0x6a,0xe3,0x69,0xe3,0x69,0xe3,0x69,
    0xc3,0x69,0xc3,0x69,0xc3,0x61,0xc3,0x61,0xc3,0x61,0xc3,0x69,0xc3,0x69,0xc3,0x69,
    0xc3,0x69,0xc4,0x69,0xc4,0x69,0xe3,0x69,0xc3,0x69,0xa3,0x61,0xa3,0x61,0xa3,0x61,
    0xa3,0x61,0xa3,0x61,0xc3,0x69,0xe4,0x69,0xe4,0x69,0xe4,0x69,0xe4,0x69,0xe4,0x69,
    0xc4,0x69,0xc4,0x69,0xc4,0x69,0xc4,0x69,0xa4,0x69,0xe5,0x61,0x43,0x39,0x70,0x94,
    0xfe,0xff,0xfe,0xff,0xfe,0xff,0xff,0xff,0xff,0xff,0xde,0xff,0x0f,0x8c,0xcb,0x62,
    0x7e,0xef,0xff,0xff,0xdf,0xf7,0xff,0xff,0x13,0xa5,0x07,0x4a,0xb5,0xbd,0x9d,0xf7,
    0xff,0xff,0xbf,0xf7,0xff,0xff,0xff,0xff,0x99,0xd6,0x13,0xa5,0xf7,0xbd,0x9d,0xf7,
    0xdf,0xff,0xdf,0xff,0xde,0xff,0xde,0xff,0x99,0xd6,0x30,0x8c,0x95,0xb5,0xff,0xff,
    0xff,0xff,0xff,0xff,0xff,0xff,0xff,0xff,0xbd,0xff,0x8c,0x73,0x2f,0x8c,0xbe,0xf7,
    0xff,0xff,0xff,0xff,0xff,0xff,0xb5,0xc5,0xa4,0x59,0xc4,0x69,0xc4,0x69,0xc5,0x61,
    0x43,0x49,0xd1,0xa4,0xfe,0xff,0xff,0xff,0xdf,0xff,0xff,0xff,0x1c,0xe7,0x8a,0x4a,
    0x18,0xbe,0xff,0xff,0xff,0xff,0xdf,0xff,0xff,0xff,0x74,0xb5,0xea,0x5a,0x9d,0xf7,
    0xff,0xff,0xdf,0xff,0xff,0xff,0x9a,0xd6,0x6e,0x73,0xba,0xd6,0xff,0xff,0xdf,0xff,
    0xff,0xff,0xff,0xff,0x37,0xce,0x47,0x52,0xf6,0xc5,0xff,0xff,0xde,0xff,0xde,0xff,
    0xff,0xff,0x96,0xb5,0xaa,0x52,0x5d,0xef,0xff,0xff,0xde,0xff,0xff,0xff,0xde,0xff,
    0xae,0x7b,0x0f,0x84,0xff,0xff,0xff,0xff,0xdf,0xff,0xff,0xff,0x7d,0xef,0x89,0x52,
    0xd6,0xbd,0xff,0xff,0xdf,0xf7,0xdf,0xff,0xdf,0xff,0xd6,0xd5,0x27,0x62,0x05,0x62,
    0xc5,0x51,0x38,0xd6,0xff,0xff,0xff,0xff,0xdf,0xff,0xff,0xff,0xf6,0xcd,0xa3,0x49,
    0x04,0x62,0xe4,0x59,0x57,0xde,0xff,0xff,0xdf,0xff,0xff,0xff,0x7e,0xf7,0x10,0x84,
    0x55,0xad,0xff,0xff,0xdf,0xff,0xdf,0xff,0xff,0xff,0x3c,0xef,0x10,0x8c,0x18,0xc6,
    0xff,0xff,0xff,0xff,0xff,0xff,0xff,0xff,0xff,0xff,0x3b,0xf7,0x07,0x52,0xee,0x83,
    0xff,0xff,0xde,0xff,0xfe,0xff,0xff,0xff,0x91,0x9c,0x83,0x51,0x45,0x72,0x25,0x72,
    0x45,0x7a,0x25,0x7a,0x25,0x7a,0x24,0x7a,0x44,0x7a,0x24,0x7a,0x24,0x72,0x24,0x72,
    0x24,0x72,0x24,0x72,0x24,0x72,0x24,0x72,0x24,0x72,0x04,0x6a,0xe4,0x69,0xe4,0x69,
    0xc3,0x69,0xc4,0x69,0xc4,0x69,0xc4,0x69,0xe4,0x61,0xe4,0x61,0xe4,0x61,0xe4,0x61,
    0xe4,0x61,0xc4,0x61,0xc4,0x61,0xc4,0x61,0xc4,0x59,0xc4,0x59,0xc4,0x59,0xc4,0x59,
    0xc4,0x59,0xc4,0x59,0xa4,0x59,0xa4,0x59,0xa4,0x59,0xa4,0x59,0xa4,0x59,0xa4,0x59,
    0x83,0x59,0x83,0x59,0x83,0x59,0x83,0x51,0x83,0x51,0x83,0x51,0x83,0x51,0x83,0x51,
    0x83,0x51,0x83,0x51,0x63,0x49,0x62,0x49,0x62,0x49,0x62,0x49,0x63,0x49,0x42,0x49,
    0x22,0x41,0x42,0x49,0x62,0x49,0x62,0x49,0x62,0x49,0x62,0x49,0x62,0x49,0x62,0x49,
    0x62,0x49,0x62,0x49,0x63,0x49,0x63,0x49,0x62,0x49,0x62,0x49,0x62,0x49,0x42,0x41,
    0x22,0x39,0xe3,0x59,0xcc,0xbc,0xcc,0xbc,0xcc,0xbc,0xcc,0xbc,0xcc,0xbc,0xcc,0xbc,
    0xcc,0xbc,0xcc,0xbc,0xcc,0xbc,0xcc,0xbc,0xcc,0xbc,0xcc,0xbc,0xcc,0xbc,0xcc,0xbc,
    0xcc,0xbc,0xcc,0xbc,0xcc,0xbc,0xcc,0xbc,0xcc,0xbc,0xcc,0xbc,0xcc,0xbc,0xcc,0xbc,
    0xcc,0xbc,0xcc,0xbc,0xcc,0xbc,0xcd,0xbc,0x4b,0xb4,0x64,0x7a,0x64,0x82,0x64,0x82,
    0x64,0x82,0x64,0x82,0x64,0x82,0x64,0x82,0x64,0x82,0x64,0x82,0x84,0x82,0x84,0x82,
    0x85,0x82,0x85,0x82,0x85,0x82,0x64,0x82,0x64,0x82,0x64,0x82,0x64,0x82,0x64,0x82,
    0x44,0x82,0x44,0x7a,0x64,0x82,0x64,0x82,0x64,0x82,0x44,0x82,0x44,0x7a,0x24,0x7a,
    0x24,0x7a,0x24,0x7a,0x44,0x7a,0x44,0x7a,0x44,0x82,0x44,0x7a,0x24,0x72,0x24,0x72,
    0x24,0x72,0x24,0x72,0x24,0x72,0x03,0x72,0x03,0x72,0x03,0x72,0x03,0x72,0xe3,0x69,
    0xe3,0x69,0x04,0x72,0x04,0x72,0x04,0x72,0x04,0x72,0x04,0x72,0x04,0x72,0x04,0x72,
    0x04,0x72,0x04,0x72,0x04,0x72,0x04,0x72,0x04,0x72,0x04,0x6a,0xe4,0x69,0xe4,0x69,
    0xe4,0x69,0xe4,0x69,0x04,0x6a,0x04,0x72,0xe4,0x69,0xe4,0x69,0xe4,0x69,0xe4,0x69,
    0xc4,0x69,0xc4,0x69,0xc4,0x69,0xc4,0x69,0xa3,0x69,0xe4,0x61,0x42,0x39,0x70,0x94,
    0xff,0xff,0xff,0xff,0xff,0xff,0xff,0xf7,0xff,0xff,0x1b,0xef,0x44,0x39,0xeb,0x62,
    0x7e,0xef,0xff,0xff,0xdf,0xf7,0xff,0xff,0xd2,0x9c,0x8d,0x73,0xff,0xff,0xff,0xff,
    0xff,0xff,0xff,0xff,0xff,0xff,0xdf,0xff,0xff,0xff,0xff,0xff,0xff,0xff,0xff,0xff,
    0xdf,0xff,0xff,0xff,0xff,0xff,0xff,0xff,0xff,0xff,0x17,0xc6,0x96,0xb5,0xff,0xff,
    0xff,0xff,0xff,0xff,0xdf,0xff,0xff,0xff,0xda,0xe6,0x27,0x4a,0x2f,0x8c,0xbe,0xf7,
    0xff,0xff,0xff,0xf7,0xff,0xff,0xb5,0xc5,0xa4,0x51,0xc4,0x69,0xc4,0x69,0xe5,0x61,
    0x64,0x49,0xd1,0xa4,0xfe,0xff,0xff,0xff,0xdf,0xff,0xff,0xff,0x5d,0xef,0x92,0x94,
    0xdb,0xde,0xff,0xff,0xff,0xff,0xdf,0xff,0xff,0xff,0x33,0xad,0xca,0x5a,0x9d,0xf7,
    0xdf,0xff,0xdf,0xff,0xff,0xff,0xdb,0xde,0xd3,0x9c,0x1c,0xe7,0xff,0xff,0xff,0xff,
    0xff,0xff,0xff,0xff,0x17,0xc6,0x68,0x52,0xd5,0xbd,0xff,0xff,0xff,0xff,0xdf,0xff,
    0xff,0xff,0x18,0xc6,0x92,0x94,0xde,0xff,0xff,0xff,0xbe,0xff,0xff,0xff,0x7c,0xf7,
    0x2b,0x73,0xce,0x83,0x9d,0xf7,0xde,0xff,0xdf,0xff,0xff,0xff,0x7d,0xef,0x50,0x8c,
    0x99,0xce,0xff,0xff,0xff,0xf7,0xdf,0xff,0xde,0xff,0xb1,0xac,0x05,0x62,0x05,0x6a,
    0xc4,0x51,0x38,0xd6,0xff,0xff,0xff,0xff,0xff,0xff,0xff,0xff,0x16,0xd6,0x83,0x49,
    0x25,0x62,0x05,0x5a,0x78,0xde,0xff,0xff,0xff,0xff,0xff,0xff,0x9e,0xf7,0x14,0xa5,
    0x18,0xc6,0xff,0xff,0xff,0xff,0xdf,0xff,0xff,0xff,0x3c,0xe7,0x10,0x84,0x18,0xc6,
    0xff,0xff,0xff,0xf7,0xff,0xff,0xff,0xff,0xff,0xff,0x57,0xd6,0xc2,0x28,0x0f,0x84,
    0xff,0xff,0xff,0xff,0xdf,0xff,0xff,0xff,0x91,0x9c,0x83,0x51,0x45,0x72,0x25,0x72,
    0x25,0x7a,0x24,0x7a,0x24,0x7a,0x24,0x7a,0x24,0x7a,0x24,0x7a,0x24,0x72,0x24,0x72,
    0x24,0x72,0x44,0x7a,0x44,0x7a,0x44,0x7a,0x24,0x72,0x24,0x72,0x04,0x72,0x04,0x6a,
    0xe4,0x69,0xe4,0x69,0xe4,0x69,0xe4,0x69,0xe4,0x69,0xe4,0x69,0xe4,0x69,0xe4,0x69,
    0xe4,0x69,0xe4,0x69,0xc4,0x61,0xc4,0x61,0xe4,0x61,0xe4,0x61,0xe4,0x61,0xe4,0x61,
    0xc4,0x61,0xc4,0x61,0xc4,0x59,0xc4,0x61,0xc4,0x61,0xc4,0x61,0xc4,0x61,0xa4,0x59,
    0xa4,0x59,0xa4,0x59,0xa4,0x59,0xa4,0x59,0xa4,0x59,0xa4,0x59,0xa4,0x59,0x83,0x51,
    0x83,0x51,0x83,0x51,0x83,0x51,0x83,0x49,0x83,0x49,0x83,0x49,0x83,0x49,0x63,0x49,
    0x63,0x49,0x63,0x49,0x63,0x49,0x62,0x49,0x62,0x49,0x62,0x49,0x62,0x49,0x62,0x49,
    0x62,0x49,0x62,0x49,0x63,0x49,0x63,0x49,0x63,0x49,0x62,0x49,0x42,0x41,0x42,0x41,
    0x21,0x39,0xc3,0x59,0xcc,0xbc,0xcc,0xbc,0xcc,0xbc,0xcc,0xbc,0xcc,0xbc,0xcc,0xbc,
    0xcc,0xbc,0xcc,0xbc,0xcc,0xbc,0xcc,0xbc,0xcc,0xbc,0xcc,0xbc,0xcc,0xbc,0xcc,0xbc,
    0xcc,0xbc,0xcc,0xbc,0xcc,0xbc,0xcc,0xbc,0xcc,0xbc,0xcc,0xbc,0xcc,0xbc,0xcc,0xbc,
    0xcc,0xbc,0xcc,0xbc,0xcc,0xbc,0xcd,0xbc,0x4b,0xb4,0x64,0x7a,0x64,0x82,0x64,0x82,
    0x64,0x82,0x64,0x82,0x64,0x82,0x64,0x82,0x64,0x82,0x85,0x82,0x85,0x82,0xa5,0x82,
    0x84,0x82,0x64,0x82,0x64,0x82,0x64,0x82,0x64,0x82,0x64,0x82,0x64,0x82,0x64,0x82,
    0x44,0x82,0x44,0x7a,0x64,0x82,0x64,0x82,0x64,0x82,0x44,0x82,0x44,0x7a,0x24,0x7a,
    0x24,0x7a,0x24,0x7a,0x44,0x7a,0x44,0x7a,0x44,0x7a,0x44,0x7a,0x44,0x7a,0x44,0x7a,
    0x44,0x7a,0x44,0x7a,0x44,0x7a,0x24,0x72,0x23,0x72,0x24,0x72,0x24,0x72,0x24,0x72,
    0x04,0x72,0x24,0x72,0x24,0x72,0x24,0x72,0x25,0x72,0x25,0x7a,0x25,0x72,0x24,0x72,
    0x24,0x72,0x04,0x72,0x04,0x72,0x04,0x72,0x04,0x72,0x04,0x6a,0xe4,0x69,0xe4,0x69,
    0xe4,0x69,0xe4,0x69,0xe4,0x69,0xe4,0x69,0xe4,0x69,0xe4,0x69,0xe4,0x69,0xe3,0x69,
    0xc3,0x61,0xc3,0x61,0xc3,0x61,0xc3,0x69,0xa3,0x69,0xe4,0x61,0x22,0x41,0x50,0x94,
    0xfe,0xff,0xdf,0xf7,0xdf,0xf7,0xff,0xf7,0xff,0xff,0xb5,0xc5,0x03,0x31,0x0b,0x6b,
    0x5d,0xef,0xff,0xff,0xde,0xf7,0xff,0xff,0xd3,0x9c,0x4d,0x6b,0xbe,0xf7,0xff,0xff,
    0xdf,0xf7,0xdf,0xf7,0xdf,0xf7,0xff,0xff,0xdf,0xf7,0xbe,0xf7,0xbe,0xf7,0xdf,0xff,
    0xff,0xff,0xff,0xff,0xff,0xff,0xdf,0xff,0xff,0xff,0xb6,0xb5,0x75,0xad,0xff,0xff,
    0xdf,0xff,0xdf,0xff,0xde,0xff,0xff,0xff,0xb1,0x9c,0x65,0x39,0x70,0x94,0x7d,0xf7,
    0xdf,0xff,0xdf,0xf7,0xff,0xff,0x95,0xbd,0xa4,0x51,0xe4,0x61,0xe5,0x69,0xe5,0x61,
    0x64,0x51,0xd2,0xa4,0xff,0xff,0xff,0xff,0xdf,0xff,0xdf,0xff,0xdf,0xff,0xdf,0xff,
    0xdf,0xff,0xff,0xff,0xff,0xff,0xde,0xff,0xff,0xff,0x53,0xad,0x0b,0x63,0xbd,0xf7,
    0xff,0xff,0xff,0xff,0xff,0xff,0xdf,0xff,0xdf,0xf7,0xdf,0xf7,0xdf,0xf7,0xff,0xff,
    0xdf,0xf7,0xff,0xff,0x38,0xc6,0x48,0x4a,0x30,0x8c,0xff,0xff,0xff,0xff,0xdf,0xff,
    0xdf,0xf7,0xdf,0xf7,0xbf,0xf7,0xdf,0xff,0xdf,0xff,0xdf,0xff,0xff,0xff,0x37,0xce,
    0xa4,0x41,0x88,0x62,0x99,0xde,0xff,0xff,0xdf,0xff,0xdf,0xff,0xdf,0xf7,0xbe,0xf7,
    0xdf,0xf7,0xdf,0xf7,0xdf,0xf7,0xff,0xff,0x5c,0xf7,0x47,0x62,0xe4,0x59,0x25,0x6a,
    0xc4,0x51,0x37,0xd6,0xff,0xff,0xdf,0xf7,0xdf,0xff,0xff,0xff,0x17,0xce,0xa4,0x49,
    0x25,0x62,0x46,0x62,0x78,0xde,0xff,0xff,0xdf,0xf7,0xdf,0xf7,0xdf,0xff,0xdf,0xf7,
    0xdf,0xf7,0xff,0xff,0xdf,0xf7,0xdf,0xf7,0xff,0xff,0x1c,0xe7,0x10,0x84,0xf8,0xc5,
    0xff,0xff,0xdf,0xff,0xdf,0xf7,0xdf,0xff,0xbe,0xff,0x2f,0x94,0x03,0x31,0xef,0x83,
    0xdf,0xff,0xdf,0xf7,0xdf,0xff,0xdf,0xff,0x71,0x9c,0x83,0x51,0x45,0x72,0x24,0x72,
    0x25,0x7a,0x24,0x7a,0x24,0x7a,0x24,0x7a,0x24,0x7a,0x24,0x7a,0x24,0x7a,0x24,0x72,
    0x24,0x7a,0x24,0x7a,0x24,0x7a,0x24,0x7a,0x44,0x7a,0x45,0x7a,0x24,0x72,0x24,0x72,
    0x04,0x72,0x04,0x72,0x05,0x72,0x05,0x72,0x04,0x72,0x04,0x6a,0x04,0x6a,0x04,0x6a,
    0x04,0x6a,0x04,0x6a,0xe4,0x69,0xe4,0x61,0xe4,0x61,0xe4,0x61,0xe4,0x61,0xe4,0x61,
    0xe4,0x61,0xc4,0x61,0xc4,0x61,0xc4,0x61,0xc4,0x61,0xc4,0x61,0xc4,0x61,0xc4,0x61,
    0xc4,0x61,0xc4,0x61,0xc4,0x61,0xc4,0x61,0xc4,0x61,0xc4,0x61,0xc4,0x59,0xa4,0x59,
    0xa3,0x59,0xa3,0x59,0xa3,0x51,0xa3,0x51,0xa3,0x51,0xa3,0x51,0x83,0x51,0x83,0x51,
    0xa3,0x51,0x83,0x51,0x83,0x51,0x83,0x51,0x83,0x51,0x83,0x51,0x83,0x51,0x83,0x51,
    0x83,0x51,0x83,0x51,0x63,0x49,0x63,0x49,0x63,0x49,0x63,0x49,0x63,0x49,0x42,0x41,
    0x22,0x41,0xe3,0x59,0xcc,0xbc,0xcc,0xbc,0xcc,0xbc,0xcc,0xbc,0xcc,0xbc,0xcc,0xbc,
    0xcc,0xbc,0xcc,0xbc,0xcc,0xbc,0xcc,0xbc,0xcc,0xbc,0xcc,0xbc,0xcc,0xbc,0xcc,0xbc,
    0xcc,0xbc,0xcc,0xbc,0xcc,0xbc,0xcc,0xbc,0xcc,0xbc,0xcc,0xbc,0xcc,0xbc,0xcc,0xbc,
    0xcc,0xbc,0xcc,0xbc,0xcc,0xbc,0xcd,0xbc,0x4b,0xb4,0x64,0x7a,0x64,0x82,0x64,0x82,
    0x64,0x82,0x85,0x82,0x64,0x82,0x64,0x82,0x85,0x82,0x85,0x82,0x85,0x82,0xa5,0x82,
    0x84,0x82,0x64,0x82,0x64,0x7a,0x64,0x82,0x64,0x82,0x64,0x82,0x64,0x82,0x64,0x82,
    0x64,0x82,0x44,0x82,0x44,0x7a,0x44,0x7a,0x44,0x7a,0x44,0x7a,0x44,0x7a,0x24,0x7a,
    0x24,0x7a,0x24,0x7a,0x24,0x7a,0x24,0x7a,0x24,0x7a,0x44,0x7a,0x44,0x7a,0x44,0x7a,
    0x44,0x7a,0x44,0x7a,0x44,0x7a,0x44,0x7a,0x24,0x72,0x44,0x7a,0x44,0x7a,0x44,0x7a,
    0x24,0x72,0x24,0x7a,0x24,0x72,0x24,0x72,0x24,0x72,0x24,0x72,0x24,0x72,0x24,0x72,
    0x24,0x72,0x04,0x72,0x04,0x72,0x04,0x72,0x04,0x72,0x04,0x72,0x04,0x72,0x04,0x72,
    0x04,0x6a,0x04,0x6a,0xe4,0x69,0xe4,0x69,0xe4,0x69,0xe4,0x69,0xc3,0x69,0xc3,0x69,
    0xa3,0x61,0xa3,0x61,0xa3,0x61,0xa3,0x69,0xc3,0x69,0xe4,0x61,0x22,0x41,0xd2,0xac,
    0xff,0xff,0xff,0xff,0xff,0xff,0xff,0xff,0xff,0xff,0x2b,0x7b,0xe2,0x30,0x6d,0x83,
    0xdf,0xff,0xff,0xff,0xff,0xff,0xff,0xff,0xf3,0xa4,0x4c,0x6b,0xdf,0xff,0xdf,0xf7,
    0xff,0xff,0xff,0xff,0xff,0xff,0xff,0xff,0xff,0xff,0xff,0xff,0xff,0xff,0xff,0xff,
    0xff,0xff,0xff,0xff,0xdf,0xf7,0xdf,0xff,0xff,0xff,0xf7,0xbd,0xf7,0xbd,0xff,0xff,
    0xff,0xff,0xff,0xff,0xff,0xff,0xbd,0xff,0x2b,0x73,0x23,0x31,0xb1,0xa4,0xff,0xff,
    0xff,0xff,0xff,0xff,0xff,0xff,0x17,0xd6,0xa5,0x51,0x05,0x6a,0x05,0x6a,0x06,0x6a,
    0x84,0x51,0xd2,0xa4,0xff,0xff,0xff,0xff,0xdf,0xff,0xdf,0xff,0xbf,0xff,0x3c,0xef,
    0xff,0xff,0xff,0xff,0xff,0xff,0xff,0xff,0x7c,0xf7,0x2b,0x73,0x06,0x4a,0x37,0xce,
    0xff,0xff,0xff,0xff,0xff,0xff,0xff,0xff,0xbe,0xf7,0xde,0xf7,0xff,0xff,0xff,0xff,
    0xff,0xff,0xff,0xff,0xba,0xde,0x48,0x52,0x27,0x52,0x17,0xce,0xff,0xff,0xff,0xff,
    0xff,0xff,0xff,0xff,0xff,0xff,0xff,0xff,0xff,0xff,0xff,0xff,0xda,0xde,0xc9,0x6a,
    0xc4,0x51,0x63,0x41,0xad,0x8b,0x7c,0xf7,0xff,0xff,0xff,0xff,0xff,0xff,0xff,0xff,
    0xff,0xff,0xff,0xff,0xff,0xff,0x3b,0xef,0x2e,0x9c,0xc4,0x51,0x45,0x6a,0x04,0x62,
    0xe4,0x59,0xb8,0xe6,0xff,0xff,0xff,0xff,0xff,0xff,0xff,0xff,0x79,0xde,0x64,0x49,
    0x46,0x6a,0xc5,0x59,0x90,0xa4,0xff,0xff,0xff,0xff,0xff,0xff,0xff,0xff,0xff,0xff,
    0x9d,0xef,0xff,0xff,0xff,0xff,0xff,0xff,0xff,0xff,0xbe,0xf7,0x71,0x9c,0x79,0xd6,
    0xff,0xff,0xff,0xff,0xff,0xff,0xff,0xff,0x5c,0xef,0x89,0x62,0x03,0x31,0x50,0x94,
    0xff,0xff,0xff,0xff,0xff,0xff,0xff,0xff,0xd2,0xac,0x62,0x51,0x25,0x72,0x24,0x72,
    0x24,0x7a,0x04,0x7a,0x04,0x7a,0x24,0x7a,0x24,0x7a,0x24,0x7a,0x24,0x72,0x24,0x72,
    0x24,0x72,0x04,0x72,0x04,0x72,0x04,0x72,0x44,0x7a,0x45,0x7a,0x44,0x7a,0x24,0x7a,
    0x24,0x7a,0x25,0x7a,0x25,0x7a,0x25,0x72,0x25,0x72,0x25,0x72,0x25,0x72,0x25,0x72,
    0x24,0x72,0x04,0x72,0x04,0x6a,0x04,0x6a,0xe4,0x69,0xe4,0x69,0xe4,0x69,0xe4,0x69,
    0xe4,0x69,0xe4,0x61,0xc4,0x61,0xc4,0x61,0xc4,0x61,0xc4,0x61,0xc4,0x61,0xc4,0x61,
    0xc4,0x61,0xc4,0x61,0xa4,0x61,0xc4,0x61,0xc4,0x61,0xc4,0x61,0xc4,0x61,0xa3,0x59,
    0xa3,0x59,0xa3,0x59,0xa3,0x59,0xa4,0x59,0xa3,0x59,0xa3,0x59,0xa3,0x59,0xa4,0x59,
    0xc4,0x59,0xa3,0x59,0x83,0x51,0x83,0x51,0x83,0x51,0x83,0x51,0x83,0x51,0x83,0x51,
    0x83,0x51,0x83,0x51,0x83,0x51,0x63,0x51,0x63,0x49,0x63,0x49,0x83,0x51,0x63,0x49,
    0x42,0x41,0x03,0x5a,0xcc,0xbc,0xcc,0xbc,0xcc,0xbc,0xcc,0xbc,0xcc,0xbc,0xcc,0xbc,
    0xcc,0xbc,0xcc,0xbc,0xcc,0xbc,0xcc,0xbc,0xcc,0xbc,0xcc,0xbc,0xcc,0xbc,0xcc,0xbc,
    0xcc,0xbc,0xcc,0xbc,0xcc,0xbc,0xcc,0xbc,0xcc,0xbc,0xcc,0xbc,0xcc,0xbc,0xcc,0xbc,
    0xcc,0xbc,0xcc,0xbc,0xcc,0xbc,0xcd,0xbc,0x4b,0xb4,0x64,0x7a,0x64,0x82,0x64,0x82,
    0x85,0x82,0x85,0x82,0x85,0x82,0x64,0x82,0x64,0x82,0x64,0x82,0x85,0x82,0x84,0x82,
    0x84,0x82,0x84,0x82,0x84,0x82,0x64,0x82,0x64,0x82,0x64,0x82,0x44,0x82,0x44,0x82,
    0x64,0x82,0x64,0x82,0x44,0x7a,0x44,0x7a,0x44,0x7a,0x44,0x7a,0x44,0x7a,0x24,0x7a,
    0x24,0x7a,0x24,0x7a,0x44,0x7a,0x44,0x7a,0x44,0x7a,0x44,0x7a,0x44,0x7a,0x44,0x7a,
    0x44,0x7a,0x44,0x7a,0x44,0x7a,0x44,0x7a,0x44,0x7a,0x44,0x7a,0x44,0x7a,0x24,0x7a,
    0x24,0x7a,0x24,0x7a,0x24,0x7a,0x24,0x72,0x24,0x72,0x24,0x72,0x24,0x7a,0x24,0x7a,
    0x24,0x7a,0x24,0x7a,0x24,0x72,0x04,0x72,0x04,0x72,0x04,0x72,0x04,0x72,0x04,0x72,
    0xe4,0x69,0xe4,0x69,0x04,0x72,0x04,0x72,0x04,0x72,0xe4,0x71,0xc3,0x69,0xc3,0x69,
    0xc3,0x69,0xc3,0x69,0xa3,0x69,0xa2,0x61,0xa2,0x61,0xc3,0x61,0x63,0x49,0x2f,0x9c,
    0xf6,0xcd,0xd6,0xc5,0xd6,0xc5,0xf7,0xc5,0x74,0xbd,0x05,0x5a,0x02,0x41,0x4b,0x83,
    0xd6,0xcd,0xd6,0xc5,0xd5,0xc5,0x38,0xce,0x8d,0x7b,0x8d,0x73,0xde,0xff,0xff,0xff,
    0xff,0xff,0x3c,0xef,0xd7,0xbd,0xd6,0xbd,0xd7,0xc5,0xb6,0xc5,0xb6,0xc5,0xd6,0xc5,
    0xd6,0xbd,0xda,0xd6,0xff,0xff,0xdf,0xff,0xff,0xff,0x38,0xce,0xd3,0xa4,0xf7,0xc5,
    0xb6,0xc5,0xb6,0xc5,0xf6,0xcd,0x50,0x9c,0x23,0x39,0xc5,0x51,0x2f,0x9c,0xd6,0xcd,
    0xb6,0xc5,0xb6,0xbd,0xf7,0xc5,0xd2,0xb4,0xc4,0x59,0xe4,0x61,0x05,0x6a,0xe5,0x61,
    0x64,0x51,0xb1,0xa4,0xff,0xff,0xff,0xf7,0xdf,0xef,0xff,0xff,0x1b,0xe7,0x0b,0x63,
    0x34,0xb5,0xd6,0xc5,0xb5,0xc5,0xd5,0xcd,0xac,0x8b,0x83,0x41,0x83,0x41,0x47,0x5a,
    0x74,0xbd,0xf6,0xc5,0xb5,0xc5,0xd6,0xc5,0x13,0xad,0x33,0xb5,0xd6,0xc5,0xd6,0xc5,
    0xb5,0xc5,0xd6,0xc5,0x33,0xb5,0xa9,0x6a,0xa5,0x49,0xe6,0x51,0x13,0xb5,0xb6,0xc5,
    0xb6,0xc5,0xd6,0xc5,0xb6,0xc5,0xb5,0xc5,0xf6,0xcd,0xb1,0xac,0x07,0x52,0x83,0x49,
    0x04,0x62,0xe4,0x61,0x22,0x41,0x0a,0x7b,0xb5,0xc5,0xd6,0xc5,0xb6,0xc5,0xb6,0xbd,
    0xd6,0xbd,0xd6,0xc5,0x74,0xbd,0x67,0x62,0xc4,0x51,0x25,0x62,0x45,0x6a,0x24,0x6a,
    0x05,0x62,0x32,0xbd,0xd6,0xcd,0xd6,0xc5,0xb6,0xc5,0xf7,0xc5,0xb1,0xac,0xa4,0x59,
    0x66,0x72,0x05,0x6a,0x84,0x49,0x91,0x9c,0xf7,0xc5,0xb5,0xbd,0xd6,0xc5,0x54,0xb5,
    0xf2,0xa4,0xb5,0xbd,0xd6,0xc5,0xb5,0xc5,0xb5,0xc5,0x95,0xbd,0x2f,0x9c,0xf3,0xb4,
    0xd6,0xc5,0xb6,0xc5,0xd6,0xc5,0xd5,0xc5,0x4f,0x9c,0x67,0x62,0x85,0x51,0x8c,0x83,
    0xf6,0xcd,0xb6,0xc5,0xd6,0xc5,0xd6,0xcd,0xce,0x93,0x83,0x59,0x24,0x72,0x04,0x72,
    0x04,0x72,0xe4,0x71,0xe4,0x71,0x04,0x72,0x04,0x72,0xe4,0x71,0xe4,0x71,0xe4,0x71,
    0x04,0x72,0x04,0x72,0x04,0x7a,0x04,0x7a,0x24,0x7a,0x44,0x7a,0x44,0x7a,0x24,0x7a,
    0x45,0x7a,0x45,0x7a,0x45,0x7a,0x25,0x7a,0x24,0x72,0x24,0x72,0x24,0x72,0x24,0x72,
    0x25,0x72,0x24,0x72,0x24,0x72,0x24,0x72,0x24,0x72,0x24,0x72,0x24,0x72,0x25,0x72,
    0x04,0x72,0xe4,0x69,0xc4,0x69,0xc4,0x69,0xc4,0x69,0xc4,0x69,0xe4,0x69,0xc3,0x69,
    0xe4,0x69,0xc4,0x69,0xa3,0x61,0xa3,0x61,0xc4,0x61,0xc4,0x61,0xc4,0x61,0xc4,0x61,
    0xc4,0x61,0xc3,0x59,0xc4,0x59,0xc4,0x61,0xc4,0x61,0xc4,0x59,0xc4,0x61,0xc4,0x61,
    0xc4,0x59,0xc4,0x61,0xa4,0x59,0xa4,0x59,0xa4,0x59,0xa4,0x59,0xa4,0x59,0x83,0x59,
    0x83,0x51,0x83,0x51,0xa4,0x59,0x83,0x51,0x63,0x51,0x63,0x49,0x63,0x49,0x83,0x51,
    0x42,0x41,0x03,0x62,0xcc,0xbc,0xcc,0xbc,0xcc,0xbc,0xcc,0xbc,0xcc,0xbc,0xcc,0xbc,
    0xcc,0xbc,0xcc,0xbc,0xcc,0xbc,0xcc,0xbc,0xcc,0xbc,0xcc,0xbc,0xcc,0xbc,0xcc,0xbc,
    0xcc,0xbc,0xcc,0xbc,0xcc,0xbc,0xcc,0xbc,0xcc,0xbc,0xcc,0xbc,0xcc,0xbc,0xcc,0xbc,
    0xcc,0xbc,0xcc,0xbc,0xcc,0xbc,0xcd,0xbc,0x4b,0xb4,0x64,0x7a,0x64,0x82,0x64,0x82,
    0x64,0x82,0x85,0x82,0x85,0x82,0x64,0x82,0x64,0x82,0x64,0x82,0x84,0x82,0x84,0x82,
    0x84,0x82,0x84,0x82,0x84,0x82,0x64,0x82,0x64,0x82,0x64,0x82,0x44,0x7a,0x44,0x7a,
    0x44,0x7a,0x44,0x7a,0x64,0x82,0x44,0x82,0x44,0x7a,0x44,0x7a,0x44,0x82,0x44,0x7a,
    0x44,0x7a,0x44,0x7a,0x44,0x7a,0x44,0x7a,0x44,0x7a,0x44,0x7a,0x44,0x7a,0x44,0x7a,
    0x44,0x7a,0x44,0x7a,0x44,0x7a,0x44,0x7a,0x44,0x7a,0x44,0x7a,0x44,0x7a,0x24,0x7a,
    0x24,0x7a,0x24,0x7a,0x24,0x7a,0x24,0x7a,0x24,0x7a,0x24,0x7a,0x24,0x7a,0x24,0x7a,
    0x24,0x7a,0x24,0x7a,0x24,0x7a,0x24,0x72,0x24,0x72,0x24,0x72,0x24,0x72,0x04,0x72,
    0x04,0x72,0x04,0x72,0x04,0x72,0x04,0x72,0x04,0x72,0x04,0x72,0xe3,0x69,0xe3,0x69,
    0xe3,0x69,0xe3,0x69,0xc3,0x69,0xc3,0x69,0xc2,0x61,0x04,0x6a,0xa4,0x59,0xe2,0x40,
    0xa1,0x30,0xc1,0x30,0xc1,0x28,0xc1,0x28,0xc1,0x30,0x42,0x49,0x83,0x59,0xc1,0x38,
    0xa1,0x30,0xc1,0x28,0x81,0x20,0xc1,0x28,0x40,0x18,0xad,0x7b,0xbe,0xf7,0xde,0xff,
    0xdf,0xff,0x54,0xb5,0xa2,0x20,0xa2,0x20,0xc2,0x30,0x82,0x28,0xa2,0x30,0xc2,0x28,
    0x61,0x10,0x8c,0x73,0xbd,0xf7,0xdf,0xff,0xff,0xff,0x13,0xad,0xa2,0x20,0xa2,0x28,
    0xa2,0x28,0xa1,0x30,0xa1,0x30,0xa0,0x30,0x63,0x49,0x84,0x51,0xe1,0x38,0xc2,0x30,
    0xc2,0x30,0xc2,0x30,0x81,0x30,0xc1,0x38,0xa3,0x59,0xe4,0x69,0xe4,0x69,0x05,0x62,
    0x84,0x51,0xd2,0xac,0xff,0xff,0xff,0xff,0xff,0xff,0xff,0xff,0x7c,0xef,0x84,0x39,
    0xa1,0x28,0xc2,0x30,0xe2,0x38,0xc1,0x38,0x42,0x51,0xe4,0x61,0xe4,0x61,0xc4,0x59,
    0x63,0x49,0xe2,0x38,0xe2,0x38,0x02,0x39,0x43,0x41,0x02,0x39,0xe2,0x38,0xe2,0x38,
    0x02,0x39,0xe2,0x38,0x22,0x41,0x05,0x62,0x26,0x6a,0xe5,0x61,0x63,0x49,0xe2,0x38,
    0xc2,0x30,0xc2,0x30,0xc2,0x30,0xc1,0x38,0x02,0x41,0x83,0x51,0xc4,0x51,0x25,0x6a,
    0xe4,0x69,0x04,0x6a,0x05,0x62,0xa4,0x51,0x42,0x49,0x02,0x39,0xc2,0x30,0xe2,0x30,
    0x02,0x39,0x02,0x39,0x83,0x51,0xc4,0x59,0x45,0x72,0x25,0x72,0x25,0x72,0x66,0x7a,
    0xc4,0x61,0xe1,0x40,0x02,0x39,0xe2,0x38,0xe2,0x38,0xe2,0x38,0x22,0x41,0x05,0x62,
    0x45,0x72,0x45,0x72,0x26,0x6a,0xa4,0x51,0x43,0x41,0x02,0x39,0xe2,0x38,0x63,0x49,
    0x43,0x41,0xe2,0x38,0x02,0x39,0x02,0x39,0x02,0x39,0x02,0x41,0x83,0x51,0x02,0x41,
    0xe2,0x38,0x02,0x39,0x02,0x39,0xe2,0x38,0x42,0x49,0x05,0x6a,0xe5,0x69,0x22,0x49,
    0xc1,0x38,0xc1,0x30,0xe2,0x38,0xc2,0x38,0x43,0x51,0x04,0x6a,0x25,0x72,0x25,0x72,
    0x04,0x72,0xe4,0x71,0xe4,0x71,0x04,0x72,0x04,0x72,0xe4,0x71,0xe4,0x71,0xe4,0x71,
    0xe4,0x71,0x04,0x72,0x04,0x72,0x04,0x7a,0x24,0x7a,0x24,0x7a,0x24,0x7a,0x24,0x7a,
    0x45,0x7a,0x45,0x7a,0x45,0x7a,0x45,0x7a,0x24,0x72,0x24,0x72,0x24,0x72,0x24,0x72,
    0x24,0x72,0x24,0x72,0x24,0x72,0x24,0x72,0x24,0x72,0x44,0x72,0x45,0x7a,0x44,0x72,
    0x25,0x72,0x24,0x72,0x04,0x72,0x04,0x72,0x04,0x72,0x04,0x72,0x04,0x72,0xe4,0x71,
    0xe4,0x71,0xe4,0x71,0xe4,0x69,0xc4,0x69,0xe4,0x69,0xe4,0x69,0xe4,0x69,0xe4,0x69,
    0xe4,0x61,0xc3,0x61,0xc4,0x61,0xc4,0x61,0xc4,0x61,0xc4,0x61,0xc4,0x61,0xc4,0x61,
    0xc4,0x61,0xc4,0x61,0xa4,0x61,0xa3,0x61,0xa3,0x61,0xa3,0x61,0xa3,0x61,0xa3,0x59,
    0x83,0x59,0x83,0x59,0xa4,0x59,0x84,0x59,0x83,0x51,0x83,0x51,0x83,0x51,0xa4,0x51,
    0x63,0x49,0x24,0x62,0xcc,0xbc,0xcc,0xbc,0xcc,0xbc,0xcc,0xbc,0xcc,0xbc,0xcc,0xbc,
    0xcc,0xbc,0xcc,0xbc,0xcc,0xbc,0xcc,0xbc,0xcc,0xbc,0xcc,0xbc,0xcc,0xbc,0xcc,0xbc,
    0xcc,0xbc,0xcc,0xbc,0xcc,0xbc,0xcc,0xbc,0xcc,0xbc,0xcc,0xbc,0xcc,0xbc,0xcc,0xbc,
    0xcc,0xbc,0xcc,0xbc,0xcc,0xbc,0xcd,0xbc,0x4b,0xb4,0x64,0x7a,0x64,0x82,0x64,0x82,
    0x64,0x82,0x64,0x82,0x64,0x82,0x64,0x82,0x64,0x82,0x65,0x82,0x84,0x82,0x84,0x82,
    0x84,0x82,0x84,0x82,0x84,0x82,0x84,0x82,0x84,0x82,0x64,0x82,0x44,0x82,0x44,0x82,
    0x64,0x82,0x64,0x82,0x64,0x82,0x64,0x82,0x64,0x82,0x64,0x82,0x64,0x82,0x64,0x82,
    0x44,0x82,0x44,0x82,0x44,0x82,0x44,0x82,0x44,0x82,0x44,0x7a,0x44,0x7a,0x44,0x7a,
    0x44,0x7a,0x44,0x7a,0x44,0x7a,0x44,0x7a,0x23,0x7a,0x44,0x7a,0x44,0x7a,0x24,0x7a,
    0x24,0x7a,0x24,0x7a,0x24,0x7a,0x24,0x7a,0x24,0x7a,0x24,0x7a,0x24,0x7a,0x24,0x7a,
    0x24,0x7a,0x25,0x7a,0x24,0x7a,0x24,0x7a,0x24,0x72,0x44,0x72,0x24,0x72,0x24,0x72,
    0x24,0x72,0x24,0x72,0x04,0x72,0xe3,0x69,0xe4,0x71,0xe4,0x71,0x04,0x72,0x04,0x72,
    0x04,0x72,0xe4,0x71,0xe4,0x71,0xe3,0x69,0x03,0x6a,0x04,0x6a,0xe5,0x69,0x05,0x6a,
    0x05,0x6a,0xc4,0x61,0xe4,0x59,0xe5,0x59,0xe5,0x59,0xc3,0x61,0x82,0x61,0x83,0x59,
    0xa4,0x51,0xa4,0x51,0x83,0x49,0xc5,0x51,0x02,0x31,0x2f,0x8c,0xff,0xff,0xff,0xff,
    0xff,0xff,0x16,0xce,0x44,0x41,0xa5,0x51,0xa6,0x59,0x85,0x59,0x85,0x59,0xa5,0x59,
    0x23,0x39,0x2f,0x94,0xff,0xff,0xff,0xff,0xff,0xff,0xb6,0xc5,0x44,0x39,0xa5,0x51,
    0xa5,0x51,0xa5,0x59,0xc5,0x59,0xc4,0x59,0xa4,0x59,0xa4,0x59,0xc4,0x59,0xe5,0x59,
    0xe6,0x59,0xe6,0x59,0xe5,0x61,0xe4,0x69,0xe3,0x69,0x03,0x6a,0x24,0x6a,0x25,0x62,
    0xc5,0x59,0x33,0xbd,0x1b,0xef,0x1b,0xe7,0x1b,0xe7,0x1b,0xe7,0x78,0xde,0xc5,0x51,
    0xc5,0x59,0xc5,0x61,0xc5,0x61,0xc4,0x61,0xa3,0x69,0xc3,0x69,0xa3,0x61,0xc3,0x69,
    0xe4,0x69,0x05,0x6a,0x26,0x72,0x26,0x72,0x46,0x72,0x46,0x72,0x46,0x72,0x46,0x72,
    0x46,0x72,0x46,0x72,0x05,0x72,0x25,0x72,0x25,0x72,0x25,0x72,0x26,0x72,0x26,0x6a,
    0x25,0x6a,0x25,0x6a,0x05,0x6a,0x25,0x6a,0x05,0x6a,0xe4,0x69,0xe4,0x69,0xc3,0x69,
    0xe3,0x69,0x24,0x72,0x04,0x72,0x04,0x6a,0xe4,0x69,0x05,0x6a,0x26,0x6a,0x66,0x72,
    0x67,0x7a,0x25,0x72,0x25,0x72,0x04,0x72,0x25,0x72,0x24,0x72,0x25,0x72,0x25,0x72,
    0x46,0x7a,0x46,0x72,0x46,0x72,0x46,0x6a,0x26,0x6a,0x26,0x72,0x25,0x6a,0x45,0x72,
    0x24,0x7a,0x03,0x7a,0x65,0x7a,0x67,0x72,0x67,0x72,0x87,0x7a,0x46,0x72,0x46,0x72,
    0x46,0x72,0x46,0x72,0x67,0x7a,0x66,0x7a,0x66,0x7a,0x66,0x7a,0x45,0x72,0x46,0x72,
    0x46,0x72,0x46,0x6a,0x66,0x72,0x45,0x72,0x24,0x72,0x04,0x72,0x05,0x7a,0x25,0x72,
    0x26,0x6a,0x05,0x62,0x46,0x72,0x25,0x72,0xe4,0x71,0x24,0x6a,0x04,0x6a,0x04,0x72,
    0xe4,0x71,0xe4,0x71,0xe4,0x71,0x04,0x72,0x04,0x72,0xe4,0x71,0xe4,0x71,0xe4,0x71,
    0xe4,0x71,0xe3,0x71,0xe4,0x71,0x04,0x72,0x04,0x7a,0x23,0x7a,0x04,0x7a,0x04,0x7a,
    0x24,0x7a,0x24,0x7a,0x04,0x7a,0x04,0x72,0x04,0x72,0x24,0x72,0x24,0x72,0x24,0x72,
    0x24,0x72,0x24,0x72,0x24,0x72,0x24,0x72,0x24,0x72,0x24,0x72,0x24,0x72,0x24,0x72,
    0x04,0x72,0x04,0x72,0x04,0x72,0x04,0x72,0x04,0x72,0x04,0x72,0x24,0x72,0x04,0x72,
    0xe3,0x71,0xc3,0x69,0xe4,0x71,0xe4,0x71,0xe4,0x71,0xe4,0x71,0x04,0x6a,0xe4,0x69,
    0xe4,0x69,0xc3,0x61,0xc4,0x61,0xc4,0x61,0xc4,0x61,0xa3,0x61,0xc4,0x61,0xc4,0x61,
    0xc4,0x61,0xc4,0x61,0xc4,0x61,0xc3,0x61,0xc3,0x61,0xc3,0x61,0xc3,0x61,0xc3,0x61,
    0xc3,0x61,0xa3,0x59,0xa4,0x59,0xa4,0x59,0xc4,0x59,0xc4,0x59,0xa4,0x59,0xc4,0x59,
    0x83,0x51,0x24,0x62,0xcc,0xbc,0xcc,0xbc,0xcc,0xbc,0xcc,0xbc,0xcc,0xbc,0xcc,0xbc,
    0xcc,0xbc,0xcc,0xbc,0xcc,0xbc,0xcc,0xbc,0xcc,0xbc,0xcc,0xbc,0xcc,0xbc,0xcc,0xbc,
    0xcc,0xbc,0xcc,0xbc,0xcc,0xbc,0xcc,0xbc,0xcc,0xbc,0xcc,0xbc,0xcc,0xbc,0xcc,0xbc,
    0xcc,0xbc,0xcc,0xbc,0xcc,0xbc,0xcc,0xbc,0x4b,0xb4,0x64,0x7a,0x64,0x82,0x64,0x82,
    0x64,0x82,0x64,0x82,0x64,0x82,0x64,0x82,0x64,0x82,0x84,0x82,0x84,0x82,0x84,0x7a,
    0x84,0x82,0x84,0x82,0x84,0x82,0x84,0x82,0x84,0x82,0x84,0x82,0x64,0x82,0x84,0x82,
    0x85,0x82,0x85,0x82,0x84,0x82,0x64,0x82,0x64,0x82,0x64,0x82,0x64,0x82,0x64,0x82,
    0x64,0x82,0x64,0x82,0x64,0x82,0x64,0x82,0x64,0x82,0x64,0x82,0x64,0x7a,0x64,0x7a,
    0x64,0x82,0x64,0x7a,0x44,0x7a,0x44,0x7a,0x43,0x7a,0x44,0x7a,0x44,0x7a,0x24,0x7a,
    0x24,0x7a,0x24,0x7a,0x24,0x7a,0x24,0x7a,0x24,0x7a,0x24,0x7a,0x24,0x7a,0x24,0x7a,
    0x24,0x7a,0x44,0x7a,0x24,0x7a,0x24,0x7a,0x44,0x7a,0x44,0x72,0x44,0x72,0x44,0x72,
    0x44,0x72,0x24,0x72,0x24,0x72,0x04,0x72,0x04,0x72,0x04,0x72,0x04,0x72,0x04,0x72,
    0x24,0x72,0x04,0x72,0x04,0x72,0x24,0x72,0x24,0x72,0x04,0x72,0x04,0x6a,0x05,0x72,
    0x05,0x72,0x04,0x6a,0x04,0x6a,0x25,0x6a,0x25,0x6a,0x04,0x6a,0xe4,0x69,0xe4,0x69,
    0x05,0x6a,0xe4,0x61,0xc4,0x59,0xc4,0x59,0x63,0x41,0x6b,0x7b,0xb5,0xc5,0x74,0xbd,
    0x95,0xbd,0x70,0xa4,0xa4,0x51,0xc5,0x59,0xc5,0x61,0xa5,0x61,0xa5,0x61,0xa4,0x59,
    0x84,0x51,0xac,0x8b,0x95,0xc5,0x54,0xbd,0xb5,0xc5,0x0f,0x9c,0xa5,0x51,0xc5,0x59,
    0xc5,0x59,0xc4,0x61,0xe4,0x61,0xe4,0x69,0xe4,0x69,0xe4,0x69,0x05,0x6a,0x05,0x62,
    0x05,0x62,0x05,0x6a,0x05,0x72,0x04,0x72,0xe3,0x71,0x24,0x7a,0x24,0x72,0x05,0x6a,
    0xc5,0x61,0x64,0x49,0x23,0x41,0x43,0x39,0x43,0x39,0x43,0x41,0x22,0x41,0x22,0x49,
    0xa4,0x61,0x83,0x61,0x83,0x61,0xa3,0x61,0x82,0x69,0xa2,0x69,0xa2,0x69,0x82,0x61,
    0xa2,0x61,0xe4,0x69,0xe4,0x71,0x04,0x72,0x25,0x7a,0x05,0x72,0xe4,0x71,0x04,0x72,
    0x04,0x72,0x04,0x72,0x25,0x7a,0x25,0x7a,0x24,0x7a,0x25,0x72,0x25,0x72,0x05,0x6a,
    0x04,0x6a,0x04,0x6a,0x04,0x6a,0x04,0x72,0x04,0x72,0x04,0x6a,0x03,0x6a,0x24,0x72,
    0xe3,0x71,0x04,0x72,0x04,0x72,0xe4,0x69,0xe4,0x69,0x04,0x6a,0x25,0x72,0x25,0x72,
    0x05,0x72,0x04,0x72,0x24,0x7a,0x24,0x7a,0x24,0x7a,0x24,0x7a,0x45,0x7a,0x25,0x72,
    0x25,0x72,0x25,0x72,0x25,0x72,0x46,0x72,0x25,0x72,0x25,0x72,0x25,0x72,0x44,0x72,
    0x23,0x72,0x24,0x7a,0x24,0x7a,0x25,0x72,0x25,0x72,0x24,0x72,0x25,0x72,0x25,0x72,
    0x25,0x72,0x25,0x7a,0x25,0x7a,0x25,0x7a,0x25,0x7a,0x25,0x7a,0x25,0x7a,0x25,0x7a,
    0x25,0x72,0x04,0x72,0x04,0x72,0x04,0x72,0x24,0x72,0x03,0x7a,0xe4,0x79,0x04,0x72,
    0xe4,0x69,0xc3,0x69,0xe4,0x71,0xe4,0x71,0xe4,0x71,0xe4,0x69,0xe3,0x69,0xe4,0x69,
    0xe3,0x69,0x04,0x72,0x04,0x72,0x04,0x72,0x04,0x72,0x04,0x72,0x04,0x72,0x04,0x72,
    0x04,0x72,0x04,0x72,0x04,0x72,0x04,0x72,0x04,0x72,0x03,0x7a,0x04,0x7a,0x04,0x7a,
    0x04,0x72,0x04,0x72,0x04,0x72,0x04,0x72,0x04,0x72,0x04,0x72,0x04,0x72,0x04,0x72,
    0x24,0x72,0x24,0x72,0x24,0x72,0x04,0x72,0x04,0x72,0x04,0x72,0x04,0x72,0x04,0x72,
    0x04,0x72,0x04,0x72,0x04,0x72,0x04,0x72,0x04,0x72,0x04,0x72,0x04,0x72,0xe4,0x71,
    0xc3,0x69,0xc3,0x69,0xe4,0x69,0x04,0x72,0x04,0x72,0x25,0x72,0x25,0x72,0x25,0x72,
    0x24,0x72,0x24,0x72,0x04,0x6a,0x05,0x6a,0x04,0x6a,0x04,0x6a,0xe4,0x69,0xe4,0x69,
    0xc4,0x61,0xc4,0x61,0xe4,0x61,0xe4,0x69,0xe4,0x61,0xe4,0x69,0xe4,0x69,0xe4,0x61,
    0xc3,0x61,0xc3,0x61,0xa4,0x59,0xc4,0x61,0xc4,0x61,0xc4,0x59,0xc4,0x59,0xe4,0x59,
    0xa3,0x51,0x44,0x6a,0xcc,0xbc,0xcc,0xbc,0xcc,0xbc,0xcc,0xbc,0xcc,0xbc,0xcc,0xbc,
    0xcc,0xbc,0xcc,0xbc,0xcc,0xbc,0xcc,0xbc,0xcc,0xbc,0xcc,0xbc,0xcc,0xbc,0xcc,0xbc,
    0xcc,0xbc,0xcc,0xbc,0xcc,0xbc,0xcc,0xbc,0xcc,0xbc,0xcc,0xbc,0xcc,0xbc,0xcc,0xbc,
    0xcc,0xbc,0xcc,0xbc,0xcb,0xbc,0xec,0xbc,0x4a,0xb4,0x64,0x7a,0x64,0x82,0x85,0x82,
    0x64,0x82,0x64,0x82,0x64,0x82,0x85,0x82,0x84,0x82,0x84,0x7a,0x84,0x7a,0x84,0x7a,
    0x84,0x7a,0x84,0x82,0x84,0x82,0x84,0x82,0x84,0x82,0x84,0x82,0x84,0x82,0x84,0x82,
    0x85,0x82,0xa5,0x8a,0x84,0x82,0x84,0x82,0x84,0x82,0x84,0x82,0x64,0x82,0x64,0x82,
    0x64,0x82,0x85,0x82,0x64,0x82,0x64,0x82,0x64,0x82,0x64,0x82,0x64,0x82,0x84,0x82,
    0x85,0x82,0x84,0x82,0x64,0x7a,0x44,0x7a,0x44,0x7a,0x44,0x7a,0x24,0x7a,0x24,0x7a,
    0x24,0x7a,0x24,0x7a,0x24,0x7a,0x24,0x7a,0x24,0x7a,0x24,0x7a,0x24,0x7a,0x44,0x7a,
    0x44,0x7a,0x24,0x7a,0x24,0x7a,0x24,0x7a,0x44,0x7a,0x44,0x72,0x44,0x72,0x44,0x72,
    0x44,0x72,0x44,0x72,0x44,0x72,0x44,0x72,0x24,0x72,0x24,0x72,0x04,0x72,0x04,0x72,
    0x24,0x72,0x24,0x72,0x24,0x7a,0x24,0x7a,0x24,0x72,0x04,0x72,0x03,0x72,0x04,0x72,
    0x04,0x72,0x24,0x72,0x24,0x72,0x24,0x72,0x24,0x72,0x04,0x72,0x04,0x72,0x25,0x72,
    0x04,0x72,0x04,0x6a,0xe4,0x69,0x26,0x6a,0x06,0x62,0x43,0x41,0xc2,0x28,0xc2,0x28,
    0xc2,0x30,0x02,0x39,0x06,0x62,0x05,0x62,0xe4,0x61,0xe4,0x69,0xc4,0x61,0xe5,0x61,
    0xc4,0x59,0xe1,0x38,0xa2,0x30,0xc2,0x30,0xa1,0x30,0x02,0x41,0xe5,0x61,0xe4,0x61,
    0xe4,0x61,0xe4,0x69,0xe4,0x69,0xe4,0x69,0xe4,0x69,0x04,0x6a,0x04,0x6a,0x05,0x6a,
    0x25,0x6a,0x25,0x6a,0x05,0x72,0x04,0x72,0x24,0x7a,0x04,0x7a,0x04,0x7a,0xe4,0x71,
    0xe4,0x69,0xc5,0x61,0xc4,0x59,0xe4,0x59,0xc4,0x59,0xc3,0x59,0x82,0x59,0x82,0x61,
    0xa3,0x61,0xa2,0x69,0x82,0x69,0x82,0x61,0x82,0x61,0xa2,0x61,0xc3,0x69,0xc2,0x61,
    0xc3,0x69,0xe3,0x71,0xe3,0x71,0x04,0x72,0x04,0x7a,0x24,0x7a,0x04,0x7a,0x04,0x7a,
    0xe4,0x71,0x04,0x7a,0x04,0x7a,0x24,0x7a,0x04,0x72,0x25,0x72,0x45,0x72,0x25,0x72,
    0x25,0x72,0x25,0x72,0x24,0x72,0x24,0x72,0x24,0x72,0x24,0x72,0x24,0x72,0x24,0x72,
    0x04,0x72,0xe3,0x69,0x04,0x72,0x25,0x72,0x25,0x72,0x25,0x72,0x05,0x72,0x25,0x72,
    0x25,0x7a,0x25,0x7a,0x25,0x7a,0x04,0x72,0x24,0x72,0x24,0x7a,0x44,0x7a,0x25,0x72,
    0x25,0x72,0x25,0x72,0x45,0x72,0x45,0x72,0x45,0x72,0x45,0x72,0x45,0x72,0x44,0x72,
    0x24,0x72,0x24,0x72,0x24,0x72,0x24,0x72,0x24,0x72,0x24,0x72,0x44,0x7a,0x45,0x7a,
    0x24,0x7a,0x24,0x7a,0x04,0x72,0x04,0x7a,0x24,0x7a,0x25,0x7a,0x25,0x7a,0x24,0x7a,
    0x24,0x7a,0x24,0x7a,0x24,0x7a,0x24,0x7a,0x24,0x7a,0x03,0x7a,0x03,0x7a,0x04,0x7a,
    0xe3,0x71,0xe3,0x71,0x04,0x72,0xe3,0x71,0xe4,0x71,0xc3,0x71,0xe3,0x71,0x03,0x72,
    0x24,0x72,0x44,0x72,0x24,0x72,0x24,0x72,0x04,0x7a,0x04,0x72,0x04,0x7a,0x24,0x7a,
    0x24,0x7a,0x24,0x7a,0x24,0x7a,0x04,0x7a,0x04,0x7a,0x04,0x7a,0x24,0x7a,0x24,0x7a,
    0x24,0x7a,0x24,0x7a,0x24,0x7a,0x04,0x7a,0x04,0x72,0x04,0x72,0x04,0x72,0x04,0x72,
    0x24,0x7a,0x24,0x72,0x04,0x72,0x04,0x72,0x04,0x72,0x04,0x72,0x04,0x72,0x04,0x72,
    0x04,0x72,0x04,0x72,0x04,0x6a,0x04,0x72,0x04,0x72,0x25,0x72,0x25,0x72,0x04,0x6a,
    0xe4,0x69,0xe4,0x69,0xe4,0x69,0x04,0x72,0x25,0x72,0x45,0x72,0x45,0x7a,0x25,0x72,
    0x25,0x72,0x45,0x72,0x45,0x72,0x45,0x72,0x45,0x72,0x45,0x72,0x45,0x72,0x25,0x72,
    0x25,0x72,0x04,0x6a,0x04,0x6a,0xe4,0x69,0xc4,0x69,0xe4,0x69,0xe4,0x69,0xe4,0x69,
    0xc4,0x61,0xc4,0x61,0xc4,0x61,0xc4,0x61,0xc4,0x61,0xc4,0x61,0xc4,0x61,0xe4,0x61,
    0xa3,0x59,0x44,0x6a,0xcd,0xbc,0xcc,0xbc,0xcc,0xbc,0xac,0xbc,0xcc,0xbc,0xcc,0xbc,
    0xcc,0xbc,0xcc,0xbc,0xcc,0xbc,0xcc,0xbc,0xcc,0xbc,0xcc,0xbc,0xcc,0xbc,0xcc,0xbc,
};

const lv_image_dsc_t img_cat_bg = {
    .header = {
        .magic = LV_IMAGE_HEADER_MAGIC,
        .cf = LV_COLOR_FORMAT_RGB565,
        .flags = 0,
        .w = 320,
        .h = 208,
        .stride = 640,
        .reserved_2 = 0,
    },
    .data_size = sizeof(img_cat_bg_map),
    .data = img_cat_bg_map,
    .reserved = NULL,
    .reserved_2 = NULL,
};
